model_name,feature,importance
lgbm_gpu_engineered,z2_z_btc_trend_above_sma50__z_btc_rsi_7__div,0.01033
lgbm_gpu_engineered,z2_z_btc_candle_range_pct__z_btc_candle_body_pct__div,0.008084
lgbm_gpu_engineered,z2_z_btc_volume_pct_7d__z_btc_trend_strength_50_200__add,0.007186
lgbm_gpu_engineered,z2_z_btc_rsi_30__z_btc_volume_z_20d__div,0.006512
lgbm_gpu_engineered,z2_z_btc_rsi_14__z_btc_volume_diff_7d__add,0.006512
lgbm_gpu_engineered,z2_z_btc_return_1d__z_btc_candle_body_pct__sub,0.006063
lgbm_gpu_engineered,z2_z_gold_return_7d__z_btc_drawdown_120d__mul,0.005839
lgbm_gpu_engineered,z2_z_btc_volume_pct_7d__z_btc_trend_strength_20_50__div,0.005614
lgbm_gpu_engineered,z2_z_btc_rolling_position_14d__z_sp500_return_1d__div,0.005614
lgbm_gpu_engineered,z2_z_sp500_return_1d__z_btc_candle_range_pct__div,0.005614
lgbm_gpu_engineered,z2_z_btc_return_1d__z_btc_candle_body_abs_pct__div,0.005614
lgbm_gpu_engineered,z2_z_btc_rsi_30__z_btc_rolling_position_60d__div,0.00539
lgbm_gpu_engineered,z2_z_btc_rsi_14__z_btc_rolling_mean_distance_30d__div,0.005165
lgbm_gpu_engineered,z2_z_btc_rsi_14__z_btc_return_1d__mul,0.004716
lgbm_gpu_engineered,z2_z_sp500_return_1d__z_btc_volume_diff_7d__mul,0.004716
lgbm_gpu_engineered,z2_z_btc_trend_above_sma50__z_btc_rsi_30__sub,0.004491
lgbm_gpu_engineered,z_btc_return_lag_30,0.004267
lgbm_gpu_engineered,z2_z_btc_bollinger_width_20d__z_gold_return_7d__sub,0.004267
lgbm_gpu_engineered,z2_z_btc_volume_pct_7d__z_nasdaq_return_1d__mul,0.004267
lgbm_gpu_engineered,z2_z_btc_rolling_position_30d__z_btc_bollinger_lower_distance_20d__div,0.004267
lgbm_gpu_engineered,z2_z_btc_rsi_7__z_btc_volume_z_20d__sub,0.004267
lgbm_gpu_engineered,z2_z_btc_trend_strength_50_200__z_us10y_bp_chg_7d__div,0.004267
lgbm_gpu_engineered,z_btc_upper_wick_pct,0.004042
lgbm_gpu_engineered,z2_z_btc_trend_above_sma50__z_btc_bollinger_lower_distance_20d__sub,0.004042
lgbm_gpu_engineered,z2_z_btc_bollinger_lower_distance_20d__z_btc_rsi_14__div,0.004042
lgbm_gpu_engineered,z2_z_btc_rsi_7__z_btc_return_1d__sub,0.004042
lgbm_gpu_engineered,z2_z_btc_rsi_30__z_sp500_return_1d__div,0.003818
lgbm_gpu_engineered,z2_z_btc_volume_pct_7d__z_btc_rsi_7__div,0.003593
lgbm_gpu_engineered,z2_z_btc_volume_pct_7d__z_btc_candle_body_abs_pct__div,0.003593
lgbm_gpu_engineered,z2_z_nasdaq_return_1d__z_btc_trend_strength_50_200__div,0.003593
lgbm_gpu_engineered,z2_z_btc_trend_strength_50_200__z_us10y_bp_chg_7d__mul,0.003593
lgbm_gpu_engineered,z2_z_btc_bollinger_width_20d__z_btc_volume_z_20d__div,0.003369
lgbm_gpu_engineered,z2_z_btc_rolling_position_20d__z_btc_rolling_position_60d__div,0.003369
lgbm_gpu_engineered,z2_z_btc_volume_pct_7d__z_btc_volume_diff_7d__div,0.003369
lgbm_gpu_engineered,z2_z_nasdaq_return_1d__z_btc_trend_sma7_above_sma30__add,0.003369
lgbm_gpu_engineered,z2_z_gold_return_7d__z_btc_log_volume__div,0.003369
lgbm_gpu_engineered,z2_z_btc_candle_body_abs_pct__z_us10y_bp_chg_7d__mul,0.003369
lgbm_gpu_engineered,z_btc_volume_pct_1d,0.003144
lgbm_gpu_engineered,z2_z_btc_bollinger_width_20d__z_sp500_return_1d__mul,0.003144
lgbm_gpu_engineered,z2_z_btc_volume_pct_7d__z_btc_rolling_position_60d__div,0.003144
lgbm_gpu_engineered,z2_z_btc_volume_pct_7d__z_btc_volume_diff_7d__sub,0.003144
lgbm_gpu_engineered,z2_z_btc_bollinger_percent_b_20d__z_btc_rolling_position_7d__sub,0.003144
lgbm_gpu_engineered,z2_z_btc_rolling_position_7d__z_btc_rsi_7__div,0.003144
lgbm_gpu_engineered,z2_z_btc_rolling_position_7d__z_btc_log_volume__div,0.003144
lgbm_gpu_engineered,z2_z_nasdaq_return_1d__z_btc_trend_strength_50_200__mul,0.003144
lgbm_gpu_engineered,z2_z_btc_trend_sma7_above_sma30__z_btc_candle_body_abs_pct__div,0.003144
lgbm_gpu_engineered,z2_z_btc_return_1d__z_btc_candle_body_pct__div,0.003144
lgbm_gpu_engineered,z2_z_us10y_bp_chg_7d__z_btc_trend_strength_20_50__add,0.003144
lgbm_gpu_engineered,z2_z_btc_volume_pct_7d__z_btc_rolling_position_7d__div,0.002919
lgbm_gpu_engineered,z2_z_btc_bollinger_percent_b_20d__z_btc_rsi_7__div,0.002919
lgbm_gpu_engineered,z2_z_btc_rolling_position_7d__z_btc_trend_strength_20_50__mul,0.002919
lgbm_gpu_engineered,z2_z_btc_rsi_14__z_btc_trend_strength_50_200__mul,0.002919
lgbm_gpu_engineered,z2_z_btc_return_1d__z_btc_rolling_mean_distance_60d__div,0.002919
lgbm_gpu_engineered,z2_z_btc_candle_body_pct__z_btc_trend_strength_50_200__sub,0.002919
lgbm_gpu_engineered,z2_z_btc_volume_diff_7d__z_btc_trend_strength_20_50__div,0.002919
lgbm_gpu_engineered,z2_z_btc_rolling_mean_distance_30d__z_btc_return_14d__sub,0.002919
lgbm_gpu_engineered,z2_z_btc_volume_pct_7d__z_btc_rolling_mean_distance_60d__div,0.002695
lgbm_gpu_engineered,z2_z_btc_rolling_position_30d__z_btc_rsi_14__div,0.002695
lgbm_gpu_engineered,z2_z_btc_bollinger_percent_b_20d__z_btc_candle_range_pct__div,0.002695
lgbm_gpu_engineered,z2_z_btc_bollinger_lower_distance_20d__z_btc_rsi_30__div,0.002695
lgbm_gpu_engineered,z2_z_btc_rsi_30__z_btc_rsi_14__sub,0.002695
lgbm_gpu_engineered,z2_z_btc_trend_above_sma20__z_btc_rolling_mean_distance_60d__div,0.002695
lgbm_gpu_engineered,z2_z_us5y_bp_chg_7d__z_btc_return_1d__div,0.002695
lgbm_gpu_engineered,z2_z_gold_return_7d__z_btc_trend_strength_20_50__div,0.002695
lgbm_gpu_engineered,z2_z_btc_return_1d__z_btc_candle_body_pct__mul,0.002695
lgbm_gpu_engineered,z_nasdaq_return_30d,0.00247
lgbm_gpu_engineered,z2_z_btc_bollinger_width_20d__z_gold_return_7d__div,0.00247
lgbm_gpu_engineered,z2_z_btc_bollinger_width_20d__z_btc_return_1d__mul,0.00247
lgbm_gpu_engineered,z2_z_btc_bollinger_width_20d__z_btc_candle_body_pct__mul,0.00247
lgbm_gpu_engineered,z2_z_btc_rolling_position_20d__z_sp500_return_1d__div,0.00247
lgbm_gpu_engineered,z2_z_btc_volume_pct_7d__z_btc_rsi_30__mul,0.00247
lgbm_gpu_engineered,z2_z_btc_volume_pct_7d__z_btc_rsi_7__sub,0.00247
lgbm_gpu_engineered,z2_z_btc_volume_pct_7d__z_btc_return_1d__sub,0.00247
lgbm_gpu_engineered,z2_z_btc_bollinger_percent_b_20d__z_btc_rolling_position_60d__div,0.00247
lgbm_gpu_engineered,z2_z_btc_rsi_30__z_gold_return_7d__add,0.00247
lgbm_gpu_engineered,z2_z_btc_rsi_30__z_btc_drawdown_120d__mul,0.00247
lgbm_gpu_engineered,z2_z_btc_rolling_position_7d__z_gold_return_7d__div,0.00247
lgbm_gpu_engineered,z2_z_btc_rsi_14__z_btc_rsi_7__sub,0.00247
lgbm_gpu_engineered,z2_z_sp500_return_1d__z_btc_trend_above_sma20__div,0.00247
lgbm_gpu_engineered,z2_z_btc_trend_above_sma20__z_btc_rolling_mean_distance_30d__sub,0.00247
lgbm_gpu_engineered,z2_z_us5y_bp_chg_7d__z_btc_trend_sma7_above_sma30__mul,0.00247
lgbm_gpu_engineered,z2_z_gold_return_7d__z_btc_candle_range_pct__mul,0.00247
lgbm_gpu_engineered,z2_z_gold_return_7d__z_btc_drawdown_120d__div,0.00247
lgbm_gpu_engineered,z2_z_gold_return_7d__z_btc_trend_strength_20_50__sub,0.00247
lgbm_gpu_engineered,z_btc_return_3d,0.002246
lgbm_gpu_engineered,z2_z_btc_volume_pct_7d__z_us10y_bp_chg_7d__div,0.002246
lgbm_gpu_engineered,z2_z_btc_volume_pct_7d__z_btc_drawdown_120d__mul,0.002246
lgbm_gpu_engineered,z2_z_btc_rsi_30__z_us5y_bp_chg_7d__add,0.002246
lgbm_gpu_engineered,z2_z_btc_rsi_30__z_us5y_bp_chg_7d__div,0.002246
lgbm_gpu_engineered,z2_z_btc_rsi_30__z_btc_trend_strength_20_50__div,0.002246
lgbm_gpu_engineered,z2_z_btc_rolling_position_7d__z_btc_return_14d__div,0.002246
lgbm_gpu_engineered,z2_z_us5y_bp_chg_7d__z_btc_drawdown_120d__div,0.002246
lgbm_gpu_engineered,z2_z_us5y_bp_chg_7d__z_btc_log_volume__div,0.002246
lgbm_gpu_engineered,z2_z_gold_return_7d__z_btc_rolling_mean_distance_30d__div,0.002246
lgbm_gpu_engineered,z2_z_btc_bollinger_width_20d__z_btc_bollinger_lower_distance_20d__div,0.002021
lgbm_gpu_engineered,z2_z_btc_rolling_position_20d__z_btc_volume_z_20d__mul,0.002021
lgbm_gpu_engineered,z2_z_btc_volume_pct_7d__z_btc_bollinger_percent_b_20d__sub,0.002021
lgbm_gpu_engineered,z2_z_btc_volume_pct_7d__z_gold_return_7d__div,0.002021
lgbm_gpu_engineered,z2_z_btc_volume_pct_7d__z_btc_return_1d__div,0.002021
lgbm_gpu_engineered,z2_z_btc_volume_pct_7d__z_btc_volume_diff_7d__add,0.002021
lgbm_gpu_engineered,z2_z_btc_bollinger_percent_b_20d__z_btc_candle_body_pct__div,0.002021
lgbm_gpu_engineered,z2_z_btc_rolling_position_7d__z_btc_rolling_position_60d__mul,0.002021
lgbm_gpu_engineered,z2_z_btc_rolling_position_7d__z_btc_candle_body_abs_pct__mul,0.002021
lgbm_gpu_engineered,z2_z_btc_rolling_position_60d__z_btc_volume_diff_7d__mul,0.002021
lgbm_gpu_engineered,z2_z_btc_rsi_14__z_btc_volume_diff_7d__div,0.002021
lgbm_gpu_engineered,z2_z_sp500_return_1d__z_btc_trend_strength_50_200__add,0.002021
lgbm_gpu_engineered,z2_z_nasdaq_return_1d__z_us5y_bp_chg_7d__div,0.002021
lgbm_gpu_engineered,z2_z_nasdaq_return_1d__z_btc_candle_body_pct__div,0.002021
lgbm_gpu_engineered,z2_z_btc_rsi_7__z_btc_candle_body_abs_pct__mul,0.002021
lgbm_gpu_engineered,z2_z_btc_rsi_7__z_btc_volume_z_20d__div,0.002021
lgbm_gpu_engineered,z2_z_us5y_bp_chg_7d__z_btc_trend_strength_20_50__add,0.002021
lgbm_gpu_engineered,z2_z_gold_return_7d__z_btc_volume_z_20d__mul,0.002021
lgbm_gpu_engineered,z2_z_btc_candle_body_pct__z_btc_drawdown_120d__div,0.002021
lgbm_gpu_engineered,z2_z_us10y_bp_chg_7d__z_btc_trend_strength_20_50__div,0.002021
lgbm_gpu_engineered,z_btc_return_lag_7,0.001797
lgbm_gpu_engineered,z_gold_return_1d,0.001797
lgbm_gpu_engineered,z2_z_btc_bollinger_width_20d__z_nasdaq_return_1d__mul,0.001797
lgbm_gpu_engineered,z2_z_btc_bollinger_width_20d__z_btc_volume_z_20d__mul,0.001797
lgbm_gpu_engineered,z2_z_btc_bollinger_width_20d__z_us10y_bp_chg_7d__div,0.001797
lgbm_gpu_engineered,z2_z_btc_bollinger_width_20d__z_btc_return_14d__div,0.001797
lgbm_gpu_engineered,z2_z_btc_rolling_position_20d__z_btc_rsi_7__div,0.001797
lgbm_gpu_engineered,z2_z_btc_rolling_position_20d__z_btc_volume_diff_7d__div,0.001797
lgbm_gpu_engineered,z2_z_btc_volume_pct_7d__z_btc_trend_above_sma50__add,0.001797
lgbm_gpu_engineered,z2_z_btc_volume_pct_7d__z_sp500_return_1d__div,0.001797
lgbm_gpu_engineered,z2_z_btc_volume_pct_7d__z_btc_candle_body_pct__sub,0.001797
lgbm_gpu_engineered,z2_z_btc_rolling_position_30d__z_us5y_bp_chg_7d__div,0.001797
lgbm_gpu_engineered,z2_z_btc_bollinger_percent_b_20d__z_btc_trend_strength_50_200__add,0.001797
lgbm_gpu_engineered,z2_z_btc_bollinger_lower_distance_20d__z_btc_candle_range_pct__mul,0.001797
lgbm_gpu_engineered,z2_z_btc_rsi_30__z_btc_rsi_14__div,0.001797
lgbm_gpu_engineered,z2_z_btc_rolling_position_7d__z_btc_rsi_7__mul,0.001797
lgbm_gpu_engineered,z2_z_btc_rolling_position_7d__z_btc_candle_range_pct__div,0.001797
lgbm_gpu_engineered,z2_z_btc_rsi_14__z_sp500_return_1d__div,0.001797
lgbm_gpu_engineered,z2_z_btc_rsi_14__z_btc_rolling_mean_distance_60d__sub,0.001797
lgbm_gpu_engineered,z2_z_nasdaq_return_1d__z_btc_candle_body_abs_pct__div,0.001797
lgbm_gpu_engineered,z2_z_nasdaq_return_1d__z_btc_trend_strength_50_200__add,0.001797
lgbm_gpu_engineered,z2_z_nasdaq_return_1d__z_btc_log_volume__mul,0.001797
lgbm_gpu_engineered,z2_z_nasdaq_return_1d__z_btc_volume_diff_7d__mul,0.001797
lgbm_gpu_engineered,z2_z_us5y_bp_chg_7d__z_us10y_bp_chg_7d__sub,0.001797
lgbm_gpu_engineered,z2_z_gold_return_7d__z_btc_candle_range_pct__div,0.001797
lgbm_gpu_engineered,z2_z_btc_candle_range_pct__z_btc_candle_body_abs_pct__div,0.001797
lgbm_gpu_engineered,z2_z_btc_candle_body_pct__z_btc_candle_body_abs_pct__div,0.001797
lgbm_gpu_engineered,z2_z_btc_candle_body_abs_pct__z_btc_return_14d__sub,0.001797
lgbm_gpu_engineered,z2_z_btc_volume_z_20d__z_btc_volume_diff_7d__sub,0.001797
lgbm_gpu_engineered,z2_z_btc_bollinger_width_20d__z_us5y_bp_chg_7d__div,0.001572
lgbm_gpu_engineered,z2_z_btc_bollinger_width_20d__z_us10y_bp_chg_7d__mul,0.001572
lgbm_gpu_engineered,z2_z_btc_bollinger_width_20d__z_btc_return_14d__sub,0.001572
lgbm_gpu_engineered,z2_z_btc_rolling_position_20d__z_btc_rsi_14__sub,0.001572
lgbm_gpu_engineered,z2_z_btc_rolling_position_30d__z_btc_return_1d__div,0.001572
lgbm_gpu_engineered,z2_z_btc_bollinger_percent_b_20d__z_btc_rolling_position_7d__div,0.001572
lgbm_gpu_engineered,z2_z_btc_bollinger_percent_b_20d__z_us10y_bp_chg_7d__add,0.001572
lgbm_gpu_engineered,z2_z_btc_rsi_30__z_btc_rsi_7__div,0.001572
lgbm_gpu_engineered,z2_z_btc_rsi_30__z_btc_candle_body_abs_pct__div,0.001572
lgbm_gpu_engineered,z2_z_btc_rolling_position_60d__z_btc_drawdown_120d__mul,0.001572
lgbm_gpu_engineered,z2_z_btc_rolling_position_60d__z_btc_volume_diff_7d__sub,0.001572
lgbm_gpu_engineered,z2_z_sp500_return_1d__z_btc_candle_body_pct__mul,0.001572
lgbm_gpu_engineered,z2_z_btc_trend_above_sma20__z_btc_log_volume__mul,0.001572
lgbm_gpu_engineered,z2_z_btc_rsi_7__z_btc_rolling_mean_distance_60d__div,0.001572
lgbm_gpu_engineered,z2_z_btc_rsi_7__z_btc_log_volume__mul,0.001572
lgbm_gpu_engineered,z2_z_btc_trend_sma50_above_sma200__z_btc_volume_z_20d__div,0.001572
lgbm_gpu_engineered,z2_z_btc_trend_sma50_above_sma200__z_btc_drawdown_120d__div,0.001572
lgbm_gpu_engineered,z2_z_us5y_bp_chg_7d__z_btc_volume_diff_7d__div,0.001572
lgbm_gpu_engineered,z2_z_gold_return_7d__z_btc_candle_body_pct__mul,0.001572
lgbm_gpu_engineered,z2_z_gold_return_7d__z_btc_volume_diff_7d__add,0.001572
lgbm_gpu_engineered,z2_z_btc_candle_range_pct__z_btc_candle_body_abs_pct__sub,0.001572
lgbm_gpu_engineered,z2_z_btc_trend_sma7_above_sma30__z_btc_log_volume__mul,0.001572
lgbm_gpu_engineered,z2_z_btc_trend_sma7_above_sma30__z_btc_return_14d__div,0.001572
lgbm_gpu_engineered,z2_z_btc_return_1d__z_btc_trend_strength_50_200__div,0.001572
lgbm_gpu_engineered,z2_z_btc_rolling_mean_distance_60d__z_btc_log_volume__add,0.001572
lgbm_gpu_engineered,z2_z_btc_rolling_mean_distance_60d__z_btc_volume_diff_7d__sub,0.001572
lgbm_gpu_engineered,z2_z_btc_rolling_mean_distance_60d__z_btc_return_14d__sub,0.001572
lgbm_gpu_engineered,z2_z_btc_candle_body_pct__z_btc_trend_strength_20_50__sub,0.001572
lgbm_gpu_engineered,z2_z_btc_candle_body_abs_pct__z_btc_volume_z_20d__div,0.001572
lgbm_gpu_engineered,z2_z_us10y_bp_chg_7d__z_btc_volume_diff_7d__mul,0.001572
lgbm_gpu_engineered,z_sp500_return_30d,0.001347
lgbm_gpu_engineered,z_us10y_bp_chg_30d,0.001347
lgbm_gpu_engineered,z2_z_btc_bollinger_width_20d__z_btc_rsi_14__div,0.001347
lgbm_gpu_engineered,z2_z_btc_bollinger_width_20d__z_btc_volume_z_20d__add,0.001347
lgbm_gpu_engineered,z2_z_btc_rolling_position_20d__z_btc_rolling_position_14d__mul,0.001347
lgbm_gpu_engineered,z2_z_btc_volume_pct_7d__z_btc_rsi_14__add,0.001347
lgbm_gpu_engineered,z2_z_btc_volume_pct_7d__z_nasdaq_return_1d__div,0.001347
lgbm_gpu_engineered,z2_z_btc_volume_pct_7d__z_btc_trend_strength_50_200__mul,0.001347
lgbm_gpu_engineered,z2_z_btc_volume_pct_7d__z_btc_drawdown_120d__add,0.001347
lgbm_gpu_engineered,z2_z_btc_rolling_position_14d__z_btc_candle_body_abs_pct__div,0.001347
lgbm_gpu_engineered,z2_z_btc_rolling_position_14d__z_btc_trend_strength_50_200__add,0.001347
lgbm_gpu_engineered,z2_z_btc_rolling_position_14d__z_btc_volume_z_20d__sub,0.001347
lgbm_gpu_engineered,z2_z_btc_rolling_position_30d__z_btc_bollinger_percent_b_20d__sub,0.001347
lgbm_gpu_engineered,z2_z_btc_rolling_position_30d__z_btc_rolling_mean_distance_60d__div,0.001347
lgbm_gpu_engineered,z2_z_btc_bollinger_percent_b_20d__z_btc_return_1d__div,0.001347
lgbm_gpu_engineered,z2_z_btc_bollinger_lower_distance_20d__z_btc_rsi_30__sub,0.001347
lgbm_gpu_engineered,z2_z_btc_bollinger_lower_distance_20d__z_btc_trend_strength_50_200__sub,0.001347
lgbm_gpu_engineered,z2_z_btc_bollinger_lower_distance_20d__z_btc_rolling_mean_distance_30d__sub,0.001347
lgbm_gpu_engineered,z2_z_btc_bollinger_lower_distance_20d__z_btc_rolling_mean_distance_30d__div,0.001347
lgbm_gpu_engineered,z2_z_btc_bollinger_lower_distance_20d__z_btc_return_14d__div,0.001347
lgbm_gpu_engineered,z2_z_btc_rsi_30__z_btc_rolling_mean_distance_60d__div,0.001347
lgbm_gpu_engineered,z2_z_btc_rsi_30__z_btc_candle_body_abs_pct__sub,0.001347
lgbm_gpu_engineered,z2_z_btc_rolling_position_60d__z_btc_rolling_mean_distance_60d__div,0.001347
lgbm_gpu_engineered,z2_z_sp500_return_1d__z_us5y_bp_chg_7d__mul,0.001347
lgbm_gpu_engineered,z2_z_sp500_return_1d__z_gold_return_7d__mul,0.001347
lgbm_gpu_engineered,z2_z_sp500_return_1d__z_btc_candle_body_abs_pct__sub,0.001347
lgbm_gpu_engineered,z2_z_sp500_return_1d__z_btc_return_14d__div,0.001347
lgbm_gpu_engineered,z2_z_btc_trend_above_sma20__z_btc_volume_z_20d__div,0.001347
lgbm_gpu_engineered,z2_z_nasdaq_return_1d__z_btc_volume_diff_7d__div,0.001347
lgbm_gpu_engineered,z2_z_btc_trend_sma50_above_sma200__z_us5y_bp_chg_7d__mul,0.001347
lgbm_gpu_engineered,z2_z_btc_trend_sma50_above_sma200__z_btc_candle_body_abs_pct__sub,0.001347
lgbm_gpu_engineered,z2_z_us5y_bp_chg_7d__z_btc_trend_sma7_above_sma30__div,0.001347
lgbm_gpu_engineered,z2_z_gold_return_7d__z_btc_rolling_mean_distance_60d__mul,0.001347
lgbm_gpu_engineered,z2_z_gold_return_7d__z_btc_rolling_mean_distance_60d__add,0.001347
lgbm_gpu_engineered,z2_z_gold_return_7d__z_btc_rolling_mean_distance_60d__div,0.001347
lgbm_gpu_engineered,z2_z_gold_return_7d__z_btc_trend_strength_50_200__div,0.001347
lgbm_gpu_engineered,z2_z_btc_return_1d__z_us10y_bp_chg_7d__mul,0.001347
lgbm_gpu_engineered,z2_z_btc_rolling_mean_distance_60d__z_btc_log_volume__mul,0.001347
lgbm_gpu_engineered,z2_z_btc_candle_body_pct__z_btc_trend_strength_20_50__div,0.001347
lgbm_gpu_engineered,z2_z_us10y_bp_chg_7d__z_btc_drawdown_120d__div,0.001347
lgbm_gpu_engineered,z2_z_us10y_bp_chg_7d__z_btc_volume_diff_7d__div,0.001347
lgbm_gpu_engineered,z_btc_volume_ratio_7d,0.001123
lgbm_gpu_engineered,z2_z_btc_bollinger_width_20d__z_btc_rolling_position_20d__add,0.001123
lgbm_gpu_engineered,z2_z_btc_bollinger_width_20d__z_btc_rolling_position_7d__mul,0.001123
lgbm_gpu_engineered,z2_z_btc_bollinger_width_20d__z_gold_return_7d__add,0.001123
lgbm_gpu_engineered,z2_z_btc_bollinger_width_20d__z_btc_candle_range_pct__div,0.001123
lgbm_gpu_engineered,z2_z_btc_bollinger_width_20d__z_btc_rolling_mean_distance_60d__sub,0.001123
lgbm_gpu_engineered,z2_z_btc_bollinger_width_20d__z_btc_trend_strength_50_200__div,0.001123
lgbm_gpu_engineered,z2_z_btc_bollinger_width_20d__z_btc_log_volume__div,0.001123
lgbm_gpu_engineered,z2_z_btc_bollinger_width_20d__z_btc_trend_strength_20_50__mul,0.001123
lgbm_gpu_engineered,z2_z_btc_rolling_position_20d__z_btc_rolling_position_14d__sub,0.001123
lgbm_gpu_engineered,z2_z_btc_rolling_position_20d__z_btc_bollinger_percent_b_20d__sub,0.001123
lgbm_gpu_engineered,z2_z_btc_rolling_position_20d__z_btc_bollinger_percent_b_20d__div,0.001123
lgbm_gpu_engineered,z2_z_btc_rolling_position_20d__z_btc_rsi_14__div,0.001123
lgbm_gpu_engineered,z2_z_btc_rolling_position_20d__z_sp500_return_1d__mul,0.001123
lgbm_gpu_engineered,z2_z_btc_volume_pct_7d__z_btc_rolling_position_14d__div,0.001123
lgbm_gpu_engineered,z2_z_btc_volume_pct_7d__z_btc_rolling_position_60d__sub,0.001123
lgbm_gpu_engineered,z2_z_btc_volume_pct_7d__z_us10y_bp_chg_7d__mul,0.001123
lgbm_gpu_engineered,z2_z_btc_volume_pct_7d__z_btc_rolling_mean_distance_30d__mul,0.001123
lgbm_gpu_engineered,z2_z_btc_rolling_position_30d__z_btc_rsi_14__mul,0.001123
lgbm_gpu_engineered,z2_z_btc_trend_above_sma50__z_gold_return_7d__mul,0.001123
lgbm_gpu_engineered,z2_z_btc_bollinger_percent_b_20d__z_btc_rsi_30__mul,0.001123
lgbm_gpu_engineered,z2_z_btc_bollinger_percent_b_20d__z_btc_rsi_7__sub,0.001123
lgbm_gpu_engineered,z2_z_btc_bollinger_percent_b_20d__z_gold_return_7d__add,0.001123
lgbm_gpu_engineered,z2_z_btc_bollinger_percent_b_20d__z_btc_log_volume__mul,0.001123
lgbm_gpu_engineered,z2_z_btc_bollinger_lower_distance_20d__z_us5y_bp_chg_7d__add,0.001123
lgbm_gpu_engineered,z2_z_btc_bollinger_lower_distance_20d__z_btc_candle_body_pct__mul,0.001123
lgbm_gpu_engineered,z2_z_btc_rsi_30__z_btc_rolling_position_60d__sub,0.001123
lgbm_gpu_engineered,z2_z_btc_rsi_30__z_us10y_bp_chg_7d__add,0.001123
lgbm_gpu_engineered,z2_z_btc_rsi_30__z_btc_drawdown_120d__sub,0.001123
lgbm_gpu_engineered,z2_z_btc_rolling_position_7d__z_btc_drawdown_120d__div,0.001123
lgbm_gpu_engineered,z2_z_btc_rolling_position_60d__z_btc_rsi_7__sub,0.001123
lgbm_gpu_engineered,z2_z_btc_rolling_position_60d__z_btc_volume_diff_7d__div,0.001123
lgbm_gpu_engineered,z2_z_btc_rolling_position_60d__z_btc_trend_strength_20_50__div,0.001123
lgbm_gpu_engineered,z2_z_btc_rsi_14__z_btc_trend_strength_50_200__sub,0.001123
lgbm_gpu_engineered,z2_z_btc_rsi_14__z_btc_volume_z_20d__mul,0.001123
lgbm_gpu_engineered,z2_z_sp500_return_1d__z_nasdaq_return_1d__mul,0.001123
lgbm_gpu_engineered,z2_z_sp500_return_1d__z_btc_trend_strength_50_200__mul,0.001123
lgbm_gpu_engineered,z2_z_btc_trend_above_sma20__z_us5y_bp_chg_7d__div,0.001123
lgbm_gpu_engineered,z2_z_btc_trend_above_sma20__z_btc_log_volume__sub,0.001123
lgbm_gpu_engineered,z2_z_nasdaq_return_1d__z_btc_rolling_mean_distance_60d__sub,0.001123
lgbm_gpu_engineered,z2_z_nasdaq_return_1d__z_btc_rolling_mean_distance_30d__sub,0.001123
lgbm_gpu_engineered,z2_z_btc_rsi_7__z_btc_candle_body_pct__div,0.001123
lgbm_gpu_engineered,z2_z_btc_rsi_7__z_us10y_bp_chg_7d__mul,0.001123
lgbm_gpu_engineered,z2_z_btc_rsi_7__z_btc_drawdown_120d__mul,0.001123
lgbm_gpu_engineered,z2_z_btc_rsi_7__z_btc_log_volume__div,0.001123
lgbm_gpu_engineered,z2_z_btc_rsi_7__z_btc_trend_strength_20_50__div,0.001123
lgbm_gpu_engineered,z2_z_btc_rsi_7__z_btc_rolling_mean_distance_30d__div,0.001123
lgbm_gpu_engineered,z2_z_btc_trend_sma50_above_sma200__z_btc_rolling_mean_distance_60d__div,0.001123
lgbm_gpu_engineered,z2_z_btc_trend_sma50_above_sma200__z_btc_candle_body_pct__sub,0.001123
lgbm_gpu_engineered,z2_z_us5y_bp_chg_7d__z_gold_return_7d__div,0.001123
lgbm_gpu_engineered,z2_z_us5y_bp_chg_7d__z_btc_candle_body_pct__div,0.001123
lgbm_gpu_engineered,z2_z_us5y_bp_chg_7d__z_btc_trend_strength_50_200__div,0.001123
lgbm_gpu_engineered,z2_z_us5y_bp_chg_7d__z_btc_volume_diff_7d__mul,0.001123
lgbm_gpu_engineered,z2_z_btc_candle_range_pct__z_btc_return_1d__div,0.001123
lgbm_gpu_engineered,z2_z_btc_return_1d__z_btc_trend_strength_20_50__sub,0.001123
lgbm_gpu_engineered,z2_z_btc_rolling_mean_distance_60d__z_btc_trend_strength_50_200__sub,0.001123
lgbm_gpu_engineered,z2_z_btc_rolling_mean_distance_60d__z_btc_log_volume__div,0.001123
lgbm_gpu_engineered,z2_z_btc_candle_body_pct__z_us10y_bp_chg_7d__mul,0.001123
lgbm_gpu_engineered,z2_z_btc_candle_body_pct__z_btc_log_volume__add,0.001123
lgbm_gpu_engineered,z2_z_btc_trend_strength_50_200__z_btc_drawdown_120d__div,0.001123
lgbm_gpu_engineered,z2_z_btc_trend_strength_50_200__z_btc_log_volume__mul,0.001123
lgbm_gpu_engineered,z2_z_btc_trend_strength_50_200__z_btc_rolling_mean_distance_30d__sub,0.001123
lgbm_gpu_engineered,z2_z_btc_volume_z_20d__z_btc_trend_strength_20_50__sub,0.001123
lgbm_gpu_engineered,z2_z_us10y_bp_chg_7d__z_btc_drawdown_120d__mul,0.001123
lgbm_gpu_engineered,z2_z_btc_drawdown_120d__z_btc_volume_diff_7d__mul,0.001123
lgbm_gpu_engineered,z2_z_btc_log_volume__z_btc_rolling_mean_distance_30d__mul,0.001123
lgbm_gpu_engineered,z_btc_lower_wick_pct,0.000898
lgbm_gpu_engineered,z_btc_close_location,0.000898
lgbm_gpu_engineered,z_btc_volume_z_7d,0.000898
lgbm_gpu_engineered,z_btc_volume_z_30d,0.000898
lgbm_gpu_engineered,z2_z_btc_bollinger_width_20d__z_btc_volume_pct_7d__mul,0.000898
lgbm_gpu_engineered,z2_z_btc_bollinger_width_20d__z_btc_rolling_position_14d__div,0.000898
lgbm_gpu_engineered,z2_z_btc_bollinger_width_20d__z_btc_rsi_14__sub,0.000898
lgbm_gpu_engineered,z2_z_btc_bollinger_width_20d__z_gold_return_7d__mul,0.000898
lgbm_gpu_engineered,z2_z_btc_bollinger_width_20d__z_btc_candle_range_pct__mul,0.000898
lgbm_gpu_engineered,z2_z_btc_bollinger_width_20d__z_btc_candle_body_abs_pct__div,0.000898
lgbm_gpu_engineered,z2_z_btc_bollinger_width_20d__z_btc_trend_strength_50_200__sub,0.000898
lgbm_gpu_engineered,z2_z_btc_bollinger_width_20d__z_btc_log_volume__sub,0.000898
lgbm_gpu_engineered,z2_z_btc_rolling_position_20d__z_btc_rolling_position_60d__mul,0.000898
lgbm_gpu_engineered,z2_z_btc_rolling_position_20d__z_sp500_return_1d__add,0.000898
lgbm_gpu_engineered,z2_z_btc_rolling_position_20d__z_btc_rsi_7__sub,0.000898
lgbm_gpu_engineered,z2_z_btc_rolling_position_20d__z_btc_volume_z_20d__div,0.000898
lgbm_gpu_engineered,z2_z_btc_volume_pct_7d__z_btc_rsi_14__sub,0.000898
lgbm_gpu_engineered,z2_z_btc_volume_pct_7d__z_btc_candle_range_pct__sub,0.000898
lgbm_gpu_engineered,z2_z_btc_volume_pct_7d__z_btc_return_1d__mul,0.000898
lgbm_gpu_engineered,z2_z_btc_rolling_position_14d__z_btc_bollinger_lower_distance_20d__div,0.000898
lgbm_gpu_engineered,z2_z_btc_rolling_position_14d__z_btc_rolling_position_7d__div,0.000898
lgbm_gpu_engineered,z2_z_btc_rolling_position_14d__z_nasdaq_return_1d__div,0.000898
lgbm_gpu_engineered,z2_z_btc_rolling_position_14d__z_us5y_bp_chg_7d__add,0.000898
lgbm_gpu_engineered,z2_z_btc_rolling_position_14d__z_btc_candle_range_pct__sub,0.000898
lgbm_gpu_engineered,z2_z_btc_rolling_position_14d__z_btc_return_14d__div,0.000898
lgbm_gpu_engineered,z2_z_btc_rolling_position_30d__z_btc_rsi_30__sub,0.000898
lgbm_gpu_engineered,z2_z_btc_rolling_position_30d__z_btc_rsi_14__sub,0.000898
lgbm_gpu_engineered,z2_z_btc_rolling_position_30d__z_btc_rsi_7__sub,0.000898
lgbm_gpu_engineered,z2_z_btc_trend_above_sma50__z_sp500_return_1d__add,0.000898
lgbm_gpu_engineered,z2_z_btc_trend_above_sma50__z_us5y_bp_chg_7d__mul,0.000898
lgbm_gpu_engineered,z2_z_btc_trend_above_sma50__z_btc_volume_z_20d__div,0.000898
lgbm_gpu_engineered,z2_z_btc_trend_above_sma50__z_btc_drawdown_120d__sub,0.000898
lgbm_gpu_engineered,z2_z_btc_trend_above_sma50__z_btc_drawdown_120d__div,0.000898
lgbm_gpu_engineered,z2_z_btc_bollinger_percent_b_20d__z_gold_return_7d__div,0.000898
lgbm_gpu_engineered,z2_z_btc_bollinger_percent_b_20d__z_btc_candle_body_abs_pct__div,0.000898
lgbm_gpu_engineered,z2_z_btc_bollinger_percent_b_20d__z_btc_trend_strength_50_200__div,0.000898
lgbm_gpu_engineered,z2_z_btc_bollinger_percent_b_20d__z_btc_volume_z_20d__mul,0.000898
lgbm_gpu_engineered,z2_z_btc_bollinger_percent_b_20d__z_btc_volume_diff_7d__sub,0.000898
lgbm_gpu_engineered,z2_z_btc_bollinger_lower_distance_20d__z_sp500_return_1d__div,0.000898
lgbm_gpu_engineered,z2_z_btc_bollinger_lower_distance_20d__z_us5y_bp_chg_7d__div,0.000898
lgbm_gpu_engineered,z2_z_btc_bollinger_lower_distance_20d__z_gold_return_7d__add,0.000898
lgbm_gpu_engineered,z2_z_btc_bollinger_lower_distance_20d__z_btc_volume_z_20d__sub,0.000898
lgbm_gpu_engineered,z2_z_btc_bollinger_lower_distance_20d__z_us10y_bp_chg_7d__div,0.000898
lgbm_gpu_engineered,z2_z_btc_rsi_30__z_btc_rolling_position_7d__div,0.000898
lgbm_gpu_engineered,z2_z_btc_rsi_30__z_btc_rolling_position_60d__mul,0.000898
lgbm_gpu_engineered,z2_z_btc_rsi_30__z_nasdaq_return_1d__mul,0.000898
lgbm_gpu_engineered,z2_z_btc_rsi_30__z_gold_return_7d__div,0.000898
lgbm_gpu_engineered,z2_z_btc_rolling_position_7d__z_nasdaq_return_1d__mul,0.000898
lgbm_gpu_engineered,z2_z_btc_rolling_position_7d__z_btc_rsi_7__sub,0.000898
lgbm_gpu_engineered,z2_z_btc_rolling_position_7d__z_gold_return_7d__mul,0.000898
lgbm_gpu_engineered,z2_z_btc_rolling_position_7d__z_btc_trend_strength_20_50__div,0.000898
lgbm_gpu_engineered,z2_z_btc_rolling_position_60d__z_btc_rsi_14__div,0.000898
lgbm_gpu_engineered,z2_z_btc_rolling_position_60d__z_us10y_bp_chg_7d__mul,0.000898
lgbm_gpu_engineered,z2_z_btc_rsi_14__z_btc_return_14d__mul,0.000898
lgbm_gpu_engineered,z2_z_sp500_return_1d__z_nasdaq_return_1d__sub,0.000898
lgbm_gpu_engineered,z2_z_sp500_return_1d__z_us5y_bp_chg_7d__div,0.000898
lgbm_gpu_engineered,z2_z_sp500_return_1d__z_btc_rolling_mean_distance_60d__mul,0.000898
lgbm_gpu_engineered,z2_z_sp500_return_1d__z_btc_trend_strength_50_200__sub,0.000898
lgbm_gpu_engineered,z2_z_sp500_return_1d__z_btc_volume_diff_7d__div,0.000898
lgbm_gpu_engineered,z2_z_btc_trend_above_sma20__z_btc_rsi_7__mul,0.000898
lgbm_gpu_engineered,z2_z_btc_trend_above_sma20__z_btc_rsi_7__sub,0.000898
lgbm_gpu_engineered,z2_z_btc_trend_above_sma20__z_btc_candle_range_pct__div,0.000898
lgbm_gpu_engineered,z2_z_nasdaq_return_1d__z_btc_return_1d__mul,0.000898
lgbm_gpu_engineered,z2_z_nasdaq_return_1d__z_btc_return_1d__div,0.000898
lgbm_gpu_engineered,z2_z_nasdaq_return_1d__z_us10y_bp_chg_7d__mul,0.000898
lgbm_gpu_engineered,z2_z_nasdaq_return_1d__z_btc_trend_strength_20_50__sub,0.000898
lgbm_gpu_engineered,z2_z_btc_rsi_7__z_us5y_bp_chg_7d__mul,0.000898
lgbm_gpu_engineered,z2_z_btc_rsi_7__z_us5y_bp_chg_7d__add,0.000898
lgbm_gpu_engineered,z2_z_btc_rsi_7__z_btc_return_1d__div,0.000898
lgbm_gpu_engineered,z2_z_btc_rsi_7__z_btc_trend_strength_50_200__div,0.000898
lgbm_gpu_engineered,z2_z_btc_rsi_7__z_btc_volume_diff_7d__mul,0.000898
lgbm_gpu_engineered,z2_z_btc_trend_sma50_above_sma200__z_btc_rolling_mean_distance_60d__mul,0.000898
lgbm_gpu_engineered,z2_z_btc_trend_sma50_above_sma200__z_btc_trend_strength_50_200__div,0.000898
lgbm_gpu_engineered,z2_z_btc_trend_sma50_above_sma200__z_btc_return_14d__div,0.000898
lgbm_gpu_engineered,z2_z_us5y_bp_chg_7d__z_btc_drawdown_120d__mul,0.000898
lgbm_gpu_engineered,z2_z_gold_return_7d__z_btc_candle_body_abs_pct__div,0.000898
lgbm_gpu_engineered,z2_z_gold_return_7d__z_btc_log_volume__mul,0.000898
lgbm_gpu_engineered,z2_z_gold_return_7d__z_btc_log_volume__add,0.000898
lgbm_gpu_engineered,z2_z_gold_return_7d__z_btc_volume_diff_7d__mul,0.000898
lgbm_gpu_engineered,z2_z_gold_return_7d__z_btc_trend_strength_20_50__mul,0.000898
lgbm_gpu_engineered,z2_z_btc_candle_range_pct__z_us10y_bp_chg_7d__div,0.000898
lgbm_gpu_engineered,z2_z_btc_trend_sma7_above_sma30__z_btc_volume_z_20d__div,0.000898
lgbm_gpu_engineered,z2_z_btc_trend_sma7_above_sma30__z_btc_drawdown_120d__sub,0.000898
lgbm_gpu_engineered,z2_z_btc_return_1d__z_btc_log_volume__sub,0.000898
lgbm_gpu_engineered,z2_z_btc_return_1d__z_btc_trend_strength_20_50__div,0.000898
lgbm_gpu_engineered,z2_z_btc_rolling_mean_distance_60d__z_btc_candle_body_abs_pct__add,0.000898
lgbm_gpu_engineered,z2_z_btc_candle_body_pct__z_btc_log_volume__mul,0.000898
lgbm_gpu_engineered,z2_z_btc_candle_body_pct__z_btc_return_14d__div,0.000898
lgbm_gpu_engineered,z2_z_btc_candle_body_abs_pct__z_btc_volume_diff_7d__sub,0.000898
lgbm_gpu_engineered,z2_z_btc_candle_body_abs_pct__z_btc_trend_strength_20_50__mul,0.000898
lgbm_gpu_engineered,z2_z_btc_trend_strength_50_200__z_us10y_bp_chg_7d__add,0.000898
lgbm_gpu_engineered,z2_z_btc_volume_z_20d__z_btc_log_volume__mul,0.000898
lgbm_gpu_engineered,z2_z_btc_volume_z_20d__z_btc_volume_diff_7d__div,0.000898
lgbm_gpu_engineered,z2_z_btc_volume_z_20d__z_btc_trend_strength_20_50__mul,0.000898
lgbm_gpu_engineered,z2_z_us10y_bp_chg_7d__z_btc_log_volume__sub,0.000898
lgbm_gpu_engineered,z2_z_btc_drawdown_120d__z_btc_volume_diff_7d__sub,0.000898
lgbm_gpu_engineered,z2_z_btc_log_volume__z_btc_volume_diff_7d__div,0.000898
lgbm_gpu_engineered,z2_z_btc_log_volume__z_btc_trend_strength_20_50__add,0.000898
lgbm_gpu_engineered,z_btc_volume_ratio_30d,0.000674
lgbm_gpu_engineered,z_sp500_return_7d,0.000674
lgbm_gpu_engineered,z_nasdaq_return_7d,0.000674
lgbm_gpu_engineered,z_us30y_bp_chg_30d,0.000674
lgbm_gpu_engineered,z_us5y_bp_chg_30d,0.000674
lgbm_gpu_engineered,z2_z_btc_bollinger_width_20d__z_btc_volume_pct_7d__add,0.000674
lgbm_gpu_engineered,z2_z_btc_bollinger_width_20d__z_btc_candle_body_abs_pct__mul,0.000674
lgbm_gpu_engineered,z2_z_btc_bollinger_width_20d__z_btc_drawdown_120d__div,0.000674
lgbm_gpu_engineered,z2_z_btc_bollinger_width_20d__z_btc_log_volume__mul,0.000674
lgbm_gpu_engineered,z2_z_btc_bollinger_width_20d__z_btc_volume_diff_7d__mul,0.000674
lgbm_gpu_engineered,z2_z_btc_bollinger_width_20d__z_btc_trend_strength_20_50__sub,0.000674
lgbm_gpu_engineered,z2_z_btc_rolling_position_20d__z_btc_rolling_position_14d__div,0.000674
lgbm_gpu_engineered,z2_z_btc_rolling_position_20d__z_btc_rolling_position_30d__div,0.000674
lgbm_gpu_engineered,z2_z_btc_rolling_position_20d__z_btc_bollinger_lower_distance_20d__div,0.000674
lgbm_gpu_engineered,z2_z_btc_rolling_position_20d__z_btc_rolling_position_7d__mul,0.000674
lgbm_gpu_engineered,z2_z_btc_rolling_position_20d__z_btc_rsi_14__mul,0.000674
lgbm_gpu_engineered,z2_z_btc_rolling_position_20d__z_btc_trend_above_sma20__mul,0.000674
lgbm_gpu_engineered,z2_z_btc_rolling_position_20d__z_btc_candle_range_pct__mul,0.000674
lgbm_gpu_engineered,z2_z_btc_rolling_position_20d__z_btc_candle_range_pct__div,0.000674
lgbm_gpu_engineered,z2_z_btc_volume_pct_7d__z_btc_bollinger_percent_b_20d__div,0.000674
lgbm_gpu_engineered,z2_z_btc_volume_pct_7d__z_btc_rsi_30__sub,0.000674
lgbm_gpu_engineered,z2_z_btc_volume_pct_7d__z_btc_rsi_30__div,0.000674
lgbm_gpu_engineered,z2_z_btc_volume_pct_7d__z_btc_rolling_position_7d__mul,0.000674
lgbm_gpu_engineered,z2_z_btc_volume_pct_7d__z_btc_rolling_position_7d__sub,0.000674
lgbm_gpu_engineered,z2_z_btc_volume_pct_7d__z_sp500_return_1d__add,0.000674
lgbm_gpu_engineered,z2_z_btc_volume_pct_7d__z_btc_trend_strength_50_200__sub,0.000674
lgbm_gpu_engineered,z2_z_btc_volume_pct_7d__z_btc_trend_strength_50_200__div,0.000674
lgbm_gpu_engineered,z2_z_btc_volume_pct_7d__z_btc_volume_z_20d__div,0.000674
lgbm_gpu_engineered,z2_z_btc_rolling_position_14d__z_btc_bollinger_percent_b_20d__sub,0.000674
lgbm_gpu_engineered,z2_z_btc_rolling_position_14d__z_btc_candle_range_pct__div,0.000674
lgbm_gpu_engineered,z2_z_btc_rolling_position_14d__z_btc_return_1d__sub,0.000674
lgbm_gpu_engineered,z2_z_btc_rolling_position_30d__z_btc_rolling_position_7d__div,0.000674
lgbm_gpu_engineered,z2_z_btc_rolling_position_30d__z_us5y_bp_chg_7d__mul,0.000674
lgbm_gpu_engineered,z2_z_btc_rolling_position_30d__z_gold_return_7d__sub,0.000674
lgbm_gpu_engineered,z2_z_btc_rolling_position_30d__z_btc_candle_body_pct__div,0.000674
lgbm_gpu_engineered,z2_z_btc_rolling_position_30d__z_btc_candle_body_abs_pct__mul,0.000674
lgbm_gpu_engineered,z2_z_btc_rolling_position_30d__z_btc_volume_z_20d__mul,0.000674
lgbm_gpu_engineered,z2_z_btc_rolling_position_30d__z_us10y_bp_chg_7d__mul,0.000674
lgbm_gpu_engineered,z2_z_btc_rolling_position_30d__z_btc_log_volume__add,0.000674
lgbm_gpu_engineered,z2_z_btc_rolling_position_30d__z_btc_rolling_mean_distance_30d__sub,0.000674
lgbm_gpu_engineered,z2_z_btc_rolling_position_30d__z_btc_rolling_mean_distance_30d__div,0.000674
lgbm_gpu_engineered,z2_z_btc_rolling_position_30d__z_btc_return_14d__sub,0.000674
lgbm_gpu_engineered,z2_z_btc_trend_above_sma50__z_sp500_return_1d__div,0.000674
lgbm_gpu_engineered,z2_z_btc_trend_above_sma50__z_us5y_bp_chg_7d__sub,0.000674
lgbm_gpu_engineered,z2_z_btc_bollinger_percent_b_20d__z_btc_rolling_position_60d__sub,0.000674
lgbm_gpu_engineered,z2_z_btc_bollinger_percent_b_20d__z_btc_trend_sma50_above_sma200__add,0.000674
lgbm_gpu_engineered,z2_z_btc_bollinger_percent_b_20d__z_gold_return_7d__mul,0.000674
lgbm_gpu_engineered,z2_z_btc_bollinger_percent_b_20d__z_us10y_bp_chg_7d__mul,0.000674
lgbm_gpu_engineered,z2_z_btc_bollinger_lower_distance_20d__z_btc_candle_body_abs_pct__mul,0.000674
lgbm_gpu_engineered,z2_z_btc_bollinger_lower_distance_20d__z_btc_candle_body_abs_pct__div,0.000674
lgbm_gpu_engineered,z2_z_btc_rsi_30__z_sp500_return_1d__sub,0.000674
lgbm_gpu_engineered,z2_z_btc_rsi_30__z_btc_trend_strength_50_200__add,0.000674
lgbm_gpu_engineered,z2_z_btc_rsi_30__z_btc_volume_z_20d__mul,0.000674
lgbm_gpu_engineered,z2_z_btc_rsi_30__z_btc_volume_diff_7d__sub,0.000674
lgbm_gpu_engineered,z2_z_btc_rsi_30__z_btc_return_14d__sub,0.000674
lgbm_gpu_engineered,z2_z_btc_rolling_position_7d__z_btc_rsi_14__sub,0.000674
lgbm_gpu_engineered,z2_z_btc_rolling_position_7d__z_btc_rsi_14__div,0.000674
lgbm_gpu_engineered,z2_z_btc_rolling_position_7d__z_sp500_return_1d__div,0.000674
lgbm_gpu_engineered,z2_z_btc_rolling_position_7d__z_us5y_bp_chg_7d__sub,0.000674
lgbm_gpu_engineered,z2_z_btc_rolling_position_7d__z_btc_candle_body_pct__div,0.000674
lgbm_gpu_engineered,z2_z_btc_rolling_position_7d__z_btc_trend_strength_50_200__mul,0.000674
lgbm_gpu_engineered,z2_z_btc_rolling_position_7d__z_btc_volume_z_20d__div,0.000674
lgbm_gpu_engineered,z2_z_btc_rolling_position_7d__z_btc_return_14d__mul,0.000674
lgbm_gpu_engineered,z2_z_btc_rolling_position_7d__z_btc_return_14d__sub,0.000674
lgbm_gpu_engineered,z2_z_btc_rolling_position_60d__z_btc_rsi_7__div,0.000674
lgbm_gpu_engineered,z2_z_btc_rolling_position_60d__z_btc_candle_body_pct__div,0.000674
lgbm_gpu_engineered,z2_z_btc_rolling_position_60d__z_btc_candle_body_abs_pct__div,0.000674
lgbm_gpu_engineered,z2_z_btc_rsi_14__z_sp500_return_1d__mul,0.000674
lgbm_gpu_engineered,z2_z_btc_rsi_14__z_nasdaq_return_1d__div,0.000674
lgbm_gpu_engineered,z2_z_btc_rsi_14__z_us5y_bp_chg_7d__sub,0.000674
lgbm_gpu_engineered,z2_z_btc_rsi_14__z_us5y_bp_chg_7d__div,0.000674
lgbm_gpu_engineered,z2_z_btc_rsi_14__z_gold_return_7d__mul,0.000674
lgbm_gpu_engineered,z2_z_btc_rsi_14__z_btc_candle_body_abs_pct__add,0.000674
lgbm_gpu_engineered,z2_z_btc_rsi_14__z_us10y_bp_chg_7d__add,0.000674
lgbm_gpu_engineered,z2_z_btc_rsi_14__z_btc_volume_diff_7d__sub,0.000674
lgbm_gpu_engineered,z2_z_sp500_return_1d__z_btc_rsi_7__mul,0.000674
lgbm_gpu_engineered,z2_z_sp500_return_1d__z_btc_rsi_7__sub,0.000674
lgbm_gpu_engineered,z2_z_sp500_return_1d__z_us5y_bp_chg_7d__add,0.000674
lgbm_gpu_engineered,z2_z_sp500_return_1d__z_gold_return_7d__div,0.000674
lgbm_gpu_engineered,z2_z_sp500_return_1d__z_btc_candle_range_pct__sub,0.000674
lgbm_gpu_engineered,z2_z_sp500_return_1d__z_btc_candle_body_pct__div,0.000674
lgbm_gpu_engineered,z2_z_sp500_return_1d__z_us10y_bp_chg_7d__div,0.000674
lgbm_gpu_engineered,z2_z_sp500_return_1d__z_btc_log_volume__div,0.000674
lgbm_gpu_engineered,z2_z_sp500_return_1d__z_btc_trend_strength_20_50__div,0.000674
lgbm_gpu_engineered,z2_z_sp500_return_1d__z_btc_rolling_mean_distance_30d__add,0.000674
lgbm_gpu_engineered,z2_z_sp500_return_1d__z_btc_rolling_mean_distance_30d__div,0.000674
lgbm_gpu_engineered,z2_z_btc_trend_above_sma20__z_btc_return_14d__sub,0.000674
lgbm_gpu_engineered,z2_z_nasdaq_return_1d__z_btc_trend_sma50_above_sma200__div,0.000674
lgbm_gpu_engineered,z2_z_nasdaq_return_1d__z_us5y_bp_chg_7d__add,0.000674
lgbm_gpu_engineered,z2_z_nasdaq_return_1d__z_gold_return_7d__mul,0.000674
lgbm_gpu_engineered,z2_z_nasdaq_return_1d__z_gold_return_7d__add,0.000674
lgbm_gpu_engineered,z2_z_nasdaq_return_1d__z_btc_candle_range_pct__sub,0.000674
lgbm_gpu_engineered,z2_z_nasdaq_return_1d__z_btc_trend_sma7_above_sma30__mul,0.000674
lgbm_gpu_engineered,z2_z_nasdaq_return_1d__z_btc_rolling_mean_distance_60d__div,0.000674
lgbm_gpu_engineered,z2_z_nasdaq_return_1d__z_btc_candle_body_pct__add,0.000674
lgbm_gpu_engineered,z2_z_nasdaq_return_1d__z_btc_candle_body_abs_pct__mul,0.000674
lgbm_gpu_engineered,z2_z_nasdaq_return_1d__z_btc_volume_z_20d__div,0.000674
lgbm_gpu_engineered,z2_z_nasdaq_return_1d__z_us10y_bp_chg_7d__sub,0.000674
lgbm_gpu_engineered,z2_z_nasdaq_return_1d__z_btc_trend_strength_20_50__mul,0.000674
lgbm_gpu_engineered,z2_z_nasdaq_return_1d__z_btc_rolling_mean_distance_30d__div,0.000674
lgbm_gpu_engineered,z2_z_btc_rsi_7__z_us5y_bp_chg_7d__sub,0.000674
lgbm_gpu_engineered,z2_z_btc_rsi_7__z_btc_candle_range_pct__mul,0.000674
lgbm_gpu_engineered,z2_z_btc_rsi_7__z_btc_trend_sma7_above_sma30__sub,0.000674
lgbm_gpu_engineered,z2_z_btc_rsi_7__z_btc_trend_sma7_above_sma30__div,0.000674
lgbm_gpu_engineered,z2_z_btc_rsi_7__z_btc_candle_body_abs_pct__div,0.000674
lgbm_gpu_engineered,z2_z_btc_rsi_7__z_btc_trend_strength_50_200__mul,0.000674
lgbm_gpu_engineered,z2_z_btc_rsi_7__z_us10y_bp_chg_7d__div,0.000674
lgbm_gpu_engineered,z2_z_btc_rsi_7__z_btc_trend_strength_20_50__mul,0.000674
lgbm_gpu_engineered,z2_z_us5y_bp_chg_7d__z_btc_volume_z_20d__mul,0.000674
lgbm_gpu_engineered,z2_z_us5y_bp_chg_7d__z_btc_volume_z_20d__sub,0.000674
lgbm_gpu_engineered,z2_z_gold_return_7d__z_us10y_bp_chg_7d__div,0.000674
lgbm_gpu_engineered,z2_z_gold_return_7d__z_btc_drawdown_120d__add,0.000674
lgbm_gpu_engineered,z2_z_btc_candle_range_pct__z_btc_trend_strength_50_200__mul,0.000674
lgbm_gpu_engineered,z2_z_btc_candle_range_pct__z_us10y_bp_chg_7d__sub,0.000674
lgbm_gpu_engineered,z2_z_btc_candle_range_pct__z_btc_trend_strength_20_50__mul,0.000674
lgbm_gpu_engineered,z2_z_btc_trend_sma7_above_sma30__z_btc_candle_body_pct__div,0.000674
lgbm_gpu_engineered,z2_z_btc_trend_sma7_above_sma30__z_us10y_bp_chg_7d__div,0.000674
lgbm_gpu_engineered,z2_z_btc_return_1d__z_us10y_bp_chg_7d__add,0.000674
lgbm_gpu_engineered,z2_z_btc_return_1d__z_btc_drawdown_120d__div,0.000674
lgbm_gpu_engineered,z2_z_btc_return_1d__z_btc_volume_diff_7d__mul,0.000674
lgbm_gpu_engineered,z2_z_btc_rolling_mean_distance_60d__z_btc_volume_z_20d__mul,0.000674
lgbm_gpu_engineered,z2_z_btc_rolling_mean_distance_60d__z_us10y_bp_chg_7d__div,0.000674
lgbm_gpu_engineered,z2_z_btc_candle_body_pct__z_btc_candle_body_abs_pct__sub,0.000674
lgbm_gpu_engineered,z2_z_btc_candle_body_pct__z_btc_trend_strength_50_200__div,0.000674
lgbm_gpu_engineered,z2_z_btc_candle_body_pct__z_btc_volume_z_20d__div,0.000674
lgbm_gpu_engineered,z2_z_btc_candle_body_abs_pct__z_btc_drawdown_120d__div,0.000674
lgbm_gpu_engineered,z2_z_btc_candle_body_abs_pct__z_btc_log_volume__div,0.000674
lgbm_gpu_engineered,z2_z_btc_candle_body_abs_pct__z_btc_volume_diff_7d__div,0.000674
lgbm_gpu_engineered,z2_z_btc_candle_body_abs_pct__z_btc_return_14d__mul,0.000674
lgbm_gpu_engineered,z2_z_btc_trend_strength_50_200__z_btc_volume_z_20d__mul,0.000674
lgbm_gpu_engineered,z2_z_btc_trend_strength_50_200__z_btc_volume_z_20d__div,0.000674
lgbm_gpu_engineered,z2_z_btc_trend_strength_50_200__z_btc_volume_diff_7d__mul,0.000674
lgbm_gpu_engineered,z2_z_btc_volume_z_20d__z_btc_drawdown_120d__div,0.000674
lgbm_gpu_engineered,z2_z_us10y_bp_chg_7d__z_btc_log_volume__div,0.000674
lgbm_gpu_engineered,z2_z_btc_log_volume__z_btc_return_14d__add,0.000674
lgbm_gpu_engineered,z2_z_btc_log_volume__z_btc_return_14d__div,0.000674
lgbm_gpu_engineered,z2_z_btc_volume_diff_7d__z_btc_trend_strength_20_50__sub,0.000674
lgbm_gpu_engineered,z2_z_btc_rolling_mean_distance_30d__z_btc_return_14d__mul,0.000674
lgbm_gpu_engineered,z_btc_candle_body_pct,0.000449
lgbm_gpu_engineered,z_btc_volume_diff_1d,0.000449
lgbm_gpu_engineered,z_btc_rolling_volatility_30d,0.000449
lgbm_gpu_engineered,z_btc_rolling_volatility_60d,0.000449
lgbm_gpu_engineered,z2_z_btc_bollinger_width_20d__z_btc_rolling_position_20d__mul,0.000449
lgbm_gpu_engineered,z2_z_btc_bollinger_width_20d__z_btc_rolling_position_20d__div,0.000449
lgbm_gpu_engineered,z2_z_btc_bollinger_width_20d__z_btc_rsi_14__mul,0.000449
lgbm_gpu_engineered,z2_z_btc_bollinger_width_20d__z_btc_drawdown_120d__add,0.000449
lgbm_gpu_engineered,z2_z_btc_bollinger_width_20d__z_btc_volume_diff_7d__add,0.000449
lgbm_gpu_engineered,z2_z_btc_bollinger_width_20d__z_btc_rolling_mean_distance_30d__mul,0.000449
lgbm_gpu_engineered,z2_z_btc_rolling_position_20d__z_btc_volume_pct_7d__div,0.000449
lgbm_gpu_engineered,z2_z_btc_rolling_position_20d__z_btc_rolling_position_7d__div,0.000449
lgbm_gpu_engineered,z2_z_btc_rolling_position_20d__z_us5y_bp_chg_7d__sub,0.000449
lgbm_gpu_engineered,z2_z_btc_rolling_position_20d__z_us5y_bp_chg_7d__div,0.000449
lgbm_gpu_engineered,z2_z_btc_rolling_position_20d__z_btc_return_1d__mul,0.000449
lgbm_gpu_engineered,z2_z_btc_rolling_position_20d__z_btc_log_volume__add,0.000449
lgbm_gpu_engineered,z2_z_btc_rolling_position_20d__z_btc_trend_strength_20_50__div,0.000449
lgbm_gpu_engineered,z2_z_btc_rolling_position_20d__z_btc_return_14d__mul,0.000449
lgbm_gpu_engineered,z2_z_btc_volume_pct_7d__z_btc_rolling_position_14d__add,0.000449
lgbm_gpu_engineered,z2_z_btc_volume_pct_7d__z_btc_rolling_position_30d__sub,0.000449
lgbm_gpu_engineered,z2_z_btc_volume_pct_7d__z_btc_bollinger_percent_b_20d__add,0.000449
lgbm_gpu_engineered,z2_z_btc_volume_pct_7d__z_btc_bollinger_lower_distance_20d__sub,0.000449
lgbm_gpu_engineered,z2_z_btc_volume_pct_7d__z_btc_rolling_position_7d__add,0.000449
lgbm_gpu_engineered,z2_z_btc_volume_pct_7d__z_sp500_return_1d__mul,0.000449
lgbm_gpu_engineered,z2_z_btc_volume_pct_7d__z_sp500_return_1d__sub,0.000449
lgbm_gpu_engineered,z2_z_btc_volume_pct_7d__z_btc_trend_sma50_above_sma200__add,0.000449
lgbm_gpu_engineered,z2_z_btc_volume_pct_7d__z_btc_trend_sma50_above_sma200__div,0.000449
lgbm_gpu_engineered,z2_z_btc_volume_pct_7d__z_us5y_bp_chg_7d__mul,0.000449
lgbm_gpu_engineered,z2_z_btc_volume_pct_7d__z_us5y_bp_chg_7d__div,0.000449
lgbm_gpu_engineered,z2_z_btc_volume_pct_7d__z_gold_return_7d__add,0.000449
lgbm_gpu_engineered,z2_z_btc_volume_pct_7d__z_btc_rolling_mean_distance_60d__sub,0.000449
lgbm_gpu_engineered,z2_z_btc_volume_pct_7d__z_btc_candle_body_pct__mul,0.000449
lgbm_gpu_engineered,z2_z_btc_volume_pct_7d__z_btc_candle_body_abs_pct__sub,0.000449
lgbm_gpu_engineered,z2_z_btc_volume_pct_7d__z_btc_log_volume__div,0.000449
lgbm_gpu_engineered,z2_z_btc_volume_pct_7d__z_btc_volume_diff_7d__mul,0.000449
lgbm_gpu_engineered,z2_z_btc_volume_pct_7d__z_btc_trend_strength_20_50__sub,0.000449
lgbm_gpu_engineered,z2_z_btc_volume_pct_7d__z_btc_return_14d__div,0.000449
lgbm_gpu_engineered,z2_z_btc_rolling_position_14d__z_btc_bollinger_lower_distance_20d__mul,0.000449
lgbm_gpu_engineered,z2_z_btc_rolling_position_14d__z_btc_bollinger_lower_distance_20d__add,0.000449
lgbm_gpu_engineered,z2_z_btc_rolling_position_14d__z_btc_bollinger_lower_distance_20d__sub,0.000449
lgbm_gpu_engineered,z2_z_btc_rolling_position_14d__z_btc_rsi_14__mul,0.000449
lgbm_gpu_engineered,z2_z_btc_rolling_position_14d__z_btc_rsi_14__sub,0.000449
lgbm_gpu_engineered,z2_z_btc_rolling_position_14d__z_sp500_return_1d__mul,0.000449
lgbm_gpu_engineered,z2_z_btc_rolling_position_14d__z_sp500_return_1d__add,0.000449
lgbm_gpu_engineered,z2_z_btc_rolling_position_14d__z_nasdaq_return_1d__add,0.000449
lgbm_gpu_engineered,z2_z_btc_rolling_position_14d__z_btc_rsi_7__sub,0.000449
lgbm_gpu_engineered,z2_z_btc_rolling_position_14d__z_btc_rsi_7__div,0.000449
lgbm_gpu_engineered,z2_z_btc_rolling_position_14d__z_gold_return_7d__sub,0.000449
lgbm_gpu_engineered,z2_z_btc_rolling_position_14d__z_btc_candle_body_pct__div,0.000449
lgbm_gpu_engineered,z2_z_btc_rolling_position_14d__z_btc_trend_strength_50_200__mul,0.000449
lgbm_gpu_engineered,z2_z_btc_rolling_position_14d__z_us10y_bp_chg_7d__div,0.000449
lgbm_gpu_engineered,z2_z_btc_rolling_position_14d__z_btc_drawdown_120d__div,0.000449
lgbm_gpu_engineered,z2_z_btc_rolling_position_14d__z_btc_volume_diff_7d__mul,0.000449
lgbm_gpu_engineered,z2_z_btc_rolling_position_14d__z_btc_trend_strength_20_50__div,0.000449
lgbm_gpu_engineered,z2_z_btc_rolling_position_14d__z_btc_return_14d__mul,0.000449
lgbm_gpu_engineered,z2_z_btc_rolling_position_30d__z_btc_rsi_30__add,0.000449
lgbm_gpu_engineered,z2_z_btc_rolling_position_30d__z_btc_rsi_30__div,0.000449
lgbm_gpu_engineered,z2_z_btc_rolling_position_30d__z_btc_rolling_position_60d__sub,0.000449
lgbm_gpu_engineered,z2_z_btc_rolling_position_30d__z_btc_trend_above_sma20__sub,0.000449
lgbm_gpu_engineered,z2_z_btc_rolling_position_30d__z_btc_rsi_7__div,0.000449
lgbm_gpu_engineered,z2_z_btc_rolling_position_30d__z_gold_return_7d__mul,0.000449
lgbm_gpu_engineered,z2_z_btc_rolling_position_30d__z_gold_return_7d__div,0.000449
lgbm_gpu_engineered,z2_z_btc_rolling_position_30d__z_btc_trend_sma7_above_sma30__mul,0.000449
lgbm_gpu_engineered,z2_z_btc_rolling_position_30d__z_btc_volume_z_20d__div,0.000449
lgbm_gpu_engineered,z2_z_btc_rolling_position_30d__z_btc_log_volume__mul,0.000449
lgbm_gpu_engineered,z2_z_btc_rolling_position_30d__z_btc_volume_diff_7d__div,0.000449
lgbm_gpu_engineered,z2_z_btc_rolling_position_30d__z_btc_trend_strength_20_50__mul,0.000449
lgbm_gpu_engineered,z2_z_btc_rolling_position_30d__z_btc_trend_strength_20_50__div,0.000449
lgbm_gpu_engineered,z2_z_btc_trend_above_sma50__z_btc_bollinger_percent_b_20d__div,0.000449
lgbm_gpu_engineered,z2_z_btc_trend_above_sma50__z_btc_rsi_30__mul,0.000449
lgbm_gpu_engineered,z2_z_btc_trend_above_sma50__z_btc_rolling_position_60d__sub,0.000449
lgbm_gpu_engineered,z2_z_btc_trend_above_sma50__z_btc_rolling_position_60d__div,0.000449
lgbm_gpu_engineered,z2_z_btc_trend_above_sma50__z_nasdaq_return_1d__mul,0.000449
lgbm_gpu_engineered,z2_z_btc_trend_above_sma50__z_btc_rsi_7__mul,0.000449
lgbm_gpu_engineered,z2_z_btc_trend_above_sma50__z_btc_rsi_7__sub,0.000449
lgbm_gpu_engineered,z2_z_btc_trend_above_sma50__z_us5y_bp_chg_7d__div,0.000449
lgbm_gpu_engineered,z2_z_btc_trend_above_sma50__z_gold_return_7d__div,0.000449
lgbm_gpu_engineered,z2_z_btc_trend_above_sma50__z_btc_return_1d__mul,0.000449
lgbm_gpu_engineered,z2_z_btc_trend_above_sma50__z_btc_candle_body_pct__mul,0.000449
lgbm_gpu_engineered,z2_z_btc_trend_above_sma50__z_btc_candle_body_pct__sub,0.000449
lgbm_gpu_engineered,z2_z_btc_trend_above_sma50__z_us10y_bp_chg_7d__add,0.000449
lgbm_gpu_engineered,z2_z_btc_trend_above_sma50__z_btc_volume_diff_7d__sub,0.000449
lgbm_gpu_engineered,z2_z_btc_trend_above_sma50__z_btc_trend_strength_20_50__mul,0.000449
lgbm_gpu_engineered,z2_z_btc_trend_above_sma50__z_btc_trend_strength_20_50__sub,0.000449
lgbm_gpu_engineered,z2_z_btc_trend_above_sma50__z_btc_rolling_mean_distance_30d__sub,0.000449
lgbm_gpu_engineered,z2_z_btc_bollinger_percent_b_20d__z_btc_rolling_position_7d__mul,0.000449
lgbm_gpu_engineered,z2_z_btc_bollinger_percent_b_20d__z_nasdaq_return_1d__mul,0.000449
lgbm_gpu_engineered,z2_z_btc_bollinger_percent_b_20d__z_btc_trend_sma7_above_sma30__div,0.000449
lgbm_gpu_engineered,z2_z_btc_bollinger_percent_b_20d__z_btc_candle_body_abs_pct__mul,0.000449
lgbm_gpu_engineered,z2_z_btc_bollinger_percent_b_20d__z_btc_trend_strength_50_200__sub,0.000449
lgbm_gpu_engineered,z2_z_btc_bollinger_percent_b_20d__z_us10y_bp_chg_7d__div,0.000449
lgbm_gpu_engineered,z2_z_btc_bollinger_percent_b_20d__z_btc_volume_diff_7d__add,0.000449
lgbm_gpu_engineered,z2_z_btc_bollinger_percent_b_20d__z_btc_trend_strength_20_50__sub,0.000449
lgbm_gpu_engineered,z2_z_btc_bollinger_percent_b_20d__z_btc_trend_strength_20_50__div,0.000449
lgbm_gpu_engineered,z2_z_btc_bollinger_lower_distance_20d__z_btc_rolling_position_7d__div,0.000449
lgbm_gpu_engineered,z2_z_btc_bollinger_lower_distance_20d__z_sp500_return_1d__add,0.000449
lgbm_gpu_engineered,z2_z_btc_bollinger_lower_distance_20d__z_sp500_return_1d__sub,0.000449
lgbm_gpu_engineered,z2_z_btc_bollinger_lower_distance_20d__z_btc_candle_range_pct__sub,0.000449
lgbm_gpu_engineered,z2_z_btc_bollinger_lower_distance_20d__z_btc_return_1d__mul,0.000449
lgbm_gpu_engineered,z2_z_btc_bollinger_lower_distance_20d__z_btc_trend_strength_50_200__div,0.000449
lgbm_gpu_engineered,z2_z_btc_bollinger_lower_distance_20d__z_btc_volume_z_20d__div,0.000449
lgbm_gpu_engineered,z2_z_btc_rsi_30__z_btc_rsi_7__mul,0.000449
lgbm_gpu_engineered,z2_z_btc_rsi_30__z_btc_rsi_7__sub,0.000449
lgbm_gpu_engineered,z2_z_btc_rsi_30__z_btc_trend_sma50_above_sma200__add,0.000449
lgbm_gpu_engineered,z2_z_btc_rsi_30__z_us5y_bp_chg_7d__sub,0.000449
lgbm_gpu_engineered,z2_z_btc_rsi_30__z_btc_candle_range_pct__div,0.000449
lgbm_gpu_engineered,z2_z_btc_rsi_30__z_btc_trend_sma7_above_sma30__sub,0.000449
lgbm_gpu_engineered,z2_z_btc_rsi_30__z_btc_return_1d__div,0.000449
lgbm_gpu_engineered,z2_z_btc_rsi_30__z_btc_rolling_mean_distance_60d__mul,0.000449
lgbm_gpu_engineered,z2_z_btc_rsi_30__z_btc_trend_strength_50_200__sub,0.000449
lgbm_gpu_engineered,z2_z_btc_rsi_30__z_btc_volume_diff_7d__add,0.000449
lgbm_gpu_engineered,z2_z_btc_rsi_30__z_btc_rolling_mean_distance_30d__mul,0.000449
lgbm_gpu_engineered,z2_z_btc_rolling_position_7d__z_sp500_return_1d__add,0.000449
lgbm_gpu_engineered,z2_z_btc_rolling_position_7d__z_nasdaq_return_1d__div,0.000449
lgbm_gpu_engineered,z2_z_btc_rolling_position_7d__z_us5y_bp_chg_7d__div,0.000449
lgbm_gpu_engineered,z2_z_btc_rolling_position_7d__z_btc_candle_range_pct__mul,0.000449
lgbm_gpu_engineered,z2_z_btc_rolling_position_7d__z_btc_candle_range_pct__sub,0.000449
lgbm_gpu_engineered,z2_z_btc_rolling_position_7d__z_btc_drawdown_120d__mul,0.000449
lgbm_gpu_engineered,z2_z_btc_rolling_position_7d__z_btc_volume_diff_7d__mul,0.000449
lgbm_gpu_engineered,z2_z_btc_rolling_position_7d__z_btc_rolling_mean_distance_30d__sub,0.000449
lgbm_gpu_engineered,z2_z_btc_rolling_position_7d__z_btc_rolling_mean_distance_30d__div,0.000449
lgbm_gpu_engineered,z2_z_btc_rolling_position_60d__z_us5y_bp_chg_7d__mul,0.000449
lgbm_gpu_engineered,z2_z_btc_rolling_position_60d__z_btc_rolling_mean_distance_60d__sub,0.000449
lgbm_gpu_engineered,z2_z_btc_rolling_position_60d__z_btc_drawdown_120d__add,0.000449
lgbm_gpu_engineered,z2_z_btc_rolling_position_60d__z_btc_log_volume__add,0.000449
lgbm_gpu_engineered,z2_z_btc_rolling_position_60d__z_btc_trend_strength_20_50__add,0.000449
lgbm_gpu_engineered,z2_z_btc_rolling_position_60d__z_btc_rolling_mean_distance_30d__div,0.000449
lgbm_gpu_engineered,z2_z_btc_rsi_14__z_sp500_return_1d__add,0.000449
lgbm_gpu_engineered,z2_z_btc_rsi_14__z_btc_rsi_7__mul,0.000449
lgbm_gpu_engineered,z2_z_btc_rsi_14__z_btc_rsi_7__div,0.000449
lgbm_gpu_engineered,z2_z_btc_rsi_14__z_us5y_bp_chg_7d__mul,0.000449
lgbm_gpu_engineered,z2_z_btc_rsi_14__z_gold_return_7d__div,0.000449
lgbm_gpu_engineered,z2_z_btc_rsi_14__z_btc_rolling_mean_distance_60d__mul,0.000449
lgbm_gpu_engineered,z2_z_btc_rsi_14__z_btc_candle_body_abs_pct__sub,0.000449
lgbm_gpu_engineered,z2_z_btc_rsi_14__z_btc_drawdown_120d__mul,0.000449
lgbm_gpu_engineered,z2_z_btc_rsi_14__z_btc_drawdown_120d__div,0.000449
lgbm_gpu_engineered,z2_z_btc_rsi_14__z_btc_trend_strength_20_50__mul,0.000449
lgbm_gpu_engineered,z2_z_btc_rsi_14__z_btc_trend_strength_20_50__sub,0.000449
lgbm_gpu_engineered,z2_z_btc_rsi_14__z_btc_return_14d__sub,0.000449
lgbm_gpu_engineered,z2_z_sp500_return_1d__z_nasdaq_return_1d__div,0.000449
lgbm_gpu_engineered,z2_z_sp500_return_1d__z_btc_rsi_7__add,0.000449
lgbm_gpu_engineered,z2_z_sp500_return_1d__z_btc_trend_sma50_above_sma200__sub,0.000449
lgbm_gpu_engineered,z2_z_sp500_return_1d__z_btc_return_1d__mul,0.000449
lgbm_gpu_engineered,z2_z_sp500_return_1d__z_btc_rolling_mean_distance_60d__div,0.000449
lgbm_gpu_engineered,z2_z_sp500_return_1d__z_btc_candle_body_abs_pct__div,0.000449
lgbm_gpu_engineered,z2_z_sp500_return_1d__z_us10y_bp_chg_7d__sub,0.000449
lgbm_gpu_engineered,z2_z_sp500_return_1d__z_btc_log_volume__mul,0.000449
lgbm_gpu_engineered,z2_z_sp500_return_1d__z_btc_trend_strength_20_50__mul,0.000449
lgbm_gpu_engineered,z2_z_btc_trend_above_sma20__z_btc_rsi_7__div,0.000449
lgbm_gpu_engineered,z2_z_btc_trend_above_sma20__z_us5y_bp_chg_7d__sub,0.000449
lgbm_gpu_engineered,z2_z_btc_trend_above_sma20__z_btc_trend_strength_50_200__add,0.000449
lgbm_gpu_engineered,z2_z_btc_trend_above_sma20__z_btc_trend_strength_50_200__div,0.000449
lgbm_gpu_engineered,z2_z_btc_trend_above_sma20__z_btc_volume_z_20d__add,0.000449
lgbm_gpu_engineered,z2_z_btc_trend_above_sma20__z_btc_drawdown_120d__mul,0.000449
lgbm_gpu_engineered,z2_z_btc_trend_above_sma20__z_btc_drawdown_120d__sub,0.000449
lgbm_gpu_engineered,z2_z_btc_trend_above_sma20__z_btc_trend_strength_20_50__mul,0.000449
lgbm_gpu_engineered,z2_z_btc_trend_above_sma20__z_btc_rolling_mean_distance_30d__div,0.000449
lgbm_gpu_engineered,z2_z_btc_trend_above_sma20__z_btc_return_14d__mul,0.000449
lgbm_gpu_engineered,z2_z_nasdaq_return_1d__z_btc_rsi_7__mul,0.000449
lgbm_gpu_engineered,z2_z_nasdaq_return_1d__z_btc_rsi_7__add,0.000449
lgbm_gpu_engineered,z2_z_nasdaq_return_1d__z_btc_rsi_7__div,0.000449
lgbm_gpu_engineered,z2_z_nasdaq_return_1d__z_us5y_bp_chg_7d__sub,0.000449
lgbm_gpu_engineered,z2_z_nasdaq_return_1d__z_btc_volume_z_20d__mul,0.000449
lgbm_gpu_engineered,z2_z_nasdaq_return_1d__z_btc_volume_z_20d__sub,0.000449
lgbm_gpu_engineered,z2_z_nasdaq_return_1d__z_btc_drawdown_120d__mul,0.000449
lgbm_gpu_engineered,z2_z_nasdaq_return_1d__z_btc_drawdown_120d__div,0.000449
lgbm_gpu_engineered,z2_z_nasdaq_return_1d__z_btc_trend_strength_20_50__div,0.000449
lgbm_gpu_engineered,z2_z_nasdaq_return_1d__z_btc_return_14d__div,0.000449
lgbm_gpu_engineered,z2_z_btc_rsi_7__z_btc_trend_sma50_above_sma200__div,0.000449
lgbm_gpu_engineered,z2_z_btc_rsi_7__z_gold_return_7d__div,0.000449
lgbm_gpu_engineered,z2_z_btc_rsi_7__z_btc_candle_range_pct__sub,0.000449
lgbm_gpu_engineered,z2_z_btc_rsi_7__z_btc_trend_sma7_above_sma30__mul,0.000449
lgbm_gpu_engineered,z2_z_btc_rsi_7__z_btc_rolling_mean_distance_60d__sub,0.000449
lgbm_gpu_engineered,z2_z_btc_rsi_7__z_btc_candle_body_abs_pct__add,0.000449
lgbm_gpu_engineered,z2_z_btc_rsi_7__z_btc_trend_strength_50_200__add,0.000449
lgbm_gpu_engineered,z2_z_btc_rsi_7__z_btc_trend_strength_50_200__sub,0.000449
lgbm_gpu_engineered,z2_z_btc_rsi_7__z_btc_drawdown_120d__sub,0.000449
lgbm_gpu_engineered,z2_z_btc_rsi_7__z_btc_return_14d__add,0.000449
lgbm_gpu_engineered,z2_z_btc_rsi_7__z_btc_return_14d__div,0.000449
lgbm_gpu_engineered,z2_z_btc_trend_sma50_above_sma200__z_us5y_bp_chg_7d__add,0.000449
lgbm_gpu_engineered,z2_z_btc_trend_sma50_above_sma200__z_btc_candle_body_pct__mul,0.000449
lgbm_gpu_engineered,z2_z_btc_trend_sma50_above_sma200__z_btc_trend_strength_50_200__sub,0.000449
lgbm_gpu_engineered,z2_z_btc_trend_sma50_above_sma200__z_us10y_bp_chg_7d__add,0.000449
lgbm_gpu_engineered,z2_z_btc_trend_sma50_above_sma200__z_us10y_bp_chg_7d__div,0.000449
lgbm_gpu_engineered,z2_z_btc_trend_sma50_above_sma200__z_btc_drawdown_120d__mul,0.000449
lgbm_gpu_engineered,z2_z_btc_trend_sma50_above_sma200__z_btc_log_volume__sub,0.000449
lgbm_gpu_engineered,z2_z_us5y_bp_chg_7d__z_gold_return_7d__add,0.000449
lgbm_gpu_engineered,z2_z_us5y_bp_chg_7d__z_btc_candle_range_pct__mul,0.000449
lgbm_gpu_engineered,z2_z_us5y_bp_chg_7d__z_btc_trend_sma7_above_sma30__sub,0.000449
lgbm_gpu_engineered,z2_z_us5y_bp_chg_7d__z_btc_return_1d__mul,0.000449
lgbm_gpu_engineered,z2_z_us5y_bp_chg_7d__z_btc_return_1d__add,0.000449
lgbm_gpu_engineered,z2_z_us5y_bp_chg_7d__z_btc_return_1d__sub,0.000449
lgbm_gpu_engineered,z2_z_us5y_bp_chg_7d__z_btc_rolling_mean_distance_60d__mul,0.000449
lgbm_gpu_engineered,z2_z_us5y_bp_chg_7d__z_btc_candle_body_abs_pct__add,0.000449
lgbm_gpu_engineered,z2_z_us5y_bp_chg_7d__z_btc_candle_body_abs_pct__sub,0.000449
lgbm_gpu_engineered,z2_z_us5y_bp_chg_7d__z_btc_volume_z_20d__div,0.000449
lgbm_gpu_engineered,z2_z_us5y_bp_chg_7d__z_btc_rolling_mean_distance_30d__add,0.000449
lgbm_gpu_engineered,z2_z_gold_return_7d__z_btc_trend_sma7_above_sma30__mul,0.000449
lgbm_gpu_engineered,z2_z_gold_return_7d__z_btc_return_1d__mul,0.000449
lgbm_gpu_engineered,z2_z_gold_return_7d__z_btc_candle_body_pct__sub,0.000449
lgbm_gpu_engineered,z2_z_gold_return_7d__z_btc_rolling_mean_distance_30d__sub,0.000449
lgbm_gpu_engineered,z2_z_gold_return_7d__z_btc_return_14d__sub,0.000449
lgbm_gpu_engineered,z2_z_gold_return_7d__z_btc_return_14d__div,0.000449
lgbm_gpu_engineered,z2_z_btc_candle_range_pct__z_btc_rolling_mean_distance_60d__div,0.000449
lgbm_gpu_engineered,z2_z_btc_candle_range_pct__z_us10y_bp_chg_7d__mul,0.000449
lgbm_gpu_engineered,z2_z_btc_candle_range_pct__z_us10y_bp_chg_7d__add,0.000449
lgbm_gpu_engineered,z2_z_btc_candle_range_pct__z_btc_drawdown_120d__div,0.000449
lgbm_gpu_engineered,z2_z_btc_candle_range_pct__z_btc_volume_diff_7d__mul,0.000449
lgbm_gpu_engineered,z2_z_btc_candle_range_pct__z_btc_volume_diff_7d__div,0.000449
lgbm_gpu_engineered,z2_z_btc_candle_range_pct__z_btc_trend_strength_20_50__add,0.000449
lgbm_gpu_engineered,z2_z_btc_candle_range_pct__z_btc_trend_strength_20_50__sub,0.000449
lgbm_gpu_engineered,z2_z_btc_trend_sma7_above_sma30__z_btc_candle_body_abs_pct__mul,0.000449
lgbm_gpu_engineered,z2_z_btc_trend_sma7_above_sma30__z_btc_volume_z_20d__mul,0.000449
lgbm_gpu_engineered,z2_z_btc_trend_sma7_above_sma30__z_us10y_bp_chg_7d__add,0.000449
lgbm_gpu_engineered,z2_z_btc_trend_sma7_above_sma30__z_btc_log_volume__div,0.000449
lgbm_gpu_engineered,z2_z_btc_trend_sma7_above_sma30__z_btc_trend_strength_20_50__mul,0.000449
lgbm_gpu_engineered,z2_z_btc_trend_sma7_above_sma30__z_btc_trend_strength_20_50__div,0.000449
lgbm_gpu_engineered,z2_z_btc_return_1d__z_btc_candle_body_abs_pct__sub,0.000449
lgbm_gpu_engineered,z2_z_btc_return_1d__z_btc_volume_z_20d__add,0.000449
lgbm_gpu_engineered,z2_z_btc_return_1d__z_btc_log_volume__add,0.000449
lgbm_gpu_engineered,z2_z_btc_rolling_mean_distance_60d__z_btc_candle_body_pct__mul,0.000449
lgbm_gpu_engineered,z2_z_btc_rolling_mean_distance_60d__z_btc_candle_body_pct__sub,0.000449
lgbm_gpu_engineered,z2_z_btc_rolling_mean_distance_60d__z_btc_trend_strength_50_200__mul,0.000449
lgbm_gpu_engineered,z2_z_btc_rolling_mean_distance_60d__z_btc_trend_strength_50_200__div,0.000449
lgbm_gpu_engineered,z2_z_btc_rolling_mean_distance_60d__z_us10y_bp_chg_7d__mul,0.000449
lgbm_gpu_engineered,z2_z_btc_rolling_mean_distance_60d__z_us10y_bp_chg_7d__add,0.000449
lgbm_gpu_engineered,z2_z_btc_rolling_mean_distance_60d__z_btc_drawdown_120d__div,0.000449
lgbm_gpu_engineered,z2_z_btc_candle_body_pct__z_btc_volume_z_20d__mul,0.000449
lgbm_gpu_engineered,z2_z_btc_candle_body_pct__z_btc_drawdown_120d__sub,0.000449
lgbm_gpu_engineered,z2_z_btc_candle_body_pct__z_btc_volume_diff_7d__sub,0.000449
lgbm_gpu_engineered,z2_z_btc_candle_body_abs_pct__z_btc_volume_z_20d__mul,0.000449
lgbm_gpu_engineered,z2_z_btc_candle_body_abs_pct__z_btc_trend_strength_20_50__div,0.000449
lgbm_gpu_engineered,z2_z_btc_candle_body_abs_pct__z_btc_return_14d__add,0.000449
lgbm_gpu_engineered,z2_z_btc_trend_strength_50_200__z_btc_volume_z_20d__sub,0.000449
lgbm_gpu_engineered,z2_z_btc_trend_strength_50_200__z_btc_return_14d__sub,0.000449
lgbm_gpu_engineered,z2_z_btc_trend_strength_50_200__z_btc_return_14d__div,0.000449
lgbm_gpu_engineered,z2_z_btc_volume_z_20d__z_us10y_bp_chg_7d__mul,0.000449
lgbm_gpu_engineered,z2_z_btc_volume_z_20d__z_us10y_bp_chg_7d__sub,0.000449
lgbm_gpu_engineered,z2_z_btc_volume_z_20d__z_btc_drawdown_120d__mul,0.000449
lgbm_gpu_engineered,z2_z_btc_volume_z_20d__z_btc_log_volume__add,0.000449
lgbm_gpu_engineered,z2_z_btc_volume_z_20d__z_btc_volume_diff_7d__mul,0.000449
lgbm_gpu_engineered,z2_z_btc_volume_z_20d__z_btc_volume_diff_7d__add,0.000449
lgbm_gpu_engineered,z2_z_btc_volume_z_20d__z_btc_trend_strength_20_50__div,0.000449
lgbm_gpu_engineered,z2_z_btc_volume_z_20d__z_btc_return_14d__mul,0.000449
lgbm_gpu_engineered,z2_z_btc_drawdown_120d__z_btc_log_volume__div,0.000449
lgbm_gpu_engineered,z2_z_btc_drawdown_120d__z_btc_volume_diff_7d__div,0.000449
lgbm_gpu_engineered,z2_z_btc_drawdown_120d__z_btc_rolling_mean_distance_30d__sub,0.000449
lgbm_gpu_engineered,z2_z_btc_drawdown_120d__z_btc_rolling_mean_distance_30d__div,0.000449
lgbm_gpu_engineered,z2_z_btc_log_volume__z_btc_volume_diff_7d__mul,0.000449
lgbm_gpu_engineered,z2_z_btc_log_volume__z_btc_trend_strength_20_50__div,0.000449
lgbm_gpu_engineered,z2_z_btc_log_volume__z_btc_rolling_mean_distance_30d__add,0.000449
lgbm_gpu_engineered,z2_z_btc_trend_strength_20_50__z_btc_rolling_mean_distance_30d__div,0.000449
lgbm_gpu_engineered,z_btc_return_30d,0.000225
lgbm_gpu_engineered,z_btc_candle_body_abs_pct,0.000225
lgbm_gpu_engineered,z_btc_rolling_volatility_14d,0.000225
lgbm_gpu_engineered,z_btc_rolling_position_14d,0.000225
lgbm_gpu_engineered,z_btc_rolling_mean_distance_20d,0.000225
lgbm_gpu_engineered,z_btc_rolling_volatility_20d,0.000225
lgbm_gpu_engineered,z_btc_drawdown_30d,0.000225
lgbm_gpu_engineered,z_btc_drawdown_60d,0.000225
lgbm_gpu_engineered,z_us10y_bp_chg_7d,0.000225
lgbm_gpu_engineered,z_us5y_bp_chg_1d,0.000225
lgbm_gpu_engineered,z2_z_btc_bollinger_width_20d__z_btc_rolling_position_30d__mul,0.000225
lgbm_gpu_engineered,z2_z_btc_bollinger_width_20d__z_btc_rolling_position_30d__div,0.000225
lgbm_gpu_engineered,z2_z_btc_bollinger_width_20d__z_btc_bollinger_lower_distance_20d__mul,0.000225
lgbm_gpu_engineered,z2_z_btc_bollinger_width_20d__z_btc_rsi_30__div,0.000225
lgbm_gpu_engineered,z2_z_btc_bollinger_width_20d__z_btc_rolling_position_7d__sub,0.000225
lgbm_gpu_engineered,z2_z_btc_bollinger_width_20d__z_btc_rolling_position_60d__div,0.000225
lgbm_gpu_engineered,z2_z_btc_bollinger_width_20d__z_sp500_return_1d__add,0.000225
lgbm_gpu_engineered,z2_z_btc_bollinger_width_20d__z_sp500_return_1d__sub,0.000225
lgbm_gpu_engineered,z2_z_btc_bollinger_width_20d__z_sp500_return_1d__div,0.000225
lgbm_gpu_engineered,z2_z_btc_bollinger_width_20d__z_btc_rsi_7__mul,0.000225
lgbm_gpu_engineered,z2_z_btc_bollinger_width_20d__z_btc_trend_sma50_above_sma200__sub,0.000225
lgbm_gpu_engineered,z2_z_btc_bollinger_width_20d__z_us5y_bp_chg_7d__add,0.000225
lgbm_gpu_engineered,z2_z_btc_bollinger_width_20d__z_btc_candle_range_pct__sub,0.000225
lgbm_gpu_engineered,z2_z_btc_bollinger_width_20d__z_btc_trend_sma7_above_sma30__mul,0.000225
lgbm_gpu_engineered,z2_z_btc_bollinger_width_20d__z_btc_trend_sma7_above_sma30__div,0.000225
lgbm_gpu_engineered,z2_z_btc_bollinger_width_20d__z_btc_candle_body_pct__sub,0.000225
lgbm_gpu_engineered,z2_z_btc_bollinger_width_20d__z_btc_candle_body_pct__div,0.000225
lgbm_gpu_engineered,z2_z_btc_bollinger_width_20d__z_btc_trend_strength_50_200__mul,0.000225
lgbm_gpu_engineered,z2_z_btc_bollinger_width_20d__z_us10y_bp_chg_7d__add,0.000225
lgbm_gpu_engineered,z2_z_btc_bollinger_width_20d__z_btc_drawdown_120d__mul,0.000225
lgbm_gpu_engineered,z2_z_btc_bollinger_width_20d__z_btc_log_volume__add,0.000225
lgbm_gpu_engineered,z2_z_btc_bollinger_width_20d__z_btc_volume_diff_7d__sub,0.000225
lgbm_gpu_engineered,z2_z_btc_bollinger_width_20d__z_btc_volume_diff_7d__div,0.000225
lgbm_gpu_engineered,z2_z_btc_bollinger_width_20d__z_btc_rolling_mean_distance_30d__div,0.000225
lgbm_gpu_engineered,z2_z_btc_bollinger_width_20d__z_btc_return_14d__add,0.000225
lgbm_gpu_engineered,z2_z_btc_rolling_position_20d__z_btc_volume_pct_7d__add,0.000225
lgbm_gpu_engineered,z2_z_btc_rolling_position_20d__z_btc_rolling_position_30d__sub,0.000225
lgbm_gpu_engineered,z2_z_btc_rolling_position_20d__z_btc_trend_above_sma50__sub,0.000225
lgbm_gpu_engineered,z2_z_btc_rolling_position_20d__z_btc_bollinger_lower_distance_20d__mul,0.000225
lgbm_gpu_engineered,z2_z_btc_rolling_position_20d__z_btc_bollinger_lower_distance_20d__add,0.000225
lgbm_gpu_engineered,z2_z_btc_rolling_position_20d__z_btc_bollinger_lower_distance_20d__sub,0.000225
lgbm_gpu_engineered,z2_z_btc_rolling_position_20d__z_btc_rsi_30__mul,0.000225
lgbm_gpu_engineered,z2_z_btc_rolling_position_20d__z_btc_rsi_30__div,0.000225
lgbm_gpu_engineered,z2_z_btc_rolling_position_20d__z_btc_trend_above_sma20__div,0.000225
lgbm_gpu_engineered,z2_z_btc_rolling_position_20d__z_nasdaq_return_1d__add,0.000225
lgbm_gpu_engineered,z2_z_btc_rolling_position_20d__z_nasdaq_return_1d__div,0.000225
lgbm_gpu_engineered,z2_z_btc_rolling_position_20d__z_btc_rsi_7__mul,0.000225
lgbm_gpu_engineered,z2_z_btc_rolling_position_20d__z_gold_return_7d__add,0.000225
lgbm_gpu_engineered,z2_z_btc_rolling_position_20d__z_btc_trend_sma7_above_sma30__sub,0.000225
lgbm_gpu_engineered,z2_z_btc_rolling_position_20d__z_btc_return_1d__div,0.000225
lgbm_gpu_engineered,z2_z_btc_rolling_position_20d__z_btc_candle_body_pct__mul,0.000225
lgbm_gpu_engineered,z2_z_btc_rolling_position_20d__z_btc_candle_body_pct__sub,0.000225
lgbm_gpu_engineered,z2_z_btc_rolling_position_20d__z_btc_candle_body_abs_pct__sub,0.000225
lgbm_gpu_engineered,z2_z_btc_rolling_position_20d__z_btc_volume_z_20d__add,0.000225
lgbm_gpu_engineered,z2_z_btc_rolling_position_20d__z_us10y_bp_chg_7d__mul,0.000225
lgbm_gpu_engineered,z2_z_btc_rolling_position_20d__z_us10y_bp_chg_7d__sub,0.000225
lgbm_gpu_engineered,z2_z_btc_rolling_position_20d__z_btc_drawdown_120d__sub,0.000225
lgbm_gpu_engineered,z2_z_btc_rolling_position_20d__z_btc_log_volume__mul,0.000225
lgbm_gpu_engineered,z2_z_btc_rolling_position_20d__z_btc_log_volume__div,0.000225
lgbm_gpu_engineered,z2_z_btc_rolling_position_20d__z_btc_volume_diff_7d__add,0.000225
lgbm_gpu_engineered,z2_z_btc_rolling_position_20d__z_btc_rolling_mean_distance_30d__div,0.000225
lgbm_gpu_engineered,z2_z_btc_rolling_position_20d__z_btc_return_14d__sub,0.000225
lgbm_gpu_engineered,z2_z_btc_rolling_position_20d__z_btc_return_14d__div,0.000225
lgbm_gpu_engineered,z2_z_btc_volume_pct_7d__z_btc_rolling_position_14d__mul,0.000225
lgbm_gpu_engineered,z2_z_btc_volume_pct_7d__z_btc_rolling_position_30d__mul,0.000225
lgbm_gpu_engineered,z2_z_btc_volume_pct_7d__z_btc_trend_above_sma50__mul,0.000225
lgbm_gpu_engineered,z2_z_btc_volume_pct_7d__z_btc_rsi_14__mul,0.000225
lgbm_gpu_engineered,z2_z_btc_volume_pct_7d__z_btc_trend_above_sma20__add,0.000225
lgbm_gpu_engineered,z2_z_btc_volume_pct_7d__z_nasdaq_return_1d__sub,0.000225
lgbm_gpu_engineered,z2_z_btc_volume_pct_7d__z_us5y_bp_chg_7d__add,0.000225
lgbm_gpu_engineered,z2_z_btc_volume_pct_7d__z_gold_return_7d__sub,0.000225
lgbm_gpu_engineered,z2_z_btc_volume_pct_7d__z_btc_candle_range_pct__mul,0.000225
lgbm_gpu_engineered,z2_z_btc_volume_pct_7d__z_btc_candle_range_pct__div,0.000225
lgbm_gpu_engineered,z2_z_btc_volume_pct_7d__z_btc_trend_sma7_above_sma30__mul,0.000225
lgbm_gpu_engineered,z2_z_btc_volume_pct_7d__z_btc_return_1d__add,0.000225
lgbm_gpu_engineered,z2_z_btc_volume_pct_7d__z_btc_rolling_mean_distance_60d__mul,0.000225
lgbm_gpu_engineered,z2_z_btc_volume_pct_7d__z_btc_candle_body_abs_pct__mul,0.000225
lgbm_gpu_engineered,z2_z_btc_volume_pct_7d__z_btc_volume_z_20d__sub,0.000225
lgbm_gpu_engineered,z2_z_btc_volume_pct_7d__z_btc_drawdown_120d__div,0.000225
lgbm_gpu_engineered,z2_z_btc_volume_pct_7d__z_btc_log_volume__mul,0.000225
lgbm_gpu_engineered,z2_z_btc_volume_pct_7d__z_btc_rolling_mean_distance_30d__div,0.000225
lgbm_gpu_engineered,z2_z_btc_volume_pct_7d__z_btc_return_14d__add,0.000225
lgbm_gpu_engineered,z2_z_btc_rolling_position_14d__z_btc_trend_above_sma50__mul,0.000225
lgbm_gpu_engineered,z2_z_btc_rolling_position_14d__z_btc_bollinger_percent_b_20d__mul,0.000225
lgbm_gpu_engineered,z2_z_btc_rolling_position_14d__z_btc_rsi_30__sub,0.000225
lgbm_gpu_engineered,z2_z_btc_rolling_position_14d__z_btc_rsi_30__div,0.000225
lgbm_gpu_engineered,z2_z_btc_rolling_position_14d__z_btc_rolling_position_7d__mul,0.000225
lgbm_gpu_engineered,z2_z_btc_rolling_position_14d__z_btc_rolling_position_60d__mul,0.000225
lgbm_gpu_engineered,z2_z_btc_rolling_position_14d__z_btc_rsi_14__add,0.000225
lgbm_gpu_engineered,z2_z_btc_rolling_position_14d__z_sp500_return_1d__sub,0.000225
lgbm_gpu_engineered,z2_z_btc_rolling_position_14d__z_btc_trend_above_sma20__add,0.000225
lgbm_gpu_engineered,z2_z_btc_rolling_position_14d__z_btc_trend_sma50_above_sma200__sub,0.000225
lgbm_gpu_engineered,z2_z_btc_rolling_position_14d__z_us5y_bp_chg_7d__div,0.000225
lgbm_gpu_engineered,z2_z_btc_rolling_position_14d__z_gold_return_7d__mul,0.000225
lgbm_gpu_engineered,z2_z_btc_rolling_position_14d__z_gold_return_7d__div,0.000225
lgbm_gpu_engineered,z2_z_btc_rolling_position_14d__z_btc_trend_sma7_above_sma30__mul,0.000225
lgbm_gpu_engineered,z2_z_btc_rolling_position_14d__z_btc_trend_sma7_above_sma30__add,0.000225
lgbm_gpu_engineered,z2_z_btc_rolling_position_14d__z_btc_trend_sma7_above_sma30__div,0.000225
lgbm_gpu_engineered,z2_z_btc_rolling_position_14d__z_btc_return_1d__mul,0.000225
lgbm_gpu_engineered,z2_z_btc_rolling_position_14d__z_btc_return_1d__div,0.000225
lgbm_gpu_engineered,z2_z_btc_rolling_position_14d__z_btc_rolling_mean_distance_60d__sub,0.000225
lgbm_gpu_engineered,z2_z_btc_rolling_position_14d__z_btc_candle_body_pct__sub,0.000225
lgbm_gpu_engineered,z2_z_btc_rolling_position_14d__z_btc_candle_body_abs_pct__add,0.000225
lgbm_gpu_engineered,z2_z_btc_rolling_position_14d__z_btc_candle_body_abs_pct__sub,0.000225
lgbm_gpu_engineered,z2_z_btc_rolling_position_14d__z_btc_trend_strength_50_200__sub,0.000225
lgbm_gpu_engineered,z2_z_btc_rolling_position_14d__z_btc_trend_strength_50_200__div,0.000225
lgbm_gpu_engineered,z2_z_btc_rolling_position_14d__z_us10y_bp_chg_7d__sub,0.000225
lgbm_gpu_engineered,z2_z_btc_rolling_position_14d__z_btc_log_volume__mul,0.000225
lgbm_gpu_engineered,z2_z_btc_rolling_position_14d__z_btc_log_volume__add,0.000225
lgbm_gpu_engineered,z2_z_btc_rolling_position_14d__z_btc_log_volume__div,0.000225
lgbm_gpu_engineered,z2_z_btc_rolling_position_14d__z_btc_volume_diff_7d__div,0.000225
lgbm_gpu_engineered,z2_z_btc_rolling_position_14d__z_btc_trend_strength_20_50__mul,0.000225
lgbm_gpu_engineered,z2_z_btc_rolling_position_14d__z_btc_trend_strength_20_50__sub,0.000225
lgbm_gpu_engineered,z2_z_btc_rolling_position_14d__z_btc_rolling_mean_distance_30d__div,0.000225
lgbm_gpu_engineered,z2_z_btc_rolling_position_30d__z_btc_trend_above_sma50__sub,0.000225
lgbm_gpu_engineered,z2_z_btc_rolling_position_30d__z_btc_bollinger_percent_b_20d__mul,0.000225
lgbm_gpu_engineered,z2_z_btc_rolling_position_30d__z_btc_rsi_30__mul,0.000225
lgbm_gpu_engineered,z2_z_btc_rolling_position_30d__z_btc_rolling_position_60d__mul,0.000225
lgbm_gpu_engineered,z2_z_btc_rolling_position_30d__z_sp500_return_1d__mul,0.000225
lgbm_gpu_engineered,z2_z_btc_rolling_position_30d__z_btc_trend_above_sma20__div,0.000225
lgbm_gpu_engineered,z2_z_btc_rolling_position_30d__z_nasdaq_return_1d__div,0.000225
lgbm_gpu_engineered,z2_z_btc_rolling_position_30d__z_btc_trend_sma50_above_sma200__add,0.000225
lgbm_gpu_engineered,z2_z_btc_rolling_position_30d__z_btc_trend_sma50_above_sma200__sub,0.000225
lgbm_gpu_engineered,z2_z_btc_rolling_position_30d__z_btc_return_1d__mul,0.000225
lgbm_gpu_engineered,z2_z_btc_rolling_position_30d__z_btc_candle_body_pct__mul,0.000225
lgbm_gpu_engineered,z2_z_btc_rolling_position_30d__z_btc_candle_body_abs_pct__sub,0.000225
lgbm_gpu_engineered,z2_z_btc_rolling_position_30d__z_btc_candle_body_abs_pct__div,0.000225
lgbm_gpu_engineered,z2_z_btc_rolling_position_30d__z_us10y_bp_chg_7d__add,0.000225
lgbm_gpu_engineered,z2_z_btc_rolling_position_30d__z_us10y_bp_chg_7d__div,0.000225
lgbm_gpu_engineered,z2_z_btc_rolling_position_30d__z_btc_drawdown_120d__mul,0.000225
lgbm_gpu_engineered,z2_z_btc_rolling_position_30d__z_btc_log_volume__sub,0.000225
lgbm_gpu_engineered,z2_z_btc_rolling_position_30d__z_btc_log_volume__div,0.000225
lgbm_gpu_engineered,z2_z_btc_rolling_position_30d__z_btc_volume_diff_7d__mul,0.000225
lgbm_gpu_engineered,z2_z_btc_rolling_position_30d__z_btc_return_14d__div,0.000225
lgbm_gpu_engineered,z2_z_btc_trend_above_sma50__z_btc_bollinger_percent_b_20d__sub,0.000225
lgbm_gpu_engineered,z2_z_btc_trend_above_sma50__z_btc_bollinger_lower_distance_20d__mul,0.000225
lgbm_gpu_engineered,z2_z_btc_trend_above_sma50__z_btc_bollinger_lower_distance_20d__div,0.000225
lgbm_gpu_engineered,z2_z_btc_trend_above_sma50__z_btc_rsi_30__div,0.000225
lgbm_gpu_engineered,z2_z_btc_trend_above_sma50__z_btc_rolling_position_7d__div,0.000225
lgbm_gpu_engineered,z2_z_btc_trend_above_sma50__z_btc_rsi_14__sub,0.000225
lgbm_gpu_engineered,z2_z_btc_trend_above_sma50__z_btc_rsi_14__div,0.000225
lgbm_gpu_engineered,z2_z_btc_trend_above_sma50__z_sp500_return_1d__sub,0.000225
lgbm_gpu_engineered,z2_z_btc_trend_above_sma50__z_btc_rsi_7__add,0.000225
lgbm_gpu_engineered,z2_z_btc_trend_above_sma50__z_us5y_bp_chg_7d__add,0.000225
lgbm_gpu_engineered,z2_z_btc_trend_above_sma50__z_btc_return_1d__div,0.000225
lgbm_gpu_engineered,z2_z_btc_trend_above_sma50__z_btc_rolling_mean_distance_60d__mul,0.000225
lgbm_gpu_engineered,z2_z_btc_trend_above_sma50__z_btc_rolling_mean_distance_60d__sub,0.000225
lgbm_gpu_engineered,z2_z_btc_trend_above_sma50__z_btc_candle_body_abs_pct__add,0.000225
lgbm_gpu_engineered,z2_z_btc_trend_above_sma50__z_btc_candle_body_abs_pct__div,0.000225
lgbm_gpu_engineered,z2_z_btc_trend_above_sma50__z_btc_trend_strength_50_200__sub,0.000225
lgbm_gpu_engineered,z2_z_btc_trend_above_sma50__z_btc_volume_z_20d__mul,0.000225
lgbm_gpu_engineered,z2_z_btc_trend_above_sma50__z_btc_log_volume__div,0.000225
lgbm_gpu_engineered,z2_z_btc_trend_above_sma50__z_btc_volume_diff_7d__mul,0.000225
lgbm_gpu_engineered,z2_z_btc_trend_above_sma50__z_btc_rolling_mean_distance_30d__mul,0.000225
lgbm_gpu_engineered,z2_z_btc_trend_above_sma50__z_btc_return_14d__sub,0.000225
lgbm_gpu_engineered,z2_z_btc_bollinger_percent_b_20d__z_btc_rsi_30__sub,0.000225
lgbm_gpu_engineered,z2_z_btc_bollinger_percent_b_20d__z_btc_rsi_14__mul,0.000225
lgbm_gpu_engineered,z2_z_btc_bollinger_percent_b_20d__z_btc_rsi_14__div,0.000225
lgbm_gpu_engineered,z2_z_btc_bollinger_percent_b_20d__z_sp500_return_1d__add,0.000225
lgbm_gpu_engineered,z2_z_btc_bollinger_percent_b_20d__z_sp500_return_1d__sub,0.000225
lgbm_gpu_engineered,z2_z_btc_bollinger_percent_b_20d__z_btc_rsi_7__mul,0.000225
lgbm_gpu_engineered,z2_z_btc_bollinger_percent_b_20d__z_btc_trend_sma50_above_sma200__div,0.000225
lgbm_gpu_engineered,z2_z_btc_bollinger_percent_b_20d__z_us5y_bp_chg_7d__add,0.000225
lgbm_gpu_engineered,z2_z_btc_bollinger_percent_b_20d__z_us5y_bp_chg_7d__sub,0.000225
lgbm_gpu_engineered,z2_z_btc_bollinger_percent_b_20d__z_us5y_bp_chg_7d__div,0.000225
lgbm_gpu_engineered,z2_z_btc_bollinger_percent_b_20d__z_btc_candle_body_pct__add,0.000225
lgbm_gpu_engineered,z2_z_btc_bollinger_percent_b_20d__z_btc_drawdown_120d__mul,0.000225
lgbm_gpu_engineered,z2_z_btc_bollinger_percent_b_20d__z_btc_drawdown_120d__sub,0.000225
lgbm_gpu_engineered,z2_z_btc_bollinger_percent_b_20d__z_btc_drawdown_120d__div,0.000225
lgbm_gpu_engineered,z2_z_btc_bollinger_percent_b_20d__z_btc_log_volume__sub,0.000225
lgbm_gpu_engineered,z2_z_btc_bollinger_percent_b_20d__z_btc_volume_diff_7d__div,0.000225
lgbm_gpu_engineered,z2_z_btc_bollinger_percent_b_20d__z_btc_trend_strength_20_50__mul,0.000225
lgbm_gpu_engineered,z2_z_btc_bollinger_percent_b_20d__z_btc_return_14d__mul,0.000225
lgbm_gpu_engineered,z2_z_btc_bollinger_percent_b_20d__z_btc_return_14d__sub,0.000225
lgbm_gpu_engineered,z2_z_btc_bollinger_lower_distance_20d__z_btc_rolling_position_7d__mul,0.000225
lgbm_gpu_engineered,z2_z_btc_bollinger_lower_distance_20d__z_btc_rsi_14__sub,0.000225
lgbm_gpu_engineered,z2_z_btc_bollinger_lower_distance_20d__z_sp500_return_1d__mul,0.000225
lgbm_gpu_engineered,z2_z_btc_bollinger_lower_distance_20d__z_btc_trend_above_sma20__sub,0.000225
lgbm_gpu_engineered,z2_z_btc_bollinger_lower_distance_20d__z_nasdaq_return_1d__div,0.000225
lgbm_gpu_engineered,z2_z_btc_bollinger_lower_distance_20d__z_btc_rsi_7__mul,0.000225
lgbm_gpu_engineered,z2_z_btc_bollinger_lower_distance_20d__z_btc_rsi_7__sub,0.000225
lgbm_gpu_engineered,z2_z_btc_bollinger_lower_distance_20d__z_btc_rsi_7__div,0.000225
lgbm_gpu_engineered,z2_z_btc_bollinger_lower_distance_20d__z_btc_trend_sma50_above_sma200__add,0.000225
lgbm_gpu_engineered,z2_z_btc_bollinger_lower_distance_20d__z_gold_return_7d__mul,0.000225
lgbm_gpu_engineered,z2_z_btc_bollinger_lower_distance_20d__z_gold_return_7d__div,0.000225
lgbm_gpu_engineered,z2_z_btc_bollinger_lower_distance_20d__z_btc_candle_range_pct__div,0.000225
lgbm_gpu_engineered,z2_z_btc_bollinger_lower_distance_20d__z_btc_return_1d__div,0.000225
lgbm_gpu_engineered,z2_z_btc_bollinger_lower_distance_20d__z_btc_rolling_mean_distance_60d__sub,0.000225
lgbm_gpu_engineered,z2_z_btc_bollinger_lower_distance_20d__z_us10y_bp_chg_7d__mul,0.000225
lgbm_gpu_engineered,z2_z_btc_bollinger_lower_distance_20d__z_btc_log_volume__mul,0.000225
lgbm_gpu_engineered,z2_z_btc_bollinger_lower_distance_20d__z_btc_log_volume__sub,0.000225
lgbm_gpu_engineered,z2_z_btc_bollinger_lower_distance_20d__z_btc_volume_diff_7d__add,0.000225
lgbm_gpu_engineered,z2_z_btc_bollinger_lower_distance_20d__z_btc_volume_diff_7d__sub,0.000225
lgbm_gpu_engineered,z2_z_btc_bollinger_lower_distance_20d__z_btc_return_14d__sub,0.000225
lgbm_gpu_engineered,z2_z_btc_rsi_30__z_btc_rolling_position_7d__mul,0.000225
lgbm_gpu_engineered,z2_z_btc_rsi_30__z_btc_rsi_14__mul,0.000225
lgbm_gpu_engineered,z2_z_btc_rsi_30__z_sp500_return_1d__add,0.000225
lgbm_gpu_engineered,z2_z_btc_rsi_30__z_btc_trend_above_sma20__mul,0.000225
lgbm_gpu_engineered,z2_z_btc_rsi_30__z_nasdaq_return_1d__div,0.000225
lgbm_gpu_engineered,z2_z_btc_rsi_30__z_btc_trend_sma50_above_sma200__div,0.000225
lgbm_gpu_engineered,z2_z_btc_rsi_30__z_us5y_bp_chg_7d__mul,0.000225
lgbm_gpu_engineered,z2_z_btc_rsi_30__z_btc_candle_range_pct__sub,0.000225
lgbm_gpu_engineered,z2_z_btc_rsi_30__z_btc_trend_sma7_above_sma30__div,0.000225
lgbm_gpu_engineered,z2_z_btc_rsi_30__z_btc_return_1d__add,0.000225
lgbm_gpu_engineered,z2_z_btc_rsi_30__z_btc_return_1d__sub,0.000225
lgbm_gpu_engineered,z2_z_btc_rsi_30__z_btc_rolling_mean_distance_60d__sub,0.000225
lgbm_gpu_engineered,z2_z_btc_rsi_30__z_btc_candle_body_pct__sub,0.000225
lgbm_gpu_engineered,z2_z_btc_rsi_30__z_btc_trend_strength_50_200__div,0.000225
lgbm_gpu_engineered,z2_z_btc_rsi_30__z_btc_volume_z_20d__add,0.000225
lgbm_gpu_engineered,z2_z_btc_rsi_30__z_us10y_bp_chg_7d__mul,0.000225
lgbm_gpu_engineered,z2_z_btc_rsi_30__z_us10y_bp_chg_7d__sub,0.000225
lgbm_gpu_engineered,z2_z_btc_rsi_30__z_btc_trend_strength_20_50__add,0.000225
lgbm_gpu_engineered,z2_z_btc_rsi_30__z_btc_trend_strength_20_50__sub,0.000225
lgbm_gpu_engineered,z2_z_btc_rsi_30__z_btc_rolling_mean_distance_30d__sub,0.000225
lgbm_gpu_engineered,z2_z_btc_rsi_30__z_btc_return_14d__div,0.000225
lgbm_gpu_engineered,z2_z_btc_rolling_position_7d__z_btc_rolling_position_60d__add,0.000225
lgbm_gpu_engineered,z2_z_btc_rolling_position_7d__z_btc_rsi_14__mul,0.000225
lgbm_gpu_engineered,z2_z_btc_rolling_position_7d__z_btc_trend_sma50_above_sma200__mul,0.000225
lgbm_gpu_engineered,z2_z_btc_rolling_position_7d__z_btc_trend_sma50_above_sma200__div,0.000225
lgbm_gpu_engineered,z2_z_btc_rolling_position_7d__z_gold_return_7d__add,0.000225
lgbm_gpu_engineered,z2_z_btc_rolling_position_7d__z_btc_return_1d__mul,0.000225
lgbm_gpu_engineered,z2_z_btc_rolling_position_7d__z_btc_rolling_mean_distance_60d__mul,0.000225
lgbm_gpu_engineered,z2_z_btc_rolling_position_7d__z_btc_candle_body_pct__add,0.000225
lgbm_gpu_engineered,z2_z_btc_rolling_position_7d__z_btc_candle_body_abs_pct__sub,0.000225
lgbm_gpu_engineered,z2_z_btc_rolling_position_7d__z_btc_trend_strength_50_200__add,0.000225
lgbm_gpu_engineered,z2_z_btc_rolling_position_7d__z_btc_trend_strength_50_200__sub,0.000225
lgbm_gpu_engineered,z2_z_btc_rolling_position_7d__z_btc_volume_z_20d__mul,0.000225
lgbm_gpu_engineered,z2_z_btc_rolling_position_7d__z_us10y_bp_chg_7d__sub,0.000225
lgbm_gpu_engineered,z2_z_btc_rolling_position_7d__z_btc_log_volume__mul,0.000225
lgbm_gpu_engineered,z2_z_btc_rolling_position_7d__z_btc_volume_diff_7d__add,0.000225
lgbm_gpu_engineered,z2_z_btc_rolling_position_7d__z_btc_return_14d__add,0.000225
lgbm_gpu_engineered,z2_z_btc_rolling_position_60d__z_btc_trend_above_sma20__mul,0.000225
lgbm_gpu_engineered,z2_z_btc_rolling_position_60d__z_nasdaq_return_1d__mul,0.000225
lgbm_gpu_engineered,z2_z_btc_rolling_position_60d__z_nasdaq_return_1d__sub,0.000225
lgbm_gpu_engineered,z2_z_btc_rolling_position_60d__z_btc_rsi_7__add,0.000225
lgbm_gpu_engineered,z2_z_btc_rolling_position_60d__z_gold_return_7d__add,0.000225
lgbm_gpu_engineered,z2_z_btc_rolling_position_60d__z_btc_candle_range_pct__add,0.000225
lgbm_gpu_engineered,z2_z_btc_rolling_position_60d__z_btc_candle_range_pct__div,0.000225
lgbm_gpu_engineered,z2_z_btc_rolling_position_60d__z_btc_candle_body_pct__mul,0.000225
lgbm_gpu_engineered,z2_z_btc_rolling_position_60d__z_btc_candle_body_abs_pct__add,0.000225
lgbm_gpu_engineered,z2_z_btc_rolling_position_60d__z_btc_trend_strength_50_200__mul,0.000225
lgbm_gpu_engineered,z2_z_btc_rolling_position_60d__z_btc_trend_strength_50_200__sub,0.000225
lgbm_gpu_engineered,z2_z_btc_rolling_position_60d__z_btc_volume_z_20d__mul,0.000225
lgbm_gpu_engineered,z2_z_btc_rolling_position_60d__z_btc_volume_z_20d__sub,0.000225
lgbm_gpu_engineered,z2_z_btc_rolling_position_60d__z_btc_volume_z_20d__div,0.000225
lgbm_gpu_engineered,z2_z_btc_rolling_position_60d__z_us10y_bp_chg_7d__add,0.000225
lgbm_gpu_engineered,z2_z_btc_rolling_position_60d__z_btc_drawdown_120d__sub,0.000225
lgbm_gpu_engineered,z2_z_btc_rolling_position_60d__z_btc_drawdown_120d__div,0.000225
lgbm_gpu_engineered,z2_z_btc_rolling_position_60d__z_btc_log_volume__div,0.000225
lgbm_gpu_engineered,z2_z_btc_rolling_position_60d__z_btc_volume_diff_7d__add,0.000225
lgbm_gpu_engineered,z2_z_btc_rolling_position_60d__z_btc_rolling_mean_distance_30d__sub,0.000225
lgbm_gpu_engineered,z2_z_btc_rolling_position_60d__z_btc_return_14d__sub,0.000225
lgbm_gpu_engineered,z2_z_btc_rolling_position_60d__z_btc_return_14d__div,0.000225
lgbm_gpu_engineered,z2_z_btc_rsi_14__z_sp500_return_1d__sub,0.000225
lgbm_gpu_engineered,z2_z_btc_rsi_14__z_btc_trend_above_sma20__mul,0.000225
lgbm_gpu_engineered,z2_z_btc_rsi_14__z_btc_trend_above_sma20__sub,0.000225
lgbm_gpu_engineered,z2_z_btc_rsi_14__z_btc_trend_above_sma20__div,0.000225
lgbm_gpu_engineered,z2_z_btc_rsi_14__z_gold_return_7d__sub,0.000225
lgbm_gpu_engineered,z2_z_btc_rsi_14__z_btc_candle_range_pct__mul,0.000225
lgbm_gpu_engineered,z2_z_btc_rsi_14__z_btc_candle_range_pct__add,0.000225
lgbm_gpu_engineered,z2_z_btc_rsi_14__z_btc_trend_sma7_above_sma30__sub,0.000225
lgbm_gpu_engineered,z2_z_btc_rsi_14__z_btc_trend_sma7_above_sma30__div,0.000225
lgbm_gpu_engineered,z2_z_btc_rsi_14__z_btc_rolling_mean_distance_60d__div,0.000225
lgbm_gpu_engineered,z2_z_btc_rsi_14__z_btc_candle_body_pct__sub,0.000225
lgbm_gpu_engineered,z2_z_btc_rsi_14__z_btc_candle_body_pct__div,0.000225
lgbm_gpu_engineered,z2_z_btc_rsi_14__z_btc_candle_body_abs_pct__mul,0.000225
lgbm_gpu_engineered,z2_z_btc_rsi_14__z_btc_candle_body_abs_pct__div,0.000225
lgbm_gpu_engineered,z2_z_btc_rsi_14__z_btc_trend_strength_50_200__add,0.000225
lgbm_gpu_engineered,z2_z_btc_rsi_14__z_btc_volume_z_20d__add,0.000225
lgbm_gpu_engineered,z2_z_btc_rsi_14__z_btc_log_volume__div,0.000225
lgbm_gpu_engineered,z2_z_btc_rsi_14__z_btc_volume_diff_7d__mul,0.000225
lgbm_gpu_engineered,z2_z_btc_rsi_14__z_btc_trend_strength_20_50__add,0.000225
lgbm_gpu_engineered,z2_z_btc_rsi_14__z_btc_rolling_mean_distance_30d__mul,0.000225
lgbm_gpu_engineered,z2_z_btc_rsi_14__z_btc_rolling_mean_distance_30d__sub,0.000225
lgbm_gpu_engineered,z2_z_btc_rsi_14__z_btc_return_14d__add,0.000225
lgbm_gpu_engineered,z2_z_sp500_return_1d__z_btc_trend_above_sma20__mul,0.000225
lgbm_gpu_engineered,z2_z_sp500_return_1d__z_btc_candle_range_pct__mul,0.000225
lgbm_gpu_engineered,z2_z_sp500_return_1d__z_btc_trend_sma7_above_sma30__add,0.000225
lgbm_gpu_engineered,z2_z_sp500_return_1d__z_btc_return_1d__div,0.000225
lgbm_gpu_engineered,z2_z_sp500_return_1d__z_btc_rolling_mean_distance_60d__add,0.000225
lgbm_gpu_engineered,z2_z_sp500_return_1d__z_btc_candle_body_pct__sub,0.000225
lgbm_gpu_engineered,z2_z_sp500_return_1d__z_btc_candle_body_abs_pct__mul,0.000225
lgbm_gpu_engineered,z2_z_sp500_return_1d__z_btc_trend_strength_50_200__div,0.000225
lgbm_gpu_engineered,z2_z_sp500_return_1d__z_btc_volume_z_20d__div,0.000225
lgbm_gpu_engineered,z2_z_sp500_return_1d__z_us10y_bp_chg_7d__mul,0.000225
lgbm_gpu_engineered,z2_z_sp500_return_1d__z_us10y_bp_chg_7d__add,0.000225
lgbm_gpu_engineered,z2_z_sp500_return_1d__z_btc_drawdown_120d__add,0.000225
lgbm_gpu_engineered,z2_z_sp500_return_1d__z_btc_log_volume__sub,0.000225
lgbm_gpu_engineered,z2_z_sp500_return_1d__z_btc_volume_diff_7d__add,0.000225
lgbm_gpu_engineered,z2_z_sp500_return_1d__z_btc_trend_strength_20_50__sub,0.000225
lgbm_gpu_engineered,z2_z_sp500_return_1d__z_btc_rolling_mean_distance_30d__mul,0.000225
lgbm_gpu_engineered,z2_z_sp500_return_1d__z_btc_rolling_mean_distance_30d__sub,0.000225
lgbm_gpu_engineered,z2_z_sp500_return_1d__z_btc_return_14d__mul,0.000225
lgbm_gpu_engineered,z2_z_btc_trend_above_sma20__z_nasdaq_return_1d__mul,0.000225
lgbm_gpu_engineered,z2_z_btc_trend_above_sma20__z_nasdaq_return_1d__div,0.000225
lgbm_gpu_engineered,z2_z_btc_trend_above_sma20__z_gold_return_7d__div,0.000225
lgbm_gpu_engineered,z2_z_btc_trend_above_sma20__z_btc_return_1d__div,0.000225
lgbm_gpu_engineered,z2_z_btc_trend_above_sma20__z_btc_candle_body_pct__div,0.000225
lgbm_gpu_engineered,z2_z_btc_trend_above_sma20__z_btc_candle_body_abs_pct__div,0.000225
lgbm_gpu_engineered,z2_z_btc_trend_above_sma20__z_btc_trend_strength_50_200__mul,0.000225
lgbm_gpu_engineered,z2_z_btc_trend_above_sma20__z_us10y_bp_chg_7d__mul,0.000225
lgbm_gpu_engineered,z2_z_btc_trend_above_sma20__z_btc_drawdown_120d__add,0.000225
lgbm_gpu_engineered,z2_z_btc_trend_above_sma20__z_btc_volume_diff_7d__mul,0.000225
lgbm_gpu_engineered,z2_z_btc_trend_above_sma20__z_btc_volume_diff_7d__add,0.000225
lgbm_gpu_engineered,z2_z_btc_trend_above_sma20__z_btc_volume_diff_7d__sub,0.000225
lgbm_gpu_engineered,z2_z_btc_trend_above_sma20__z_btc_return_14d__div,0.000225
lgbm_gpu_engineered,z2_z_nasdaq_return_1d__z_btc_trend_sma50_above_sma200__mul,0.000225
lgbm_gpu_engineered,z2_z_nasdaq_return_1d__z_us5y_bp_chg_7d__mul,0.000225
lgbm_gpu_engineered,z2_z_nasdaq_return_1d__z_gold_return_7d__div,0.000225
lgbm_gpu_engineered,z2_z_nasdaq_return_1d__z_btc_candle_range_pct__mul,0.000225
lgbm_gpu_engineered,z2_z_nasdaq_return_1d__z_btc_candle_range_pct__add,0.000225
lgbm_gpu_engineered,z2_z_nasdaq_return_1d__z_btc_candle_range_pct__div,0.000225
lgbm_gpu_engineered,z2_z_nasdaq_return_1d__z_btc_trend_sma7_above_sma30__sub,0.000225
lgbm_gpu_engineered,z2_z_nasdaq_return_1d__z_btc_trend_sma7_above_sma30__div,0.000225
lgbm_gpu_engineered,z2_z_nasdaq_return_1d__z_btc_return_1d__sub,0.000225
lgbm_gpu_engineered,z2_z_nasdaq_return_1d__z_btc_rolling_mean_distance_60d__mul,0.000225
lgbm_gpu_engineered,z2_z_nasdaq_return_1d__z_btc_rolling_mean_distance_60d__add,0.000225
lgbm_gpu_engineered,z2_z_nasdaq_return_1d__z_btc_candle_body_abs_pct__add,0.000225
lgbm_gpu_engineered,z2_z_nasdaq_return_1d__z_btc_candle_body_abs_pct__sub,0.000225
lgbm_gpu_engineered,z2_z_nasdaq_return_1d__z_btc_volume_z_20d__add,0.000225
lgbm_gpu_engineered,z2_z_nasdaq_return_1d__z_us10y_bp_chg_7d__add,0.000225
lgbm_gpu_engineered,z2_z_nasdaq_return_1d__z_btc_drawdown_120d__sub,0.000225
lgbm_gpu_engineered,z2_z_nasdaq_return_1d__z_btc_log_volume__add,0.000225
lgbm_gpu_engineered,z2_z_nasdaq_return_1d__z_btc_log_volume__sub,0.000225
lgbm_gpu_engineered,z2_z_nasdaq_return_1d__z_btc_volume_diff_7d__add,0.000225
lgbm_gpu_engineered,z2_z_nasdaq_return_1d__z_btc_trend_strength_20_50__add,0.000225
lgbm_gpu_engineered,z2_z_nasdaq_return_1d__z_btc_rolling_mean_distance_30d__add,0.000225
lgbm_gpu_engineered,z2_z_btc_rsi_7__z_btc_trend_sma50_above_sma200__mul,0.000225
lgbm_gpu_engineered,z2_z_btc_rsi_7__z_us5y_bp_chg_7d__div,0.000225
lgbm_gpu_engineered,z2_z_btc_rsi_7__z_gold_return_7d__add,0.000225
lgbm_gpu_engineered,z2_z_btc_rsi_7__z_gold_return_7d__sub,0.000225
lgbm_gpu_engineered,z2_z_btc_rsi_7__z_btc_candle_range_pct__add,0.000225
lgbm_gpu_engineered,z2_z_btc_rsi_7__z_btc_candle_body_pct__mul,0.000225
lgbm_gpu_engineered,z2_z_btc_rsi_7__z_btc_volume_z_20d__mul,0.000225
lgbm_gpu_engineered,z2_z_btc_rsi_7__z_us10y_bp_chg_7d__add,0.000225
lgbm_gpu_engineered,z2_z_btc_rsi_7__z_btc_drawdown_120d__div,0.000225
lgbm_gpu_engineered,z2_z_btc_rsi_7__z_btc_log_volume__add,0.000225
lgbm_gpu_engineered,z2_z_btc_rsi_7__z_btc_log_volume__sub,0.000225
lgbm_gpu_engineered,z2_z_btc_rsi_7__z_btc_trend_strength_20_50__add,0.000225
lgbm_gpu_engineered,z2_z_btc_rsi_7__z_btc_rolling_mean_distance_30d__sub,0.000225
lgbm_gpu_engineered,z2_z_btc_rsi_7__z_btc_return_14d__mul,0.000225
lgbm_gpu_engineered,z2_z_btc_trend_sma50_above_sma200__z_gold_return_7d__sub,0.000225
lgbm_gpu_engineered,z2_z_btc_trend_sma50_above_sma200__z_btc_candle_range_pct__mul,0.000225
lgbm_gpu_engineered,z2_z_btc_trend_sma50_above_sma200__z_btc_return_1d__mul,0.000225
lgbm_gpu_engineered,z2_z_btc_trend_sma50_above_sma200__z_btc_return_1d__add,0.000225
lgbm_gpu_engineered,z2_z_btc_trend_sma50_above_sma200__z_btc_return_1d__sub,0.000225
lgbm_gpu_engineered,z2_z_btc_trend_sma50_above_sma200__z_btc_return_1d__div,0.000225
lgbm_gpu_engineered,z2_z_btc_trend_sma50_above_sma200__z_btc_candle_body_pct__div,0.000225
lgbm_gpu_engineered,z2_z_btc_trend_sma50_above_sma200__z_btc_candle_body_abs_pct__mul,0.000225
lgbm_gpu_engineered,z2_z_btc_trend_sma50_above_sma200__z_btc_trend_strength_50_200__add,0.000225
lgbm_gpu_engineered,z2_z_btc_trend_sma50_above_sma200__z_us10y_bp_chg_7d__mul,0.000225
lgbm_gpu_engineered,z2_z_btc_trend_sma50_above_sma200__z_btc_drawdown_120d__add,0.000225
lgbm_gpu_engineered,z2_z_btc_trend_sma50_above_sma200__z_btc_trend_strength_20_50__mul,0.000225
lgbm_gpu_engineered,z2_z_btc_trend_sma50_above_sma200__z_btc_trend_strength_20_50__div,0.000225
lgbm_gpu_engineered,z2_z_btc_trend_sma50_above_sma200__z_btc_rolling_mean_distance_30d__div,0.000225
lgbm_gpu_engineered,z2_z_btc_trend_sma50_above_sma200__z_btc_return_14d__mul,0.000225
lgbm_gpu_engineered,z2_z_us5y_bp_chg_7d__z_btc_candle_range_pct__add,0.000225
lgbm_gpu_engineered,z2_z_us5y_bp_chg_7d__z_btc_candle_range_pct__sub,0.000225
lgbm_gpu_engineered,z2_z_us5y_bp_chg_7d__z_btc_candle_range_pct__div,0.000225
lgbm_gpu_engineered,z2_z_us5y_bp_chg_7d__z_btc_rolling_mean_distance_60d__div,0.000225
lgbm_gpu_engineered,z2_z_us5y_bp_chg_7d__z_btc_candle_body_pct__mul,0.000225
lgbm_gpu_engineered,z2_z_us5y_bp_chg_7d__z_btc_candle_body_abs_pct__mul,0.000225
lgbm_gpu_engineered,z2_z_us5y_bp_chg_7d__z_btc_trend_strength_50_200__mul,0.000225
lgbm_gpu_engineered,z2_z_us5y_bp_chg_7d__z_btc_volume_z_20d__add,0.000225
lgbm_gpu_engineered,z2_z_us5y_bp_chg_7d__z_us10y_bp_chg_7d__mul,0.000225
lgbm_gpu_engineered,z2_z_us5y_bp_chg_7d__z_btc_log_volume__mul,0.000225
lgbm_gpu_engineered,z2_z_us5y_bp_chg_7d__z_btc_log_volume__sub,0.000225
lgbm_gpu_engineered,z2_z_us5y_bp_chg_7d__z_btc_volume_diff_7d__add,0.000225
lgbm_gpu_engineered,z2_z_us5y_bp_chg_7d__z_btc_volume_diff_7d__sub,0.000225
lgbm_gpu_engineered,z2_z_us5y_bp_chg_7d__z_btc_trend_strength_20_50__div,0.000225
lgbm_gpu_engineered,z2_z_us5y_bp_chg_7d__z_btc_rolling_mean_distance_30d__div,0.000225
lgbm_gpu_engineered,z2_z_us5y_bp_chg_7d__z_btc_return_14d__mul,0.000225
lgbm_gpu_engineered,z2_z_us5y_bp_chg_7d__z_btc_return_14d__div,0.000225
lgbm_gpu_engineered,z2_z_gold_return_7d__z_btc_candle_range_pct__add,0.000225
lgbm_gpu_engineered,z2_z_gold_return_7d__z_btc_candle_range_pct__sub,0.000225
lgbm_gpu_engineered,z2_z_gold_return_7d__z_btc_trend_sma7_above_sma30__add,0.000225
lgbm_gpu_engineered,z2_z_gold_return_7d__z_btc_trend_sma7_above_sma30__div,0.000225
lgbm_gpu_engineered,z2_z_gold_return_7d__z_btc_return_1d__sub,0.000225
lgbm_gpu_engineered,z2_z_gold_return_7d__z_btc_return_1d__div,0.000225
lgbm_gpu_engineered,z2_z_gold_return_7d__z_btc_rolling_mean_distance_60d__sub,0.000225
lgbm_gpu_engineered,z2_z_gold_return_7d__z_btc_candle_body_pct__div,0.000225
lgbm_gpu_engineered,z2_z_gold_return_7d__z_btc_trend_strength_50_200__mul,0.000225
lgbm_gpu_engineered,z2_z_gold_return_7d__z_btc_trend_strength_50_200__sub,0.000225
lgbm_gpu_engineered,z2_z_gold_return_7d__z_btc_volume_z_20d__add,0.000225
lgbm_gpu_engineered,z2_z_gold_return_7d__z_btc_volume_z_20d__sub,0.000225
lgbm_gpu_engineered,z2_z_gold_return_7d__z_us10y_bp_chg_7d__add,0.000225
lgbm_gpu_engineered,z2_z_gold_return_7d__z_btc_volume_diff_7d__div,0.000225
lgbm_gpu_engineered,z2_z_gold_return_7d__z_btc_rolling_mean_distance_30d__mul,0.000225
lgbm_gpu_engineered,z2_z_gold_return_7d__z_btc_return_14d__add,0.000225
lgbm_gpu_engineered,z2_z_btc_candle_range_pct__z_btc_return_1d__mul,0.000225
lgbm_gpu_engineered,z2_z_btc_candle_range_pct__z_btc_return_1d__add,0.000225
lgbm_gpu_engineered,z2_z_btc_candle_range_pct__z_btc_return_1d__sub,0.000225
lgbm_gpu_engineered,z2_z_btc_candle_range_pct__z_btc_candle_body_pct__add,0.000225
lgbm_gpu_engineered,z2_z_btc_candle_range_pct__z_btc_candle_body_pct__sub,0.000225
lgbm_gpu_engineered,z2_z_btc_candle_range_pct__z_btc_trend_strength_50_200__sub,0.000225
lgbm_gpu_engineered,z2_z_btc_candle_range_pct__z_btc_volume_z_20d__sub,0.000225
lgbm_gpu_engineered,z2_z_btc_candle_range_pct__z_btc_volume_z_20d__div,0.000225
lgbm_gpu_engineered,z2_z_btc_candle_range_pct__z_btc_drawdown_120d__mul,0.000225
lgbm_gpu_engineered,z2_z_btc_candle_range_pct__z_btc_log_volume__mul,0.000225
lgbm_gpu_engineered,z2_z_btc_candle_range_pct__z_btc_log_volume__div,0.000225
lgbm_gpu_engineered,z2_z_btc_candle_range_pct__z_btc_volume_diff_7d__sub,0.000225
lgbm_gpu_engineered,z2_z_btc_candle_range_pct__z_btc_rolling_mean_distance_30d__mul,0.000225
lgbm_gpu_engineered,z2_z_btc_candle_range_pct__z_btc_rolling_mean_distance_30d__add,0.000225
lgbm_gpu_engineered,z2_z_btc_candle_range_pct__z_btc_return_14d__sub,0.000225
lgbm_gpu_engineered,z2_z_btc_candle_range_pct__z_btc_return_14d__div,0.000225
lgbm_gpu_engineered,z2_z_btc_trend_sma7_above_sma30__z_btc_return_1d__mul,0.000225
lgbm_gpu_engineered,z2_z_btc_trend_sma7_above_sma30__z_btc_return_1d__div,0.000225
lgbm_gpu_engineered,z2_z_btc_trend_sma7_above_sma30__z_btc_rolling_mean_distance_60d__sub,0.000225
lgbm_gpu_engineered,z2_z_btc_trend_sma7_above_sma30__z_btc_candle_body_pct__mul,0.000225
lgbm_gpu_engineered,z2_z_btc_trend_sma7_above_sma30__z_btc_candle_body_pct__add,0.000225
lgbm_gpu_engineered,z2_z_btc_trend_sma7_above_sma30__z_btc_candle_body_pct__sub,0.000225
lgbm_gpu_engineered,z2_z_btc_trend_sma7_above_sma30__z_btc_volume_z_20d__sub,0.000225
lgbm_gpu_engineered,z2_z_btc_trend_sma7_above_sma30__z_btc_drawdown_120d__div,0.000225
lgbm_gpu_engineered,z2_z_btc_return_1d__z_btc_rolling_mean_distance_60d__sub,0.000225
lgbm_gpu_engineered,z2_z_btc_return_1d__z_btc_candle_body_abs_pct__add,0.000225
lgbm_gpu_engineered,z2_z_btc_return_1d__z_btc_volume_z_20d__sub,0.000225
lgbm_gpu_engineered,z2_z_btc_return_1d__z_btc_volume_z_20d__div,0.000225
lgbm_gpu_engineered,z2_z_btc_return_1d__z_us10y_bp_chg_7d__div,0.000225
lgbm_gpu_engineered,z2_z_btc_return_1d__z_btc_volume_diff_7d__add,0.000225
lgbm_gpu_engineered,z2_z_btc_return_1d__z_btc_rolling_mean_distance_30d__mul,0.000225
lgbm_gpu_engineered,z2_z_btc_return_1d__z_btc_return_14d__mul,0.000225
lgbm_gpu_engineered,z2_z_btc_return_1d__z_btc_return_14d__sub,0.000225
lgbm_gpu_engineered,z2_z_btc_return_1d__z_btc_return_14d__div,0.000225
lgbm_gpu_engineered,z2_z_btc_rolling_mean_distance_60d__z_btc_candle_body_pct__add,0.000225
lgbm_gpu_engineered,z2_z_btc_rolling_mean_distance_60d__z_btc_candle_body_pct__div,0.000225
lgbm_gpu_engineered,z2_z_btc_rolling_mean_distance_60d__z_btc_candle_body_abs_pct__div,0.000225
lgbm_gpu_engineered,z2_z_btc_rolling_mean_distance_60d__z_btc_volume_z_20d__sub,0.000225
lgbm_gpu_engineered,z2_z_btc_rolling_mean_distance_60d__z_btc_drawdown_120d__sub,0.000225
lgbm_gpu_engineered,z2_z_btc_rolling_mean_distance_60d__z_btc_log_volume__sub,0.000225
lgbm_gpu_engineered,z2_z_btc_rolling_mean_distance_60d__z_btc_trend_strength_20_50__sub,0.000225
lgbm_gpu_engineered,z2_z_btc_candle_body_pct__z_btc_volume_z_20d__add,0.000225
lgbm_gpu_engineered,z2_z_btc_candle_body_pct__z_btc_volume_z_20d__sub,0.000225
lgbm_gpu_engineered,z2_z_btc_candle_body_pct__z_btc_drawdown_120d__add,0.000225
lgbm_gpu_engineered,z2_z_btc_candle_body_pct__z_btc_volume_diff_7d__add,0.000225
lgbm_gpu_engineered,z2_z_btc_candle_body_pct__z_btc_rolling_mean_distance_30d__mul,0.000225
lgbm_gpu_engineered,z2_z_btc_candle_body_pct__z_btc_return_14d__add,0.000225
lgbm_gpu_engineered,z2_z_btc_candle_body_pct__z_btc_return_14d__sub,0.000225
lgbm_gpu_engineered,z2_z_btc_candle_body_abs_pct__z_btc_trend_strength_50_200__sub,0.000225
lgbm_gpu_engineered,z2_z_btc_candle_body_abs_pct__z_btc_trend_strength_50_200__div,0.000225
lgbm_gpu_engineered,z2_z_btc_candle_body_abs_pct__z_btc_volume_z_20d__add,0.000225
lgbm_gpu_engineered,z2_z_btc_candle_body_abs_pct__z_btc_volume_z_20d__sub,0.000225
lgbm_gpu_engineered,z2_z_btc_candle_body_abs_pct__z_us10y_bp_chg_7d__add,0.000225
lgbm_gpu_engineered,z2_z_btc_candle_body_abs_pct__z_us10y_bp_chg_7d__sub,0.000225
lgbm_gpu_engineered,z2_z_btc_candle_body_abs_pct__z_btc_drawdown_120d__sub,0.000225
lgbm_gpu_engineered,z2_z_btc_candle_body_abs_pct__z_btc_log_volume__mul,0.000225
lgbm_gpu_engineered,z2_z_btc_candle_body_abs_pct__z_btc_return_14d__div,0.000225
lgbm_gpu_engineered,z2_z_btc_trend_strength_50_200__z_btc_volume_z_20d__add,0.000225
lgbm_gpu_engineered,z2_z_btc_trend_strength_50_200__z_btc_drawdown_120d__mul,0.000225
lgbm_gpu_engineered,z2_z_btc_trend_strength_50_200__z_btc_drawdown_120d__sub,0.000225
lgbm_gpu_engineered,z2_z_btc_trend_strength_50_200__z_btc_log_volume__div,0.000225
lgbm_gpu_engineered,z2_z_btc_trend_strength_50_200__z_btc_volume_diff_7d__add,0.000225
lgbm_gpu_engineered,z2_z_btc_trend_strength_50_200__z_btc_trend_strength_20_50__add,0.000225
lgbm_gpu_engineered,z2_z_btc_trend_strength_50_200__z_btc_trend_strength_20_50__div,0.000225
lgbm_gpu_engineered,z2_z_btc_trend_strength_50_200__z_btc_rolling_mean_distance_30d__div,0.000225
lgbm_gpu_engineered,z2_z_btc_trend_strength_50_200__z_btc_return_14d__add,0.000225
lgbm_gpu_engineered,z2_z_btc_volume_z_20d__z_btc_drawdown_120d__add,0.000225
lgbm_gpu_engineered,z2_z_btc_volume_z_20d__z_btc_drawdown_120d__sub,0.000225
lgbm_gpu_engineered,z2_z_btc_volume_z_20d__z_btc_log_volume__sub,0.000225
lgbm_gpu_engineered,z2_z_btc_volume_z_20d__z_btc_log_volume__div,0.000225
lgbm_gpu_engineered,z2_z_btc_volume_z_20d__z_btc_rolling_mean_distance_30d__mul,0.000225
lgbm_gpu_engineered,z2_z_btc_volume_z_20d__z_btc_return_14d__add,0.000225
lgbm_gpu_engineered,z2_z_us10y_bp_chg_7d__z_btc_trend_strength_20_50__sub,0.000225
lgbm_gpu_engineered,z2_z_us10y_bp_chg_7d__z_btc_rolling_mean_distance_30d__mul,0.000225
lgbm_gpu_engineered,z2_z_us10y_bp_chg_7d__z_btc_return_14d__mul,0.000225
lgbm_gpu_engineered,z2_z_us10y_bp_chg_7d__z_btc_return_14d__add,0.000225
lgbm_gpu_engineered,z2_z_us10y_bp_chg_7d__z_btc_return_14d__div,0.000225
lgbm_gpu_engineered,z2_z_btc_drawdown_120d__z_btc_log_volume__sub,0.000225
lgbm_gpu_engineered,z2_z_btc_drawdown_120d__z_btc_volume_diff_7d__add,0.000225
lgbm_gpu_engineered,z2_z_btc_drawdown_120d__z_btc_trend_strength_20_50__mul,0.000225
lgbm_gpu_engineered,z2_z_btc_drawdown_120d__z_btc_return_14d__div,0.000225
lgbm_gpu_engineered,z2_z_btc_log_volume__z_btc_trend_strength_20_50__mul,0.000225
lgbm_gpu_engineered,z2_z_btc_log_volume__z_btc_trend_strength_20_50__sub,0.000225
lgbm_gpu_engineered,z2_z_btc_log_volume__z_btc_rolling_mean_distance_30d__sub,0.000225
lgbm_gpu_engineered,z2_z_btc_log_volume__z_btc_return_14d__mul,0.000225
lgbm_gpu_engineered,z2_z_btc_volume_diff_7d__z_btc_trend_strength_20_50__mul,0.000225
lgbm_gpu_engineered,z2_z_btc_volume_diff_7d__z_btc_rolling_mean_distance_30d__sub,0.000225
lgbm_gpu_engineered,z2_z_btc_volume_diff_7d__z_btc_return_14d__add,0.000225
lgbm_gpu_engineered,z2_z_btc_volume_diff_7d__z_btc_return_14d__div,0.000225
lgbm_gpu_engineered,z2_z_btc_trend_strength_20_50__z_btc_rolling_mean_distance_30d__sub,0.000225
lgbm_gpu_engineered,z_btc_return_1d,0.0
lgbm_gpu_engineered,z_btc_return_5d,0.0
lgbm_gpu_engineered,z_btc_return_7d,0.0
lgbm_gpu_engineered,z_btc_return_14d,0.0
lgbm_gpu_engineered,z_btc_candle_range_pct,0.0
lgbm_gpu_engineered,z_btc_green_candle_flag,0.0
lgbm_gpu_engineered,z_btc_log_volume,0.0
lgbm_gpu_engineered,z_btc_volume_diff_7d,0.0
lgbm_gpu_engineered,z_btc_volume_pct_7d,0.0
lgbm_gpu_engineered,z_btc_volume_ratio_20d,0.0
lgbm_gpu_engineered,z_btc_volume_z_20d,0.0
lgbm_gpu_engineered,z_btc_volume_ratio_60d,0.0
lgbm_gpu_engineered,z_btc_volume_z_60d,0.0
lgbm_gpu_engineered,z_btc_rolling_mean_distance_7d,0.0
lgbm_gpu_engineered,z_btc_rolling_volatility_7d,0.0
lgbm_gpu_engineered,z_btc_rolling_position_7d,0.0
lgbm_gpu_engineered,z_btc_rolling_mean_distance_14d,0.0
lgbm_gpu_engineered,z_btc_rolling_position_20d,0.0
lgbm_gpu_engineered,z_btc_rolling_mean_distance_30d,0.0
lgbm_gpu_engineered,z_btc_rolling_position_30d,0.0
lgbm_gpu_engineered,z_btc_rolling_mean_distance_60d,0.0
lgbm_gpu_engineered,z_btc_rolling_position_60d,0.0
lgbm_gpu_engineered,z_btc_drawdown_120d,0.0
lgbm_gpu_engineered,z_btc_rsi_7,0.0
lgbm_gpu_engineered,z_btc_rsi_14,0.0
lgbm_gpu_engineered,z_btc_rsi_30,0.0
lgbm_gpu_engineered,z_btc_trend_above_sma20,0.0
lgbm_gpu_engineered,z_btc_trend_above_sma50,0.0
lgbm_gpu_engineered,z_btc_trend_sma7_above_sma30,0.0
lgbm_gpu_engineered,z_btc_trend_sma20_above_sma50,0.0
lgbm_gpu_engineered,z_btc_trend_sma50_above_sma200,0.0
lgbm_gpu_engineered,z_btc_trend_strength_20_50,0.0
lgbm_gpu_engineered,z_btc_trend_strength_50_200,0.0
lgbm_gpu_engineered,z_btc_golden_cross_20_50,0.0
lgbm_gpu_engineered,z_btc_golden_cross_50_200,0.0
lgbm_gpu_engineered,z_btc_death_cross_20_50,0.0
lgbm_gpu_engineered,z_btc_bollinger_width_20d,0.0
lgbm_gpu_engineered,z_btc_bollinger_percent_b_20d,0.0
lgbm_gpu_engineered,z_btc_bollinger_upper_distance_20d,0.0
lgbm_gpu_engineered,z_btc_bollinger_lower_distance_20d,0.0
lgbm_gpu_engineered,z_sp500_return_1d,0.0
lgbm_gpu_engineered,z_nasdaq_return_1d,0.0
lgbm_gpu_engineered,z_gold_return_7d,0.0
lgbm_gpu_engineered,z_gold_return_30d,0.0
lgbm_gpu_engineered,z_us10y_bp_chg_1d,0.0
lgbm_gpu_engineered,z_us30y_bp_chg_1d,0.0
lgbm_gpu_engineered,z_us30y_bp_chg_7d,0.0
lgbm_gpu_engineered,z_us5y_bp_chg_7d,0.0
lgbm_gpu_engineered,z2_z_btc_bollinger_width_20d__z_btc_rolling_position_20d__sub,0.0
lgbm_gpu_engineered,z2_z_btc_bollinger_width_20d__z_btc_volume_pct_7d__sub,0.0
lgbm_gpu_engineered,z2_z_btc_bollinger_width_20d__z_btc_volume_pct_7d__div,0.0
lgbm_gpu_engineered,z2_z_btc_bollinger_width_20d__z_btc_rolling_position_14d__mul,0.0
lgbm_gpu_engineered,z2_z_btc_bollinger_width_20d__z_btc_rolling_position_14d__add,0.0
lgbm_gpu_engineered,z2_z_btc_bollinger_width_20d__z_btc_rolling_position_14d__sub,0.0
lgbm_gpu_engineered,z2_z_btc_bollinger_width_20d__z_btc_rolling_position_30d__add,0.0
lgbm_gpu_engineered,z2_z_btc_bollinger_width_20d__z_btc_rolling_position_30d__sub,0.0
lgbm_gpu_engineered,z2_z_btc_bollinger_width_20d__z_btc_trend_above_sma50__mul,0.0
lgbm_gpu_engineered,z2_z_btc_bollinger_width_20d__z_btc_trend_above_sma50__add,0.0
lgbm_gpu_engineered,z2_z_btc_bollinger_width_20d__z_btc_trend_above_sma50__sub,0.0
lgbm_gpu_engineered,z2_z_btc_bollinger_width_20d__z_btc_trend_above_sma50__div,0.0
lgbm_gpu_engineered,z2_z_btc_bollinger_width_20d__z_btc_bollinger_percent_b_20d__mul,0.0
lgbm_gpu_engineered,z2_z_btc_bollinger_width_20d__z_btc_bollinger_percent_b_20d__add,0.0
lgbm_gpu_engineered,z2_z_btc_bollinger_width_20d__z_btc_bollinger_percent_b_20d__sub,0.0
lgbm_gpu_engineered,z2_z_btc_bollinger_width_20d__z_btc_bollinger_percent_b_20d__div,0.0
lgbm_gpu_engineered,z2_z_btc_bollinger_width_20d__z_btc_bollinger_lower_distance_20d__add,0.0
lgbm_gpu_engineered,z2_z_btc_bollinger_width_20d__z_btc_bollinger_lower_distance_20d__sub,0.0
lgbm_gpu_engineered,z2_z_btc_bollinger_width_20d__z_btc_rsi_30__mul,0.0
lgbm_gpu_engineered,z2_z_btc_bollinger_width_20d__z_btc_rsi_30__add,0.0
lgbm_gpu_engineered,z2_z_btc_bollinger_width_20d__z_btc_rsi_30__sub,0.0
lgbm_gpu_engineered,z2_z_btc_bollinger_width_20d__z_btc_rolling_position_7d__add,0.0
lgbm_gpu_engineered,z2_z_btc_bollinger_width_20d__z_btc_rolling_position_7d__div,0.0
lgbm_gpu_engineered,z2_z_btc_bollinger_width_20d__z_btc_rolling_position_60d__mul,0.0
lgbm_gpu_engineered,z2_z_btc_bollinger_width_20d__z_btc_rolling_position_60d__add,0.0
lgbm_gpu_engineered,z2_z_btc_bollinger_width_20d__z_btc_rolling_position_60d__sub,0.0
lgbm_gpu_engineered,z2_z_btc_bollinger_width_20d__z_btc_rsi_14__add,0.0
lgbm_gpu_engineered,z2_z_btc_bollinger_width_20d__z_btc_trend_above_sma20__mul,0.0
lgbm_gpu_engineered,z2_z_btc_bollinger_width_20d__z_btc_trend_above_sma20__add,0.0
lgbm_gpu_engineered,z2_z_btc_bollinger_width_20d__z_btc_trend_above_sma20__sub,0.0
lgbm_gpu_engineered,z2_z_btc_bollinger_width_20d__z_btc_trend_above_sma20__div,0.0
lgbm_gpu_engineered,z2_z_btc_bollinger_width_20d__z_nasdaq_return_1d__add,0.0
lgbm_gpu_engineered,z2_z_btc_bollinger_width_20d__z_nasdaq_return_1d__sub,0.0
lgbm_gpu_engineered,z2_z_btc_bollinger_width_20d__z_nasdaq_return_1d__div,0.0
lgbm_gpu_engineered,z2_z_btc_bollinger_width_20d__z_btc_rsi_7__add,0.0
lgbm_gpu_engineered,z2_z_btc_bollinger_width_20d__z_btc_rsi_7__sub,0.0
lgbm_gpu_engineered,z2_z_btc_bollinger_width_20d__z_btc_rsi_7__div,0.0
lgbm_gpu_engineered,z2_z_btc_bollinger_width_20d__z_btc_trend_sma50_above_sma200__mul,0.0
lgbm_gpu_engineered,z2_z_btc_bollinger_width_20d__z_btc_trend_sma50_above_sma200__add,0.0
lgbm_gpu_engineered,z2_z_btc_bollinger_width_20d__z_btc_trend_sma50_above_sma200__div,0.0
lgbm_gpu_engineered,z2_z_btc_bollinger_width_20d__z_us5y_bp_chg_7d__mul,0.0
lgbm_gpu_engineered,z2_z_btc_bollinger_width_20d__z_us5y_bp_chg_7d__sub,0.0
lgbm_gpu_engineered,z2_z_btc_bollinger_width_20d__z_btc_candle_range_pct__add,0.0
lgbm_gpu_engineered,z2_z_btc_bollinger_width_20d__z_btc_trend_sma7_above_sma30__add,0.0
lgbm_gpu_engineered,z2_z_btc_bollinger_width_20d__z_btc_trend_sma7_above_sma30__sub,0.0
lgbm_gpu_engineered,z2_z_btc_bollinger_width_20d__z_btc_return_1d__add,0.0
lgbm_gpu_engineered,z2_z_btc_bollinger_width_20d__z_btc_return_1d__sub,0.0
lgbm_gpu_engineered,z2_z_btc_bollinger_width_20d__z_btc_return_1d__div,0.0
lgbm_gpu_engineered,z2_z_btc_bollinger_width_20d__z_btc_rolling_mean_distance_60d__mul,0.0
lgbm_gpu_engineered,z2_z_btc_bollinger_width_20d__z_btc_rolling_mean_distance_60d__add,0.0
lgbm_gpu_engineered,z2_z_btc_bollinger_width_20d__z_btc_rolling_mean_distance_60d__div,0.0
lgbm_gpu_engineered,z2_z_btc_bollinger_width_20d__z_btc_candle_body_pct__add,0.0
lgbm_gpu_engineered,z2_z_btc_bollinger_width_20d__z_btc_candle_body_abs_pct__add,0.0
lgbm_gpu_engineered,z2_z_btc_bollinger_width_20d__z_btc_candle_body_abs_pct__sub,0.0
lgbm_gpu_engineered,z2_z_btc_bollinger_width_20d__z_btc_trend_strength_50_200__add,0.0
lgbm_gpu_engineered,z2_z_btc_bollinger_width_20d__z_btc_volume_z_20d__sub,0.0
lgbm_gpu_engineered,z2_z_btc_bollinger_width_20d__z_us10y_bp_chg_7d__sub,0.0
lgbm_gpu_engineered,z2_z_btc_bollinger_width_20d__z_btc_drawdown_120d__sub,0.0
lgbm_gpu_engineered,z2_z_btc_bollinger_width_20d__z_btc_trend_strength_20_50__add,0.0
lgbm_gpu_engineered,z2_z_btc_bollinger_width_20d__z_btc_trend_strength_20_50__div,0.0
lgbm_gpu_engineered,z2_z_btc_bollinger_width_20d__z_btc_rolling_mean_distance_30d__add,0.0
lgbm_gpu_engineered,z2_z_btc_bollinger_width_20d__z_btc_rolling_mean_distance_30d__sub,0.0
lgbm_gpu_engineered,z2_z_btc_bollinger_width_20d__z_btc_return_14d__mul,0.0
lgbm_gpu_engineered,z2_z_btc_rolling_position_20d__z_btc_volume_pct_7d__mul,0.0
lgbm_gpu_engineered,z2_z_btc_rolling_position_20d__z_btc_volume_pct_7d__sub,0.0
lgbm_gpu_engineered,z2_z_btc_rolling_position_20d__z_btc_rolling_position_14d__add,0.0
lgbm_gpu_engineered,z2_z_btc_rolling_position_20d__z_btc_rolling_position_30d__mul,0.0
lgbm_gpu_engineered,z2_z_btc_rolling_position_20d__z_btc_rolling_position_30d__add,0.0
lgbm_gpu_engineered,z2_z_btc_rolling_position_20d__z_btc_trend_above_sma50__mul,0.0
lgbm_gpu_engineered,z2_z_btc_rolling_position_20d__z_btc_trend_above_sma50__add,0.0
lgbm_gpu_engineered,z2_z_btc_rolling_position_20d__z_btc_trend_above_sma50__div,0.0
lgbm_gpu_engineered,z2_z_btc_rolling_position_20d__z_btc_bollinger_percent_b_20d__mul,0.0
lgbm_gpu_engineered,z2_z_btc_rolling_position_20d__z_btc_bollinger_percent_b_20d__add,0.0
lgbm_gpu_engineered,z2_z_btc_rolling_position_20d__z_btc_rsi_30__add,0.0
lgbm_gpu_engineered,z2_z_btc_rolling_position_20d__z_btc_rsi_30__sub,0.0
lgbm_gpu_engineered,z2_z_btc_rolling_position_20d__z_btc_rolling_position_7d__add,0.0
lgbm_gpu_engineered,z2_z_btc_rolling_position_20d__z_btc_rolling_position_7d__sub,0.0
lgbm_gpu_engineered,z2_z_btc_rolling_position_20d__z_btc_rolling_position_60d__add,0.0
lgbm_gpu_engineered,z2_z_btc_rolling_position_20d__z_btc_rolling_position_60d__sub,0.0
lgbm_gpu_engineered,z2_z_btc_rolling_position_20d__z_btc_rsi_14__add,0.0
lgbm_gpu_engineered,z2_z_btc_rolling_position_20d__z_sp500_return_1d__sub,0.0
lgbm_gpu_engineered,z2_z_btc_rolling_position_20d__z_btc_trend_above_sma20__add,0.0
lgbm_gpu_engineered,z2_z_btc_rolling_position_20d__z_btc_trend_above_sma20__sub,0.0
lgbm_gpu_engineered,z2_z_btc_rolling_position_20d__z_nasdaq_return_1d__mul,0.0
lgbm_gpu_engineered,z2_z_btc_rolling_position_20d__z_nasdaq_return_1d__sub,0.0
lgbm_gpu_engineered,z2_z_btc_rolling_position_20d__z_btc_rsi_7__add,0.0
lgbm_gpu_engineered,z2_z_btc_rolling_position_20d__z_btc_trend_sma50_above_sma200__mul,0.0
lgbm_gpu_engineered,z2_z_btc_rolling_position_20d__z_btc_trend_sma50_above_sma200__add,0.0
lgbm_gpu_engineered,z2_z_btc_rolling_position_20d__z_btc_trend_sma50_above_sma200__sub,0.0
lgbm_gpu_engineered,z2_z_btc_rolling_position_20d__z_btc_trend_sma50_above_sma200__div,0.0
lgbm_gpu_engineered,z2_z_btc_rolling_position_20d__z_us5y_bp_chg_7d__mul,0.0
lgbm_gpu_engineered,z2_z_btc_rolling_position_20d__z_us5y_bp_chg_7d__add,0.0
lgbm_gpu_engineered,z2_z_btc_rolling_position_20d__z_gold_return_7d__mul,0.0
lgbm_gpu_engineered,z2_z_btc_rolling_position_20d__z_gold_return_7d__sub,0.0
lgbm_gpu_engineered,z2_z_btc_rolling_position_20d__z_gold_return_7d__div,0.0
lgbm_gpu_engineered,z2_z_btc_rolling_position_20d__z_btc_candle_range_pct__add,0.0
lgbm_gpu_engineered,z2_z_btc_rolling_position_20d__z_btc_candle_range_pct__sub,0.0
lgbm_gpu_engineered,z2_z_btc_rolling_position_20d__z_btc_trend_sma7_above_sma30__mul,0.0
lgbm_gpu_engineered,z2_z_btc_rolling_position_20d__z_btc_trend_sma7_above_sma30__add,0.0
lgbm_gpu_engineered,z2_z_btc_rolling_position_20d__z_btc_trend_sma7_above_sma30__div,0.0
lgbm_gpu_engineered,z2_z_btc_rolling_position_20d__z_btc_return_1d__add,0.0
lgbm_gpu_engineered,z2_z_btc_rolling_position_20d__z_btc_return_1d__sub,0.0
lgbm_gpu_engineered,z2_z_btc_rolling_position_20d__z_btc_rolling_mean_distance_60d__mul,0.0
lgbm_gpu_engineered,z2_z_btc_rolling_position_20d__z_btc_rolling_mean_distance_60d__add,0.0
lgbm_gpu_engineered,z2_z_btc_rolling_position_20d__z_btc_rolling_mean_distance_60d__sub,0.0
lgbm_gpu_engineered,z2_z_btc_rolling_position_20d__z_btc_rolling_mean_distance_60d__div,0.0
lgbm_gpu_engineered,z2_z_btc_rolling_position_20d__z_btc_candle_body_pct__add,0.0
lgbm_gpu_engineered,z2_z_btc_rolling_position_20d__z_btc_candle_body_pct__div,0.0
lgbm_gpu_engineered,z2_z_btc_rolling_position_20d__z_btc_candle_body_abs_pct__mul,0.0
lgbm_gpu_engineered,z2_z_btc_rolling_position_20d__z_btc_candle_body_abs_pct__add,0.0
lgbm_gpu_engineered,z2_z_btc_rolling_position_20d__z_btc_candle_body_abs_pct__div,0.0
lgbm_gpu_engineered,z2_z_btc_rolling_position_20d__z_btc_trend_strength_50_200__mul,0.0
lgbm_gpu_engineered,z2_z_btc_rolling_position_20d__z_btc_trend_strength_50_200__add,0.0
lgbm_gpu_engineered,z2_z_btc_rolling_position_20d__z_btc_trend_strength_50_200__sub,0.0
lgbm_gpu_engineered,z2_z_btc_rolling_position_20d__z_btc_trend_strength_50_200__div,0.0
lgbm_gpu_engineered,z2_z_btc_rolling_position_20d__z_btc_volume_z_20d__sub,0.0
lgbm_gpu_engineered,z2_z_btc_rolling_position_20d__z_us10y_bp_chg_7d__add,0.0
lgbm_gpu_engineered,z2_z_btc_rolling_position_20d__z_us10y_bp_chg_7d__div,0.0
lgbm_gpu_engineered,z2_z_btc_rolling_position_20d__z_btc_drawdown_120d__mul,0.0
lgbm_gpu_engineered,z2_z_btc_rolling_position_20d__z_btc_drawdown_120d__add,0.0
lgbm_gpu_engineered,z2_z_btc_rolling_position_20d__z_btc_drawdown_120d__div,0.0
lgbm_gpu_engineered,z2_z_btc_rolling_position_20d__z_btc_log_volume__sub,0.0
lgbm_gpu_engineered,z2_z_btc_rolling_position_20d__z_btc_volume_diff_7d__mul,0.0
lgbm_gpu_engineered,z2_z_btc_rolling_position_20d__z_btc_volume_diff_7d__sub,0.0
lgbm_gpu_engineered,z2_z_btc_rolling_position_20d__z_btc_trend_strength_20_50__mul,0.0
lgbm_gpu_engineered,z2_z_btc_rolling_position_20d__z_btc_trend_strength_20_50__add,0.0
lgbm_gpu_engineered,z2_z_btc_rolling_position_20d__z_btc_trend_strength_20_50__sub,0.0
lgbm_gpu_engineered,z2_z_btc_rolling_position_20d__z_btc_rolling_mean_distance_30d__mul,0.0
lgbm_gpu_engineered,z2_z_btc_rolling_position_20d__z_btc_rolling_mean_distance_30d__add,0.0
lgbm_gpu_engineered,z2_z_btc_rolling_position_20d__z_btc_rolling_mean_distance_30d__sub,0.0
lgbm_gpu_engineered,z2_z_btc_rolling_position_20d__z_btc_return_14d__add,0.0
lgbm_gpu_engineered,z2_z_btc_volume_pct_7d__z_btc_rolling_position_14d__sub,0.0
lgbm_gpu_engineered,z2_z_btc_volume_pct_7d__z_btc_rolling_position_30d__add,0.0
lgbm_gpu_engineered,z2_z_btc_volume_pct_7d__z_btc_rolling_position_30d__div,0.0
lgbm_gpu_engineered,z2_z_btc_volume_pct_7d__z_btc_trend_above_sma50__sub,0.0
lgbm_gpu_engineered,z2_z_btc_volume_pct_7d__z_btc_trend_above_sma50__div,0.0
lgbm_gpu_engineered,z2_z_btc_volume_pct_7d__z_btc_bollinger_percent_b_20d__mul,0.0
lgbm_gpu_engineered,z2_z_btc_volume_pct_7d__z_btc_bollinger_lower_distance_20d__mul,0.0
lgbm_gpu_engineered,z2_z_btc_volume_pct_7d__z_btc_bollinger_lower_distance_20d__add,0.0
lgbm_gpu_engineered,z2_z_btc_volume_pct_7d__z_btc_bollinger_lower_distance_20d__div,0.0
lgbm_gpu_engineered,z2_z_btc_volume_pct_7d__z_btc_rsi_30__add,0.0
lgbm_gpu_engineered,z2_z_btc_volume_pct_7d__z_btc_rolling_position_60d__mul,0.0
lgbm_gpu_engineered,z2_z_btc_volume_pct_7d__z_btc_rolling_position_60d__add,0.0
lgbm_gpu_engineered,z2_z_btc_volume_pct_7d__z_btc_rsi_14__div,0.0
lgbm_gpu_engineered,z2_z_btc_volume_pct_7d__z_btc_trend_above_sma20__mul,0.0
lgbm_gpu_engineered,z2_z_btc_volume_pct_7d__z_btc_trend_above_sma20__sub,0.0
lgbm_gpu_engineered,z2_z_btc_volume_pct_7d__z_btc_trend_above_sma20__div,0.0
lgbm_gpu_engineered,z2_z_btc_volume_pct_7d__z_nasdaq_return_1d__add,0.0
lgbm_gpu_engineered,z2_z_btc_volume_pct_7d__z_btc_rsi_7__mul,0.0
lgbm_gpu_engineered,z2_z_btc_volume_pct_7d__z_btc_rsi_7__add,0.0
lgbm_gpu_engineered,z2_z_btc_volume_pct_7d__z_btc_trend_sma50_above_sma200__mul,0.0
lgbm_gpu_engineered,z2_z_btc_volume_pct_7d__z_btc_trend_sma50_above_sma200__sub,0.0
lgbm_gpu_engineered,z2_z_btc_volume_pct_7d__z_us5y_bp_chg_7d__sub,0.0
lgbm_gpu_engineered,z2_z_btc_volume_pct_7d__z_gold_return_7d__mul,0.0
lgbm_gpu_engineered,z2_z_btc_volume_pct_7d__z_btc_candle_range_pct__add,0.0
lgbm_gpu_engineered,z2_z_btc_volume_pct_7d__z_btc_trend_sma7_above_sma30__add,0.0
lgbm_gpu_engineered,z2_z_btc_volume_pct_7d__z_btc_trend_sma7_above_sma30__sub,0.0
lgbm_gpu_engineered,z2_z_btc_volume_pct_7d__z_btc_trend_sma7_above_sma30__div,0.0
lgbm_gpu_engineered,z2_z_btc_volume_pct_7d__z_btc_rolling_mean_distance_60d__add,0.0
lgbm_gpu_engineered,z2_z_btc_volume_pct_7d__z_btc_candle_body_pct__add,0.0
lgbm_gpu_engineered,z2_z_btc_volume_pct_7d__z_btc_candle_body_pct__div,0.0
lgbm_gpu_engineered,z2_z_btc_volume_pct_7d__z_btc_candle_body_abs_pct__add,0.0
lgbm_gpu_engineered,z2_z_btc_volume_pct_7d__z_btc_volume_z_20d__mul,0.0
lgbm_gpu_engineered,z2_z_btc_volume_pct_7d__z_btc_volume_z_20d__add,0.0
lgbm_gpu_engineered,z2_z_btc_volume_pct_7d__z_us10y_bp_chg_7d__add,0.0
lgbm_gpu_engineered,z2_z_btc_volume_pct_7d__z_us10y_bp_chg_7d__sub,0.0
lgbm_gpu_engineered,z2_z_btc_volume_pct_7d__z_btc_drawdown_120d__sub,0.0
lgbm_gpu_engineered,z2_z_btc_volume_pct_7d__z_btc_log_volume__add,0.0
lgbm_gpu_engineered,z2_z_btc_volume_pct_7d__z_btc_log_volume__sub,0.0
lgbm_gpu_engineered,z2_z_btc_volume_pct_7d__z_btc_trend_strength_20_50__mul,0.0
lgbm_gpu_engineered,z2_z_btc_volume_pct_7d__z_btc_trend_strength_20_50__add,0.0
lgbm_gpu_engineered,z2_z_btc_volume_pct_7d__z_btc_rolling_mean_distance_30d__add,0.0
lgbm_gpu_engineered,z2_z_btc_volume_pct_7d__z_btc_rolling_mean_distance_30d__sub,0.0
lgbm_gpu_engineered,z2_z_btc_volume_pct_7d__z_btc_return_14d__mul,0.0
lgbm_gpu_engineered,z2_z_btc_volume_pct_7d__z_btc_return_14d__sub,0.0
lgbm_gpu_engineered,z2_z_btc_rolling_position_14d__z_btc_rolling_position_30d__mul,0.0
lgbm_gpu_engineered,z2_z_btc_rolling_position_14d__z_btc_rolling_position_30d__add,0.0
lgbm_gpu_engineered,z2_z_btc_rolling_position_14d__z_btc_rolling_position_30d__sub,0.0
lgbm_gpu_engineered,z2_z_btc_rolling_position_14d__z_btc_rolling_position_30d__div,0.0
lgbm_gpu_engineered,z2_z_btc_rolling_position_14d__z_btc_trend_above_sma50__add,0.0
lgbm_gpu_engineered,z2_z_btc_rolling_position_14d__z_btc_trend_above_sma50__sub,0.0
lgbm_gpu_engineered,z2_z_btc_rolling_position_14d__z_btc_trend_above_sma50__div,0.0
lgbm_gpu_engineered,z2_z_btc_rolling_position_14d__z_btc_bollinger_percent_b_20d__add,0.0
lgbm_gpu_engineered,z2_z_btc_rolling_position_14d__z_btc_bollinger_percent_b_20d__div,0.0
lgbm_gpu_engineered,z2_z_btc_rolling_position_14d__z_btc_rsi_30__mul,0.0
lgbm_gpu_engineered,z2_z_btc_rolling_position_14d__z_btc_rsi_30__add,0.0
lgbm_gpu_engineered,z2_z_btc_rolling_position_14d__z_btc_rolling_position_7d__add,0.0
lgbm_gpu_engineered,z2_z_btc_rolling_position_14d__z_btc_rolling_position_7d__sub,0.0
lgbm_gpu_engineered,z2_z_btc_rolling_position_14d__z_btc_rolling_position_60d__add,0.0
lgbm_gpu_engineered,z2_z_btc_rolling_position_14d__z_btc_rolling_position_60d__sub,0.0
lgbm_gpu_engineered,z2_z_btc_rolling_position_14d__z_btc_rolling_position_60d__div,0.0
lgbm_gpu_engineered,z2_z_btc_rolling_position_14d__z_btc_rsi_14__div,0.0
lgbm_gpu_engineered,z2_z_btc_rolling_position_14d__z_btc_trend_above_sma20__mul,0.0
lgbm_gpu_engineered,z2_z_btc_rolling_position_14d__z_btc_trend_above_sma20__sub,0.0
lgbm_gpu_engineered,z2_z_btc_rolling_position_14d__z_btc_trend_above_sma20__div,0.0
lgbm_gpu_engineered,z2_z_btc_rolling_position_14d__z_nasdaq_return_1d__mul,0.0
lgbm_gpu_engineered,z2_z_btc_rolling_position_14d__z_nasdaq_return_1d__sub,0.0
lgbm_gpu_engineered,z2_z_btc_rolling_position_14d__z_btc_rsi_7__mul,0.0
lgbm_gpu_engineered,z2_z_btc_rolling_position_14d__z_btc_rsi_7__add,0.0
lgbm_gpu_engineered,z2_z_btc_rolling_position_14d__z_btc_trend_sma50_above_sma200__mul,0.0
lgbm_gpu_engineered,z2_z_btc_rolling_position_14d__z_btc_trend_sma50_above_sma200__add,0.0
lgbm_gpu_engineered,z2_z_btc_rolling_position_14d__z_btc_trend_sma50_above_sma200__div,0.0
lgbm_gpu_engineered,z2_z_btc_rolling_position_14d__z_us5y_bp_chg_7d__mul,0.0
lgbm_gpu_engineered,z2_z_btc_rolling_position_14d__z_us5y_bp_chg_7d__sub,0.0
lgbm_gpu_engineered,z2_z_btc_rolling_position_14d__z_gold_return_7d__add,0.0
lgbm_gpu_engineered,z2_z_btc_rolling_position_14d__z_btc_candle_range_pct__mul,0.0
lgbm_gpu_engineered,z2_z_btc_rolling_position_14d__z_btc_candle_range_pct__add,0.0
lgbm_gpu_engineered,z2_z_btc_rolling_position_14d__z_btc_trend_sma7_above_sma30__sub,0.0
lgbm_gpu_engineered,z2_z_btc_rolling_position_14d__z_btc_return_1d__add,0.0
lgbm_gpu_engineered,z2_z_btc_rolling_position_14d__z_btc_rolling_mean_distance_60d__mul,0.0
lgbm_gpu_engineered,z2_z_btc_rolling_position_14d__z_btc_rolling_mean_distance_60d__add,0.0
lgbm_gpu_engineered,z2_z_btc_rolling_position_14d__z_btc_rolling_mean_distance_60d__div,0.0
lgbm_gpu_engineered,z2_z_btc_rolling_position_14d__z_btc_candle_body_pct__mul,0.0
lgbm_gpu_engineered,z2_z_btc_rolling_position_14d__z_btc_candle_body_pct__add,0.0
lgbm_gpu_engineered,z2_z_btc_rolling_position_14d__z_btc_candle_body_abs_pct__mul,0.0
lgbm_gpu_engineered,z2_z_btc_rolling_position_14d__z_btc_volume_z_20d__mul,0.0
lgbm_gpu_engineered,z2_z_btc_rolling_position_14d__z_btc_volume_z_20d__add,0.0
lgbm_gpu_engineered,z2_z_btc_rolling_position_14d__z_btc_volume_z_20d__div,0.0
lgbm_gpu_engineered,z2_z_btc_rolling_position_14d__z_us10y_bp_chg_7d__mul,0.0
lgbm_gpu_engineered,z2_z_btc_rolling_position_14d__z_us10y_bp_chg_7d__add,0.0
lgbm_gpu_engineered,z2_z_btc_rolling_position_14d__z_btc_drawdown_120d__mul,0.0
lgbm_gpu_engineered,z2_z_btc_rolling_position_14d__z_btc_drawdown_120d__add,0.0
lgbm_gpu_engineered,z2_z_btc_rolling_position_14d__z_btc_drawdown_120d__sub,0.0
lgbm_gpu_engineered,z2_z_btc_rolling_position_14d__z_btc_log_volume__sub,0.0
lgbm_gpu_engineered,z2_z_btc_rolling_position_14d__z_btc_volume_diff_7d__add,0.0
lgbm_gpu_engineered,z2_z_btc_rolling_position_14d__z_btc_volume_diff_7d__sub,0.0
lgbm_gpu_engineered,z2_z_btc_rolling_position_14d__z_btc_trend_strength_20_50__add,0.0
lgbm_gpu_engineered,z2_z_btc_rolling_position_14d__z_btc_rolling_mean_distance_30d__mul,0.0
lgbm_gpu_engineered,z2_z_btc_rolling_position_14d__z_btc_rolling_mean_distance_30d__add,0.0
lgbm_gpu_engineered,z2_z_btc_rolling_position_14d__z_btc_rolling_mean_distance_30d__sub,0.0
lgbm_gpu_engineered,z2_z_btc_rolling_position_14d__z_btc_return_14d__add,0.0
lgbm_gpu_engineered,z2_z_btc_rolling_position_14d__z_btc_return_14d__sub,0.0
lgbm_gpu_engineered,z2_z_btc_rolling_position_30d__z_btc_trend_above_sma50__mul,0.0
lgbm_gpu_engineered,z2_z_btc_rolling_position_30d__z_btc_trend_above_sma50__add,0.0
lgbm_gpu_engineered,z2_z_btc_rolling_position_30d__z_btc_trend_above_sma50__div,0.0
lgbm_gpu_engineered,z2_z_btc_rolling_position_30d__z_btc_bollinger_percent_b_20d__add,0.0
lgbm_gpu_engineered,z2_z_btc_rolling_position_30d__z_btc_bollinger_percent_b_20d__div,0.0
lgbm_gpu_engineered,z2_z_btc_rolling_position_30d__z_btc_bollinger_lower_distance_20d__mul,0.0
lgbm_gpu_engineered,z2_z_btc_rolling_position_30d__z_btc_bollinger_lower_distance_20d__add,0.0
lgbm_gpu_engineered,z2_z_btc_rolling_position_30d__z_btc_bollinger_lower_distance_20d__sub,0.0
lgbm_gpu_engineered,z2_z_btc_rolling_position_30d__z_btc_rolling_position_7d__mul,0.0
lgbm_gpu_engineered,z2_z_btc_rolling_position_30d__z_btc_rolling_position_7d__add,0.0
lgbm_gpu_engineered,z2_z_btc_rolling_position_30d__z_btc_rolling_position_7d__sub,0.0
lgbm_gpu_engineered,z2_z_btc_rolling_position_30d__z_btc_rolling_position_60d__add,0.0
lgbm_gpu_engineered,z2_z_btc_rolling_position_30d__z_btc_rolling_position_60d__div,0.0
lgbm_gpu_engineered,z2_z_btc_rolling_position_30d__z_btc_rsi_14__add,0.0
lgbm_gpu_engineered,z2_z_btc_rolling_position_30d__z_sp500_return_1d__add,0.0
lgbm_gpu_engineered,z2_z_btc_rolling_position_30d__z_sp500_return_1d__sub,0.0
lgbm_gpu_engineered,z2_z_btc_rolling_position_30d__z_sp500_return_1d__div,0.0
lgbm_gpu_engineered,z2_z_btc_rolling_position_30d__z_btc_trend_above_sma20__mul,0.0
lgbm_gpu_engineered,z2_z_btc_rolling_position_30d__z_btc_trend_above_sma20__add,0.0
lgbm_gpu_engineered,z2_z_btc_rolling_position_30d__z_nasdaq_return_1d__mul,0.0
lgbm_gpu_engineered,z2_z_btc_rolling_position_30d__z_nasdaq_return_1d__add,0.0
lgbm_gpu_engineered,z2_z_btc_rolling_position_30d__z_nasdaq_return_1d__sub,0.0
lgbm_gpu_engineered,z2_z_btc_rolling_position_30d__z_btc_rsi_7__mul,0.0
lgbm_gpu_engineered,z2_z_btc_rolling_position_30d__z_btc_rsi_7__add,0.0
lgbm_gpu_engineered,z2_z_btc_rolling_position_30d__z_btc_trend_sma50_above_sma200__mul,0.0
lgbm_gpu_engineered,z2_z_btc_rolling_position_30d__z_btc_trend_sma50_above_sma200__div,0.0
lgbm_gpu_engineered,z2_z_btc_rolling_position_30d__z_us5y_bp_chg_7d__add,0.0
lgbm_gpu_engineered,z2_z_btc_rolling_position_30d__z_us5y_bp_chg_7d__sub,0.0
lgbm_gpu_engineered,z2_z_btc_rolling_position_30d__z_gold_return_7d__add,0.0
lgbm_gpu_engineered,z2_z_btc_rolling_position_30d__z_btc_candle_range_pct__mul,0.0
lgbm_gpu_engineered,z2_z_btc_rolling_position_30d__z_btc_candle_range_pct__add,0.0
lgbm_gpu_engineered,z2_z_btc_rolling_position_30d__z_btc_candle_range_pct__sub,0.0
lgbm_gpu_engineered,z2_z_btc_rolling_position_30d__z_btc_candle_range_pct__div,0.0
lgbm_gpu_engineered,z2_z_btc_rolling_position_30d__z_btc_trend_sma7_above_sma30__add,0.0
lgbm_gpu_engineered,z2_z_btc_rolling_position_30d__z_btc_trend_sma7_above_sma30__sub,0.0
lgbm_gpu_engineered,z2_z_btc_rolling_position_30d__z_btc_trend_sma7_above_sma30__div,0.0
lgbm_gpu_engineered,z2_z_btc_rolling_position_30d__z_btc_return_1d__add,0.0
lgbm_gpu_engineered,z2_z_btc_rolling_position_30d__z_btc_return_1d__sub,0.0
lgbm_gpu_engineered,z2_z_btc_rolling_position_30d__z_btc_rolling_mean_distance_60d__mul,0.0
lgbm_gpu_engineered,z2_z_btc_rolling_position_30d__z_btc_rolling_mean_distance_60d__add,0.0
lgbm_gpu_engineered,z2_z_btc_rolling_position_30d__z_btc_rolling_mean_distance_60d__sub,0.0
lgbm_gpu_engineered,z2_z_btc_rolling_position_30d__z_btc_candle_body_pct__add,0.0
lgbm_gpu_engineered,z2_z_btc_rolling_position_30d__z_btc_candle_body_pct__sub,0.0
lgbm_gpu_engineered,z2_z_btc_rolling_position_30d__z_btc_candle_body_abs_pct__add,0.0
lgbm_gpu_engineered,z2_z_btc_rolling_position_30d__z_btc_trend_strength_50_200__mul,0.0
lgbm_gpu_engineered,z2_z_btc_rolling_position_30d__z_btc_trend_strength_50_200__add,0.0
lgbm_gpu_engineered,z2_z_btc_rolling_position_30d__z_btc_trend_strength_50_200__sub,0.0
lgbm_gpu_engineered,z2_z_btc_rolling_position_30d__z_btc_trend_strength_50_200__div,0.0
lgbm_gpu_engineered,z2_z_btc_rolling_position_30d__z_btc_volume_z_20d__add,0.0
lgbm_gpu_engineered,z2_z_btc_rolling_position_30d__z_btc_volume_z_20d__sub,0.0
lgbm_gpu_engineered,z2_z_btc_rolling_position_30d__z_us10y_bp_chg_7d__sub,0.0
lgbm_gpu_engineered,z2_z_btc_rolling_position_30d__z_btc_drawdown_120d__add,0.0
lgbm_gpu_engineered,z2_z_btc_rolling_position_30d__z_btc_drawdown_120d__sub,0.0
lgbm_gpu_engineered,z2_z_btc_rolling_position_30d__z_btc_drawdown_120d__div,0.0
lgbm_gpu_engineered,z2_z_btc_rolling_position_30d__z_btc_volume_diff_7d__add,0.0
lgbm_gpu_engineered,z2_z_btc_rolling_position_30d__z_btc_volume_diff_7d__sub,0.0
lgbm_gpu_engineered,z2_z_btc_rolling_position_30d__z_btc_trend_strength_20_50__add,0.0
lgbm_gpu_engineered,z2_z_btc_rolling_position_30d__z_btc_trend_strength_20_50__sub,0.0
lgbm_gpu_engineered,z2_z_btc_rolling_position_30d__z_btc_rolling_mean_distance_30d__mul,0.0
lgbm_gpu_engineered,z2_z_btc_rolling_position_30d__z_btc_rolling_mean_distance_30d__add,0.0
lgbm_gpu_engineered,z2_z_btc_rolling_position_30d__z_btc_return_14d__mul,0.0
lgbm_gpu_engineered,z2_z_btc_rolling_position_30d__z_btc_return_14d__add,0.0
lgbm_gpu_engineered,z2_z_btc_trend_above_sma50__z_btc_bollinger_percent_b_20d__mul,0.0
lgbm_gpu_engineered,z2_z_btc_trend_above_sma50__z_btc_bollinger_percent_b_20d__add,0.0
lgbm_gpu_engineered,z2_z_btc_trend_above_sma50__z_btc_bollinger_lower_distance_20d__add,0.0
lgbm_gpu_engineered,z2_z_btc_trend_above_sma50__z_btc_rsi_30__add,0.0
lgbm_gpu_engineered,z2_z_btc_trend_above_sma50__z_btc_rolling_position_7d__mul,0.0
lgbm_gpu_engineered,z2_z_btc_trend_above_sma50__z_btc_rolling_position_7d__add,0.0
lgbm_gpu_engineered,z2_z_btc_trend_above_sma50__z_btc_rolling_position_7d__sub,0.0
lgbm_gpu_engineered,z2_z_btc_trend_above_sma50__z_btc_rolling_position_60d__mul,0.0
lgbm_gpu_engineered,z2_z_btc_trend_above_sma50__z_btc_rolling_position_60d__add,0.0
lgbm_gpu_engineered,z2_z_btc_trend_above_sma50__z_btc_rsi_14__mul,0.0
lgbm_gpu_engineered,z2_z_btc_trend_above_sma50__z_btc_rsi_14__add,0.0
lgbm_gpu_engineered,z2_z_btc_trend_above_sma50__z_sp500_return_1d__mul,0.0
lgbm_gpu_engineered,z2_z_btc_trend_above_sma50__z_btc_trend_above_sma20__mul,0.0
lgbm_gpu_engineered,z2_z_btc_trend_above_sma50__z_btc_trend_above_sma20__add,0.0
lgbm_gpu_engineered,z2_z_btc_trend_above_sma50__z_btc_trend_above_sma20__sub,0.0
lgbm_gpu_engineered,z2_z_btc_trend_above_sma50__z_btc_trend_above_sma20__div,0.0
lgbm_gpu_engineered,z2_z_btc_trend_above_sma50__z_nasdaq_return_1d__add,0.0
lgbm_gpu_engineered,z2_z_btc_trend_above_sma50__z_nasdaq_return_1d__sub,0.0
lgbm_gpu_engineered,z2_z_btc_trend_above_sma50__z_nasdaq_return_1d__div,0.0
lgbm_gpu_engineered,z2_z_btc_trend_above_sma50__z_btc_trend_sma50_above_sma200__mul,0.0
lgbm_gpu_engineered,z2_z_btc_trend_above_sma50__z_btc_trend_sma50_above_sma200__add,0.0
lgbm_gpu_engineered,z2_z_btc_trend_above_sma50__z_btc_trend_sma50_above_sma200__sub,0.0
lgbm_gpu_engineered,z2_z_btc_trend_above_sma50__z_btc_trend_sma50_above_sma200__div,0.0
lgbm_gpu_engineered,z2_z_btc_trend_above_sma50__z_gold_return_7d__add,0.0
lgbm_gpu_engineered,z2_z_btc_trend_above_sma50__z_gold_return_7d__sub,0.0
lgbm_gpu_engineered,z2_z_btc_trend_above_sma50__z_btc_candle_range_pct__mul,0.0
lgbm_gpu_engineered,z2_z_btc_trend_above_sma50__z_btc_candle_range_pct__add,0.0
lgbm_gpu_engineered,z2_z_btc_trend_above_sma50__z_btc_candle_range_pct__sub,0.0
lgbm_gpu_engineered,z2_z_btc_trend_above_sma50__z_btc_candle_range_pct__div,0.0
lgbm_gpu_engineered,z2_z_btc_trend_above_sma50__z_btc_trend_sma7_above_sma30__mul,0.0
lgbm_gpu_engineered,z2_z_btc_trend_above_sma50__z_btc_trend_sma7_above_sma30__add,0.0
lgbm_gpu_engineered,z2_z_btc_trend_above_sma50__z_btc_trend_sma7_above_sma30__sub,0.0
lgbm_gpu_engineered,z2_z_btc_trend_above_sma50__z_btc_trend_sma7_above_sma30__div,0.0
lgbm_gpu_engineered,z2_z_btc_trend_above_sma50__z_btc_return_1d__add,0.0
lgbm_gpu_engineered,z2_z_btc_trend_above_sma50__z_btc_return_1d__sub,0.0
lgbm_gpu_engineered,z2_z_btc_trend_above_sma50__z_btc_rolling_mean_distance_60d__add,0.0
lgbm_gpu_engineered,z2_z_btc_trend_above_sma50__z_btc_rolling_mean_distance_60d__div,0.0
lgbm_gpu_engineered,z2_z_btc_trend_above_sma50__z_btc_candle_body_pct__add,0.0
lgbm_gpu_engineered,z2_z_btc_trend_above_sma50__z_btc_candle_body_pct__div,0.0
lgbm_gpu_engineered,z2_z_btc_trend_above_sma50__z_btc_candle_body_abs_pct__mul,0.0
lgbm_gpu_engineered,z2_z_btc_trend_above_sma50__z_btc_candle_body_abs_pct__sub,0.0
lgbm_gpu_engineered,z2_z_btc_trend_above_sma50__z_btc_trend_strength_50_200__mul,0.0
lgbm_gpu_engineered,z2_z_btc_trend_above_sma50__z_btc_trend_strength_50_200__add,0.0
lgbm_gpu_engineered,z2_z_btc_trend_above_sma50__z_btc_trend_strength_50_200__div,0.0
lgbm_gpu_engineered,z2_z_btc_trend_above_sma50__z_btc_volume_z_20d__add,0.0
lgbm_gpu_engineered,z2_z_btc_trend_above_sma50__z_btc_volume_z_20d__sub,0.0
lgbm_gpu_engineered,z2_z_btc_trend_above_sma50__z_us10y_bp_chg_7d__mul,0.0
lgbm_gpu_engineered,z2_z_btc_trend_above_sma50__z_us10y_bp_chg_7d__sub,0.0
lgbm_gpu_engineered,z2_z_btc_trend_above_sma50__z_us10y_bp_chg_7d__div,0.0
lgbm_gpu_engineered,z2_z_btc_trend_above_sma50__z_btc_drawdown_120d__mul,0.0
lgbm_gpu_engineered,z2_z_btc_trend_above_sma50__z_btc_drawdown_120d__add,0.0
lgbm_gpu_engineered,z2_z_btc_trend_above_sma50__z_btc_log_volume__mul,0.0
lgbm_gpu_engineered,z2_z_btc_trend_above_sma50__z_btc_log_volume__add,0.0
lgbm_gpu_engineered,z2_z_btc_trend_above_sma50__z_btc_log_volume__sub,0.0
lgbm_gpu_engineered,z2_z_btc_trend_above_sma50__z_btc_volume_diff_7d__add,0.0
lgbm_gpu_engineered,z2_z_btc_trend_above_sma50__z_btc_volume_diff_7d__div,0.0
lgbm_gpu_engineered,z2_z_btc_trend_above_sma50__z_btc_trend_strength_20_50__add,0.0
lgbm_gpu_engineered,z2_z_btc_trend_above_sma50__z_btc_trend_strength_20_50__div,0.0
lgbm_gpu_engineered,z2_z_btc_trend_above_sma50__z_btc_rolling_mean_distance_30d__add,0.0
lgbm_gpu_engineered,z2_z_btc_trend_above_sma50__z_btc_rolling_mean_distance_30d__div,0.0
lgbm_gpu_engineered,z2_z_btc_trend_above_sma50__z_btc_return_14d__mul,0.0
lgbm_gpu_engineered,z2_z_btc_trend_above_sma50__z_btc_return_14d__add,0.0
lgbm_gpu_engineered,z2_z_btc_trend_above_sma50__z_btc_return_14d__div,0.0
lgbm_gpu_engineered,z2_z_btc_bollinger_percent_b_20d__z_btc_bollinger_lower_distance_20d__mul,0.0
lgbm_gpu_engineered,z2_z_btc_bollinger_percent_b_20d__z_btc_bollinger_lower_distance_20d__add,0.0
lgbm_gpu_engineered,z2_z_btc_bollinger_percent_b_20d__z_btc_bollinger_lower_distance_20d__sub,0.0
lgbm_gpu_engineered,z2_z_btc_bollinger_percent_b_20d__z_btc_bollinger_lower_distance_20d__div,0.0
lgbm_gpu_engineered,z2_z_btc_bollinger_percent_b_20d__z_btc_rsi_30__add,0.0
lgbm_gpu_engineered,z2_z_btc_bollinger_percent_b_20d__z_btc_rsi_30__div,0.0
lgbm_gpu_engineered,z2_z_btc_bollinger_percent_b_20d__z_btc_rolling_position_7d__add,0.0
lgbm_gpu_engineered,z2_z_btc_bollinger_percent_b_20d__z_btc_rolling_position_60d__mul,0.0
lgbm_gpu_engineered,z2_z_btc_bollinger_percent_b_20d__z_btc_rolling_position_60d__add,0.0
lgbm_gpu_engineered,z2_z_btc_bollinger_percent_b_20d__z_btc_rsi_14__add,0.0
lgbm_gpu_engineered,z2_z_btc_bollinger_percent_b_20d__z_btc_rsi_14__sub,0.0
lgbm_gpu_engineered,z2_z_btc_bollinger_percent_b_20d__z_sp500_return_1d__mul,0.0
lgbm_gpu_engineered,z2_z_btc_bollinger_percent_b_20d__z_sp500_return_1d__div,0.0
lgbm_gpu_engineered,z2_z_btc_bollinger_percent_b_20d__z_btc_trend_above_sma20__mul,0.0
lgbm_gpu_engineered,z2_z_btc_bollinger_percent_b_20d__z_btc_trend_above_sma20__add,0.0
lgbm_gpu_engineered,z2_z_btc_bollinger_percent_b_20d__z_btc_trend_above_sma20__sub,0.0
lgbm_gpu_engineered,z2_z_btc_bollinger_percent_b_20d__z_btc_trend_above_sma20__div,0.0
lgbm_gpu_engineered,z2_z_btc_bollinger_percent_b_20d__z_nasdaq_return_1d__add,0.0
lgbm_gpu_engineered,z2_z_btc_bollinger_percent_b_20d__z_nasdaq_return_1d__sub,0.0
lgbm_gpu_engineered,z2_z_btc_bollinger_percent_b_20d__z_nasdaq_return_1d__div,0.0
lgbm_gpu_engineered,z2_z_btc_bollinger_percent_b_20d__z_btc_rsi_7__add,0.0
lgbm_gpu_engineered,z2_z_btc_bollinger_percent_b_20d__z_btc_trend_sma50_above_sma200__mul,0.0
lgbm_gpu_engineered,z2_z_btc_bollinger_percent_b_20d__z_btc_trend_sma50_above_sma200__sub,0.0
lgbm_gpu_engineered,z2_z_btc_bollinger_percent_b_20d__z_us5y_bp_chg_7d__mul,0.0
lgbm_gpu_engineered,z2_z_btc_bollinger_percent_b_20d__z_gold_return_7d__sub,0.0
lgbm_gpu_engineered,z2_z_btc_bollinger_percent_b_20d__z_btc_candle_range_pct__mul,0.0
lgbm_gpu_engineered,z2_z_btc_bollinger_percent_b_20d__z_btc_candle_range_pct__add,0.0
lgbm_gpu_engineered,z2_z_btc_bollinger_percent_b_20d__z_btc_candle_range_pct__sub,0.0
lgbm_gpu_engineered,z2_z_btc_bollinger_percent_b_20d__z_btc_trend_sma7_above_sma30__mul,0.0
lgbm_gpu_engineered,z2_z_btc_bollinger_percent_b_20d__z_btc_trend_sma7_above_sma30__add,0.0
lgbm_gpu_engineered,z2_z_btc_bollinger_percent_b_20d__z_btc_trend_sma7_above_sma30__sub,0.0
lgbm_gpu_engineered,z2_z_btc_bollinger_percent_b_20d__z_btc_return_1d__mul,0.0
lgbm_gpu_engineered,z2_z_btc_bollinger_percent_b_20d__z_btc_return_1d__add,0.0
lgbm_gpu_engineered,z2_z_btc_bollinger_percent_b_20d__z_btc_return_1d__sub,0.0
lgbm_gpu_engineered,z2_z_btc_bollinger_percent_b_20d__z_btc_rolling_mean_distance_60d__mul,0.0
lgbm_gpu_engineered,z2_z_btc_bollinger_percent_b_20d__z_btc_rolling_mean_distance_60d__add,0.0
lgbm_gpu_engineered,z2_z_btc_bollinger_percent_b_20d__z_btc_rolling_mean_distance_60d__sub,0.0
lgbm_gpu_engineered,z2_z_btc_bollinger_percent_b_20d__z_btc_rolling_mean_distance_60d__div,0.0
lgbm_gpu_engineered,z2_z_btc_bollinger_percent_b_20d__z_btc_candle_body_pct__mul,0.0
lgbm_gpu_engineered,z2_z_btc_bollinger_percent_b_20d__z_btc_candle_body_pct__sub,0.0
lgbm_gpu_engineered,z2_z_btc_bollinger_percent_b_20d__z_btc_candle_body_abs_pct__add,0.0
lgbm_gpu_engineered,z2_z_btc_bollinger_percent_b_20d__z_btc_candle_body_abs_pct__sub,0.0
lgbm_gpu_engineered,z2_z_btc_bollinger_percent_b_20d__z_btc_trend_strength_50_200__mul,0.0
lgbm_gpu_engineered,z2_z_btc_bollinger_percent_b_20d__z_btc_volume_z_20d__add,0.0
lgbm_gpu_engineered,z2_z_btc_bollinger_percent_b_20d__z_btc_volume_z_20d__sub,0.0
lgbm_gpu_engineered,z2_z_btc_bollinger_percent_b_20d__z_btc_volume_z_20d__div,0.0
lgbm_gpu_engineered,z2_z_btc_bollinger_percent_b_20d__z_us10y_bp_chg_7d__sub,0.0
lgbm_gpu_engineered,z2_z_btc_bollinger_percent_b_20d__z_btc_drawdown_120d__add,0.0
lgbm_gpu_engineered,z2_z_btc_bollinger_percent_b_20d__z_btc_log_volume__add,0.0
lgbm_gpu_engineered,z2_z_btc_bollinger_percent_b_20d__z_btc_log_volume__div,0.0
lgbm_gpu_engineered,z2_z_btc_bollinger_percent_b_20d__z_btc_volume_diff_7d__mul,0.0
lgbm_gpu_engineered,z2_z_btc_bollinger_percent_b_20d__z_btc_trend_strength_20_50__add,0.0
lgbm_gpu_engineered,z2_z_btc_bollinger_percent_b_20d__z_btc_rolling_mean_distance_30d__mul,0.0
lgbm_gpu_engineered,z2_z_btc_bollinger_percent_b_20d__z_btc_rolling_mean_distance_30d__add,0.0
lgbm_gpu_engineered,z2_z_btc_bollinger_percent_b_20d__z_btc_rolling_mean_distance_30d__sub,0.0
lgbm_gpu_engineered,z2_z_btc_bollinger_percent_b_20d__z_btc_rolling_mean_distance_30d__div,0.0
lgbm_gpu_engineered,z2_z_btc_bollinger_percent_b_20d__z_btc_return_14d__add,0.0
lgbm_gpu_engineered,z2_z_btc_bollinger_percent_b_20d__z_btc_return_14d__div,0.0
lgbm_gpu_engineered,z2_z_btc_bollinger_lower_distance_20d__z_btc_rsi_30__mul,0.0
lgbm_gpu_engineered,z2_z_btc_bollinger_lower_distance_20d__z_btc_rsi_30__add,0.0
lgbm_gpu_engineered,z2_z_btc_bollinger_lower_distance_20d__z_btc_rolling_position_7d__add,0.0
lgbm_gpu_engineered,z2_z_btc_bollinger_lower_distance_20d__z_btc_rolling_position_7d__sub,0.0
lgbm_gpu_engineered,z2_z_btc_bollinger_lower_distance_20d__z_btc_rolling_position_60d__mul,0.0
lgbm_gpu_engineered,z2_z_btc_bollinger_lower_distance_20d__z_btc_rolling_position_60d__add,0.0
lgbm_gpu_engineered,z2_z_btc_bollinger_lower_distance_20d__z_btc_rolling_position_60d__sub,0.0
lgbm_gpu_engineered,z2_z_btc_bollinger_lower_distance_20d__z_btc_rolling_position_60d__div,0.0
lgbm_gpu_engineered,z2_z_btc_bollinger_lower_distance_20d__z_btc_rsi_14__mul,0.0
lgbm_gpu_engineered,z2_z_btc_bollinger_lower_distance_20d__z_btc_rsi_14__add,0.0
lgbm_gpu_engineered,z2_z_btc_bollinger_lower_distance_20d__z_btc_trend_above_sma20__mul,0.0
lgbm_gpu_engineered,z2_z_btc_bollinger_lower_distance_20d__z_btc_trend_above_sma20__add,0.0
lgbm_gpu_engineered,z2_z_btc_bollinger_lower_distance_20d__z_btc_trend_above_sma20__div,0.0
lgbm_gpu_engineered,z2_z_btc_bollinger_lower_distance_20d__z_nasdaq_return_1d__mul,0.0
lgbm_gpu_engineered,z2_z_btc_bollinger_lower_distance_20d__z_nasdaq_return_1d__add,0.0
lgbm_gpu_engineered,z2_z_btc_bollinger_lower_distance_20d__z_nasdaq_return_1d__sub,0.0
lgbm_gpu_engineered,z2_z_btc_bollinger_lower_distance_20d__z_btc_rsi_7__add,0.0
lgbm_gpu_engineered,z2_z_btc_bollinger_lower_distance_20d__z_btc_trend_sma50_above_sma200__mul,0.0
lgbm_gpu_engineered,z2_z_btc_bollinger_lower_distance_20d__z_btc_trend_sma50_above_sma200__sub,0.0
lgbm_gpu_engineered,z2_z_btc_bollinger_lower_distance_20d__z_btc_trend_sma50_above_sma200__div,0.0
lgbm_gpu_engineered,z2_z_btc_bollinger_lower_distance_20d__z_us5y_bp_chg_7d__mul,0.0
lgbm_gpu_engineered,z2_z_btc_bollinger_lower_distance_20d__z_us5y_bp_chg_7d__sub,0.0
lgbm_gpu_engineered,z2_z_btc_bollinger_lower_distance_20d__z_gold_return_7d__sub,0.0
lgbm_gpu_engineered,z2_z_btc_bollinger_lower_distance_20d__z_btc_candle_range_pct__add,0.0
lgbm_gpu_engineered,z2_z_btc_bollinger_lower_distance_20d__z_btc_trend_sma7_above_sma30__mul,0.0
lgbm_gpu_engineered,z2_z_btc_bollinger_lower_distance_20d__z_btc_trend_sma7_above_sma30__add,0.0
lgbm_gpu_engineered,z2_z_btc_bollinger_lower_distance_20d__z_btc_trend_sma7_above_sma30__sub,0.0
lgbm_gpu_engineered,z2_z_btc_bollinger_lower_distance_20d__z_btc_trend_sma7_above_sma30__div,0.0
lgbm_gpu_engineered,z2_z_btc_bollinger_lower_distance_20d__z_btc_return_1d__add,0.0
lgbm_gpu_engineered,z2_z_btc_bollinger_lower_distance_20d__z_btc_return_1d__sub,0.0
lgbm_gpu_engineered,z2_z_btc_bollinger_lower_distance_20d__z_btc_rolling_mean_distance_60d__mul,0.0
lgbm_gpu_engineered,z2_z_btc_bollinger_lower_distance_20d__z_btc_rolling_mean_distance_60d__add,0.0
lgbm_gpu_engineered,z2_z_btc_bollinger_lower_distance_20d__z_btc_rolling_mean_distance_60d__div,0.0
lgbm_gpu_engineered,z2_z_btc_bollinger_lower_distance_20d__z_btc_candle_body_pct__add,0.0
lgbm_gpu_engineered,z2_z_btc_bollinger_lower_distance_20d__z_btc_candle_body_pct__sub,0.0
lgbm_gpu_engineered,z2_z_btc_bollinger_lower_distance_20d__z_btc_candle_body_pct__div,0.0
lgbm_gpu_engineered,z2_z_btc_bollinger_lower_distance_20d__z_btc_candle_body_abs_pct__add,0.0
lgbm_gpu_engineered,z2_z_btc_bollinger_lower_distance_20d__z_btc_candle_body_abs_pct__sub,0.0
lgbm_gpu_engineered,z2_z_btc_bollinger_lower_distance_20d__z_btc_trend_strength_50_200__mul,0.0
lgbm_gpu_engineered,z2_z_btc_bollinger_lower_distance_20d__z_btc_trend_strength_50_200__add,0.0
lgbm_gpu_engineered,z2_z_btc_bollinger_lower_distance_20d__z_btc_volume_z_20d__mul,0.0
lgbm_gpu_engineered,z2_z_btc_bollinger_lower_distance_20d__z_btc_volume_z_20d__add,0.0
lgbm_gpu_engineered,z2_z_btc_bollinger_lower_distance_20d__z_us10y_bp_chg_7d__add,0.0
lgbm_gpu_engineered,z2_z_btc_bollinger_lower_distance_20d__z_us10y_bp_chg_7d__sub,0.0
lgbm_gpu_engineered,z2_z_btc_bollinger_lower_distance_20d__z_btc_drawdown_120d__mul,0.0
lgbm_gpu_engineered,z2_z_btc_bollinger_lower_distance_20d__z_btc_drawdown_120d__add,0.0
lgbm_gpu_engineered,z2_z_btc_bollinger_lower_distance_20d__z_btc_drawdown_120d__sub,0.0
lgbm_gpu_engineered,z2_z_btc_bollinger_lower_distance_20d__z_btc_drawdown_120d__div,0.0
lgbm_gpu_engineered,z2_z_btc_bollinger_lower_distance_20d__z_btc_log_volume__add,0.0
lgbm_gpu_engineered,z2_z_btc_bollinger_lower_distance_20d__z_btc_log_volume__div,0.0
lgbm_gpu_engineered,z2_z_btc_bollinger_lower_distance_20d__z_btc_volume_diff_7d__mul,0.0
lgbm_gpu_engineered,z2_z_btc_bollinger_lower_distance_20d__z_btc_volume_diff_7d__div,0.0
lgbm_gpu_engineered,z2_z_btc_bollinger_lower_distance_20d__z_btc_trend_strength_20_50__mul,0.0
lgbm_gpu_engineered,z2_z_btc_bollinger_lower_distance_20d__z_btc_trend_strength_20_50__add,0.0
lgbm_gpu_engineered,z2_z_btc_bollinger_lower_distance_20d__z_btc_trend_strength_20_50__sub,0.0
lgbm_gpu_engineered,z2_z_btc_bollinger_lower_distance_20d__z_btc_trend_strength_20_50__div,0.0
lgbm_gpu_engineered,z2_z_btc_bollinger_lower_distance_20d__z_btc_rolling_mean_distance_30d__mul,0.0
lgbm_gpu_engineered,z2_z_btc_bollinger_lower_distance_20d__z_btc_rolling_mean_distance_30d__add,0.0
lgbm_gpu_engineered,z2_z_btc_bollinger_lower_distance_20d__z_btc_return_14d__mul,0.0
lgbm_gpu_engineered,z2_z_btc_bollinger_lower_distance_20d__z_btc_return_14d__add,0.0
lgbm_gpu_engineered,z2_z_btc_rsi_30__z_btc_rolling_position_7d__add,0.0
lgbm_gpu_engineered,z2_z_btc_rsi_30__z_btc_rolling_position_7d__sub,0.0
lgbm_gpu_engineered,z2_z_btc_rsi_30__z_btc_rolling_position_60d__add,0.0
lgbm_gpu_engineered,z2_z_btc_rsi_30__z_btc_rsi_14__add,0.0
lgbm_gpu_engineered,z2_z_btc_rsi_30__z_sp500_return_1d__mul,0.0
lgbm_gpu_engineered,z2_z_btc_rsi_30__z_btc_trend_above_sma20__add,0.0
lgbm_gpu_engineered,z2_z_btc_rsi_30__z_btc_trend_above_sma20__sub,0.0
lgbm_gpu_engineered,z2_z_btc_rsi_30__z_btc_trend_above_sma20__div,0.0
lgbm_gpu_engineered,z2_z_btc_rsi_30__z_nasdaq_return_1d__add,0.0
lgbm_gpu_engineered,z2_z_btc_rsi_30__z_nasdaq_return_1d__sub,0.0
lgbm_gpu_engineered,z2_z_btc_rsi_30__z_btc_rsi_7__add,0.0
lgbm_gpu_engineered,z2_z_btc_rsi_30__z_btc_trend_sma50_above_sma200__mul,0.0
lgbm_gpu_engineered,z2_z_btc_rsi_30__z_btc_trend_sma50_above_sma200__sub,0.0
lgbm_gpu_engineered,z2_z_btc_rsi_30__z_gold_return_7d__mul,0.0
lgbm_gpu_engineered,z2_z_btc_rsi_30__z_gold_return_7d__sub,0.0
lgbm_gpu_engineered,z2_z_btc_rsi_30__z_btc_candle_range_pct__mul,0.0
lgbm_gpu_engineered,z2_z_btc_rsi_30__z_btc_candle_range_pct__add,0.0
lgbm_gpu_engineered,z2_z_btc_rsi_30__z_btc_trend_sma7_above_sma30__mul,0.0
lgbm_gpu_engineered,z2_z_btc_rsi_30__z_btc_trend_sma7_above_sma30__add,0.0
lgbm_gpu_engineered,z2_z_btc_rsi_30__z_btc_return_1d__mul,0.0
lgbm_gpu_engineered,z2_z_btc_rsi_30__z_btc_rolling_mean_distance_60d__add,0.0
lgbm_gpu_engineered,z2_z_btc_rsi_30__z_btc_candle_body_pct__mul,0.0
lgbm_gpu_engineered,z2_z_btc_rsi_30__z_btc_candle_body_pct__add,0.0
lgbm_gpu_engineered,z2_z_btc_rsi_30__z_btc_candle_body_pct__div,0.0
lgbm_gpu_engineered,z2_z_btc_rsi_30__z_btc_candle_body_abs_pct__mul,0.0
lgbm_gpu_engineered,z2_z_btc_rsi_30__z_btc_candle_body_abs_pct__add,0.0
lgbm_gpu_engineered,z2_z_btc_rsi_30__z_btc_trend_strength_50_200__mul,0.0
lgbm_gpu_engineered,z2_z_btc_rsi_30__z_btc_volume_z_20d__sub,0.0
lgbm_gpu_engineered,z2_z_btc_rsi_30__z_us10y_bp_chg_7d__div,0.0
lgbm_gpu_engineered,z2_z_btc_rsi_30__z_btc_drawdown_120d__add,0.0
lgbm_gpu_engineered,z2_z_btc_rsi_30__z_btc_drawdown_120d__div,0.0
lgbm_gpu_engineered,z2_z_btc_rsi_30__z_btc_log_volume__mul,0.0
lgbm_gpu_engineered,z2_z_btc_rsi_30__z_btc_log_volume__add,0.0
lgbm_gpu_engineered,z2_z_btc_rsi_30__z_btc_log_volume__sub,0.0
lgbm_gpu_engineered,z2_z_btc_rsi_30__z_btc_log_volume__div,0.0
lgbm_gpu_engineered,z2_z_btc_rsi_30__z_btc_volume_diff_7d__mul,0.0
lgbm_gpu_engineered,z2_z_btc_rsi_30__z_btc_volume_diff_7d__div,0.0
lgbm_gpu_engineered,z2_z_btc_rsi_30__z_btc_trend_strength_20_50__mul,0.0
lgbm_gpu_engineered,z2_z_btc_rsi_30__z_btc_rolling_mean_distance_30d__add,0.0
lgbm_gpu_engineered,z2_z_btc_rsi_30__z_btc_rolling_mean_distance_30d__div,0.0
lgbm_gpu_engineered,z2_z_btc_rsi_30__z_btc_return_14d__mul,0.0
lgbm_gpu_engineered,z2_z_btc_rsi_30__z_btc_return_14d__add,0.0
lgbm_gpu_engineered,z2_z_btc_rolling_position_7d__z_btc_rolling_position_60d__sub,0.0
lgbm_gpu_engineered,z2_z_btc_rolling_position_7d__z_btc_rolling_position_60d__div,0.0
lgbm_gpu_engineered,z2_z_btc_rolling_position_7d__z_btc_rsi_14__add,0.0
lgbm_gpu_engineered,z2_z_btc_rolling_position_7d__z_sp500_return_1d__mul,0.0
lgbm_gpu_engineered,z2_z_btc_rolling_position_7d__z_sp500_return_1d__sub,0.0
lgbm_gpu_engineered,z2_z_btc_rolling_position_7d__z_btc_trend_above_sma20__mul,0.0
lgbm_gpu_engineered,z2_z_btc_rolling_position_7d__z_btc_trend_above_sma20__add,0.0
lgbm_gpu_engineered,z2_z_btc_rolling_position_7d__z_btc_trend_above_sma20__sub,0.0
lgbm_gpu_engineered,z2_z_btc_rolling_position_7d__z_btc_trend_above_sma20__div,0.0
lgbm_gpu_engineered,z2_z_btc_rolling_position_7d__z_nasdaq_return_1d__add,0.0
lgbm_gpu_engineered,z2_z_btc_rolling_position_7d__z_nasdaq_return_1d__sub,0.0
lgbm_gpu_engineered,z2_z_btc_rolling_position_7d__z_btc_rsi_7__add,0.0
lgbm_gpu_engineered,z2_z_btc_rolling_position_7d__z_btc_trend_sma50_above_sma200__add,0.0
lgbm_gpu_engineered,z2_z_btc_rolling_position_7d__z_btc_trend_sma50_above_sma200__sub,0.0
lgbm_gpu_engineered,z2_z_btc_rolling_position_7d__z_us5y_bp_chg_7d__mul,0.0
lgbm_gpu_engineered,z2_z_btc_rolling_position_7d__z_us5y_bp_chg_7d__add,0.0
lgbm_gpu_engineered,z2_z_btc_rolling_position_7d__z_gold_return_7d__sub,0.0
lgbm_gpu_engineered,z2_z_btc_rolling_position_7d__z_btc_candle_range_pct__add,0.0
lgbm_gpu_engineered,z2_z_btc_rolling_position_7d__z_btc_trend_sma7_above_sma30__mul,0.0
lgbm_gpu_engineered,z2_z_btc_rolling_position_7d__z_btc_trend_sma7_above_sma30__add,0.0
lgbm_gpu_engineered,z2_z_btc_rolling_position_7d__z_btc_trend_sma7_above_sma30__sub,0.0
lgbm_gpu_engineered,z2_z_btc_rolling_position_7d__z_btc_trend_sma7_above_sma30__div,0.0
lgbm_gpu_engineered,z2_z_btc_rolling_position_7d__z_btc_return_1d__add,0.0
lgbm_gpu_engineered,z2_z_btc_rolling_position_7d__z_btc_return_1d__sub,0.0
lgbm_gpu_engineered,z2_z_btc_rolling_position_7d__z_btc_return_1d__div,0.0
lgbm_gpu_engineered,z2_z_btc_rolling_position_7d__z_btc_rolling_mean_distance_60d__add,0.0
lgbm_gpu_engineered,z2_z_btc_rolling_position_7d__z_btc_rolling_mean_distance_60d__sub,0.0
lgbm_gpu_engineered,z2_z_btc_rolling_position_7d__z_btc_rolling_mean_distance_60d__div,0.0
lgbm_gpu_engineered,z2_z_btc_rolling_position_7d__z_btc_candle_body_pct__mul,0.0
lgbm_gpu_engineered,z2_z_btc_rolling_position_7d__z_btc_candle_body_pct__sub,0.0
lgbm_gpu_engineered,z2_z_btc_rolling_position_7d__z_btc_candle_body_abs_pct__add,0.0
lgbm_gpu_engineered,z2_z_btc_rolling_position_7d__z_btc_candle_body_abs_pct__div,0.0
lgbm_gpu_engineered,z2_z_btc_rolling_position_7d__z_btc_trend_strength_50_200__div,0.0
lgbm_gpu_engineered,z2_z_btc_rolling_position_7d__z_btc_volume_z_20d__add,0.0
lgbm_gpu_engineered,z2_z_btc_rolling_position_7d__z_btc_volume_z_20d__sub,0.0
lgbm_gpu_engineered,z2_z_btc_rolling_position_7d__z_us10y_bp_chg_7d__mul,0.0
lgbm_gpu_engineered,z2_z_btc_rolling_position_7d__z_us10y_bp_chg_7d__add,0.0
lgbm_gpu_engineered,z2_z_btc_rolling_position_7d__z_us10y_bp_chg_7d__div,0.0
lgbm_gpu_engineered,z2_z_btc_rolling_position_7d__z_btc_drawdown_120d__add,0.0
lgbm_gpu_engineered,z2_z_btc_rolling_position_7d__z_btc_drawdown_120d__sub,0.0
lgbm_gpu_engineered,z2_z_btc_rolling_position_7d__z_btc_log_volume__add,0.0
lgbm_gpu_engineered,z2_z_btc_rolling_position_7d__z_btc_log_volume__sub,0.0
lgbm_gpu_engineered,z2_z_btc_rolling_position_7d__z_btc_volume_diff_7d__sub,0.0
lgbm_gpu_engineered,z2_z_btc_rolling_position_7d__z_btc_volume_diff_7d__div,0.0
lgbm_gpu_engineered,z2_z_btc_rolling_position_7d__z_btc_trend_strength_20_50__add,0.0
lgbm_gpu_engineered,z2_z_btc_rolling_position_7d__z_btc_trend_strength_20_50__sub,0.0
lgbm_gpu_engineered,z2_z_btc_rolling_position_7d__z_btc_rolling_mean_distance_30d__mul,0.0
lgbm_gpu_engineered,z2_z_btc_rolling_position_7d__z_btc_rolling_mean_distance_30d__add,0.0
lgbm_gpu_engineered,z2_z_btc_rolling_position_60d__z_btc_rsi_14__mul,0.0
lgbm_gpu_engineered,z2_z_btc_rolling_position_60d__z_btc_rsi_14__add,0.0
lgbm_gpu_engineered,z2_z_btc_rolling_position_60d__z_btc_rsi_14__sub,0.0
lgbm_gpu_engineered,z2_z_btc_rolling_position_60d__z_sp500_return_1d__mul,0.0
lgbm_gpu_engineered,z2_z_btc_rolling_position_60d__z_sp500_return_1d__add,0.0
lgbm_gpu_engineered,z2_z_btc_rolling_position_60d__z_sp500_return_1d__sub,0.0
lgbm_gpu_engineered,z2_z_btc_rolling_position_60d__z_sp500_return_1d__div,0.0
lgbm_gpu_engineered,z2_z_btc_rolling_position_60d__z_btc_trend_above_sma20__add,0.0
lgbm_gpu_engineered,z2_z_btc_rolling_position_60d__z_btc_trend_above_sma20__sub,0.0
lgbm_gpu_engineered,z2_z_btc_rolling_position_60d__z_btc_trend_above_sma20__div,0.0
lgbm_gpu_engineered,z2_z_btc_rolling_position_60d__z_nasdaq_return_1d__add,0.0
lgbm_gpu_engineered,z2_z_btc_rolling_position_60d__z_nasdaq_return_1d__div,0.0
lgbm_gpu_engineered,z2_z_btc_rolling_position_60d__z_btc_rsi_7__mul,0.0
lgbm_gpu_engineered,z2_z_btc_rolling_position_60d__z_btc_trend_sma50_above_sma200__mul,0.0
lgbm_gpu_engineered,z2_z_btc_rolling_position_60d__z_btc_trend_sma50_above_sma200__add,0.0
lgbm_gpu_engineered,z2_z_btc_rolling_position_60d__z_btc_trend_sma50_above_sma200__sub,0.0
lgbm_gpu_engineered,z2_z_btc_rolling_position_60d__z_btc_trend_sma50_above_sma200__div,0.0
lgbm_gpu_engineered,z2_z_btc_rolling_position_60d__z_us5y_bp_chg_7d__add,0.0
lgbm_gpu_engineered,z2_z_btc_rolling_position_60d__z_us5y_bp_chg_7d__sub,0.0
lgbm_gpu_engineered,z2_z_btc_rolling_position_60d__z_us5y_bp_chg_7d__div,0.0
lgbm_gpu_engineered,z2_z_btc_rolling_position_60d__z_gold_return_7d__mul,0.0
lgbm_gpu_engineered,z2_z_btc_rolling_position_60d__z_gold_return_7d__sub,0.0
lgbm_gpu_engineered,z2_z_btc_rolling_position_60d__z_gold_return_7d__div,0.0
lgbm_gpu_engineered,z2_z_btc_rolling_position_60d__z_btc_candle_range_pct__mul,0.0
lgbm_gpu_engineered,z2_z_btc_rolling_position_60d__z_btc_candle_range_pct__sub,0.0
lgbm_gpu_engineered,z2_z_btc_rolling_position_60d__z_btc_trend_sma7_above_sma30__mul,0.0
lgbm_gpu_engineered,z2_z_btc_rolling_position_60d__z_btc_trend_sma7_above_sma30__add,0.0
lgbm_gpu_engineered,z2_z_btc_rolling_position_60d__z_btc_trend_sma7_above_sma30__sub,0.0
lgbm_gpu_engineered,z2_z_btc_rolling_position_60d__z_btc_trend_sma7_above_sma30__div,0.0
lgbm_gpu_engineered,z2_z_btc_rolling_position_60d__z_btc_return_1d__mul,0.0
lgbm_gpu_engineered,z2_z_btc_rolling_position_60d__z_btc_return_1d__add,0.0
lgbm_gpu_engineered,z2_z_btc_rolling_position_60d__z_btc_return_1d__sub,0.0
lgbm_gpu_engineered,z2_z_btc_rolling_position_60d__z_btc_return_1d__div,0.0
lgbm_gpu_engineered,z2_z_btc_rolling_position_60d__z_btc_rolling_mean_distance_60d__mul,0.0
lgbm_gpu_engineered,z2_z_btc_rolling_position_60d__z_btc_rolling_mean_distance_60d__add,0.0
lgbm_gpu_engineered,z2_z_btc_rolling_position_60d__z_btc_candle_body_pct__add,0.0
lgbm_gpu_engineered,z2_z_btc_rolling_position_60d__z_btc_candle_body_pct__sub,0.0
lgbm_gpu_engineered,z2_z_btc_rolling_position_60d__z_btc_candle_body_abs_pct__mul,0.0
lgbm_gpu_engineered,z2_z_btc_rolling_position_60d__z_btc_candle_body_abs_pct__sub,0.0
lgbm_gpu_engineered,z2_z_btc_rolling_position_60d__z_btc_trend_strength_50_200__add,0.0
lgbm_gpu_engineered,z2_z_btc_rolling_position_60d__z_btc_trend_strength_50_200__div,0.0
lgbm_gpu_engineered,z2_z_btc_rolling_position_60d__z_btc_volume_z_20d__add,0.0
lgbm_gpu_engineered,z2_z_btc_rolling_position_60d__z_us10y_bp_chg_7d__sub,0.0
lgbm_gpu_engineered,z2_z_btc_rolling_position_60d__z_us10y_bp_chg_7d__div,0.0
lgbm_gpu_engineered,z2_z_btc_rolling_position_60d__z_btc_log_volume__mul,0.0
lgbm_gpu_engineered,z2_z_btc_rolling_position_60d__z_btc_log_volume__sub,0.0
lgbm_gpu_engineered,z2_z_btc_rolling_position_60d__z_btc_trend_strength_20_50__mul,0.0
lgbm_gpu_engineered,z2_z_btc_rolling_position_60d__z_btc_trend_strength_20_50__sub,0.0
lgbm_gpu_engineered,z2_z_btc_rolling_position_60d__z_btc_rolling_mean_distance_30d__mul,0.0
lgbm_gpu_engineered,z2_z_btc_rolling_position_60d__z_btc_rolling_mean_distance_30d__add,0.0
lgbm_gpu_engineered,z2_z_btc_rolling_position_60d__z_btc_return_14d__mul,0.0
lgbm_gpu_engineered,z2_z_btc_rolling_position_60d__z_btc_return_14d__add,0.0
lgbm_gpu_engineered,z2_z_btc_rsi_14__z_btc_trend_above_sma20__add,0.0
lgbm_gpu_engineered,z2_z_btc_rsi_14__z_nasdaq_return_1d__mul,0.0
lgbm_gpu_engineered,z2_z_btc_rsi_14__z_nasdaq_return_1d__add,0.0
lgbm_gpu_engineered,z2_z_btc_rsi_14__z_nasdaq_return_1d__sub,0.0
lgbm_gpu_engineered,z2_z_btc_rsi_14__z_btc_rsi_7__add,0.0
lgbm_gpu_engineered,z2_z_btc_rsi_14__z_btc_trend_sma50_above_sma200__mul,0.0
lgbm_gpu_engineered,z2_z_btc_rsi_14__z_btc_trend_sma50_above_sma200__add,0.0
lgbm_gpu_engineered,z2_z_btc_rsi_14__z_btc_trend_sma50_above_sma200__sub,0.0
lgbm_gpu_engineered,z2_z_btc_rsi_14__z_btc_trend_sma50_above_sma200__div,0.0
lgbm_gpu_engineered,z2_z_btc_rsi_14__z_us5y_bp_chg_7d__add,0.0
lgbm_gpu_engineered,z2_z_btc_rsi_14__z_gold_return_7d__add,0.0
lgbm_gpu_engineered,z2_z_btc_rsi_14__z_btc_candle_range_pct__sub,0.0
lgbm_gpu_engineered,z2_z_btc_rsi_14__z_btc_candle_range_pct__div,0.0
lgbm_gpu_engineered,z2_z_btc_rsi_14__z_btc_trend_sma7_above_sma30__mul,0.0
lgbm_gpu_engineered,z2_z_btc_rsi_14__z_btc_trend_sma7_above_sma30__add,0.0
lgbm_gpu_engineered,z2_z_btc_rsi_14__z_btc_return_1d__add,0.0
lgbm_gpu_engineered,z2_z_btc_rsi_14__z_btc_return_1d__sub,0.0
lgbm_gpu_engineered,z2_z_btc_rsi_14__z_btc_return_1d__div,0.0
lgbm_gpu_engineered,z2_z_btc_rsi_14__z_btc_rolling_mean_distance_60d__add,0.0
lgbm_gpu_engineered,z2_z_btc_rsi_14__z_btc_candle_body_pct__mul,0.0
lgbm_gpu_engineered,z2_z_btc_rsi_14__z_btc_candle_body_pct__add,0.0
lgbm_gpu_engineered,z2_z_btc_rsi_14__z_btc_trend_strength_50_200__div,0.0
lgbm_gpu_engineered,z2_z_btc_rsi_14__z_btc_volume_z_20d__sub,0.0
lgbm_gpu_engineered,z2_z_btc_rsi_14__z_btc_volume_z_20d__div,0.0
lgbm_gpu_engineered,z2_z_btc_rsi_14__z_us10y_bp_chg_7d__mul,0.0
lgbm_gpu_engineered,z2_z_btc_rsi_14__z_us10y_bp_chg_7d__sub,0.0
lgbm_gpu_engineered,z2_z_btc_rsi_14__z_us10y_bp_chg_7d__div,0.0
lgbm_gpu_engineered,z2_z_btc_rsi_14__z_btc_drawdown_120d__add,0.0
lgbm_gpu_engineered,z2_z_btc_rsi_14__z_btc_drawdown_120d__sub,0.0
lgbm_gpu_engineered,z2_z_btc_rsi_14__z_btc_log_volume__mul,0.0
lgbm_gpu_engineered,z2_z_btc_rsi_14__z_btc_log_volume__add,0.0
lgbm_gpu_engineered,z2_z_btc_rsi_14__z_btc_log_volume__sub,0.0
lgbm_gpu_engineered,z2_z_btc_rsi_14__z_btc_trend_strength_20_50__div,0.0
lgbm_gpu_engineered,z2_z_btc_rsi_14__z_btc_rolling_mean_distance_30d__add,0.0
lgbm_gpu_engineered,z2_z_btc_rsi_14__z_btc_return_14d__div,0.0
lgbm_gpu_engineered,z2_z_sp500_return_1d__z_btc_trend_above_sma20__add,0.0
lgbm_gpu_engineered,z2_z_sp500_return_1d__z_btc_trend_above_sma20__sub,0.0
lgbm_gpu_engineered,z2_z_sp500_return_1d__z_nasdaq_return_1d__add,0.0
lgbm_gpu_engineered,z2_z_sp500_return_1d__z_btc_rsi_7__div,0.0
lgbm_gpu_engineered,z2_z_sp500_return_1d__z_btc_trend_sma50_above_sma200__mul,0.0
lgbm_gpu_engineered,z2_z_sp500_return_1d__z_btc_trend_sma50_above_sma200__add,0.0
lgbm_gpu_engineered,z2_z_sp500_return_1d__z_btc_trend_sma50_above_sma200__div,0.0
lgbm_gpu_engineered,z2_z_sp500_return_1d__z_us5y_bp_chg_7d__sub,0.0
lgbm_gpu_engineered,z2_z_sp500_return_1d__z_gold_return_7d__add,0.0
lgbm_gpu_engineered,z2_z_sp500_return_1d__z_gold_return_7d__sub,0.0
lgbm_gpu_engineered,z2_z_sp500_return_1d__z_btc_candle_range_pct__add,0.0
lgbm_gpu_engineered,z2_z_sp500_return_1d__z_btc_trend_sma7_above_sma30__mul,0.0
lgbm_gpu_engineered,z2_z_sp500_return_1d__z_btc_trend_sma7_above_sma30__sub,0.0
lgbm_gpu_engineered,z2_z_sp500_return_1d__z_btc_trend_sma7_above_sma30__div,0.0
lgbm_gpu_engineered,z2_z_sp500_return_1d__z_btc_return_1d__add,0.0
lgbm_gpu_engineered,z2_z_sp500_return_1d__z_btc_return_1d__sub,0.0
lgbm_gpu_engineered,z2_z_sp500_return_1d__z_btc_rolling_mean_distance_60d__sub,0.0
lgbm_gpu_engineered,z2_z_sp500_return_1d__z_btc_candle_body_pct__add,0.0
lgbm_gpu_engineered,z2_z_sp500_return_1d__z_btc_candle_body_abs_pct__add,0.0
lgbm_gpu_engineered,z2_z_sp500_return_1d__z_btc_volume_z_20d__mul,0.0
lgbm_gpu_engineered,z2_z_sp500_return_1d__z_btc_volume_z_20d__add,0.0
lgbm_gpu_engineered,z2_z_sp500_return_1d__z_btc_volume_z_20d__sub,0.0
lgbm_gpu_engineered,z2_z_sp500_return_1d__z_btc_drawdown_120d__mul,0.0
lgbm_gpu_engineered,z2_z_sp500_return_1d__z_btc_drawdown_120d__sub,0.0
lgbm_gpu_engineered,z2_z_sp500_return_1d__z_btc_drawdown_120d__div,0.0
lgbm_gpu_engineered,z2_z_sp500_return_1d__z_btc_log_volume__add,0.0
lgbm_gpu_engineered,z2_z_sp500_return_1d__z_btc_volume_diff_7d__sub,0.0
lgbm_gpu_engineered,z2_z_sp500_return_1d__z_btc_trend_strength_20_50__add,0.0
lgbm_gpu_engineered,z2_z_sp500_return_1d__z_btc_return_14d__add,0.0
lgbm_gpu_engineered,z2_z_sp500_return_1d__z_btc_return_14d__sub,0.0
lgbm_gpu_engineered,z2_z_btc_trend_above_sma20__z_nasdaq_return_1d__add,0.0
lgbm_gpu_engineered,z2_z_btc_trend_above_sma20__z_nasdaq_return_1d__sub,0.0
lgbm_gpu_engineered,z2_z_btc_trend_above_sma20__z_btc_rsi_7__add,0.0
lgbm_gpu_engineered,z2_z_btc_trend_above_sma20__z_btc_trend_sma50_above_sma200__mul,0.0
lgbm_gpu_engineered,z2_z_btc_trend_above_sma20__z_btc_trend_sma50_above_sma200__add,0.0
lgbm_gpu_engineered,z2_z_btc_trend_above_sma20__z_btc_trend_sma50_above_sma200__sub,0.0
lgbm_gpu_engineered,z2_z_btc_trend_above_sma20__z_btc_trend_sma50_above_sma200__div,0.0
lgbm_gpu_engineered,z2_z_btc_trend_above_sma20__z_us5y_bp_chg_7d__mul,0.0
lgbm_gpu_engineered,z2_z_btc_trend_above_sma20__z_us5y_bp_chg_7d__add,0.0
lgbm_gpu_engineered,z2_z_btc_trend_above_sma20__z_gold_return_7d__mul,0.0
lgbm_gpu_engineered,z2_z_btc_trend_above_sma20__z_gold_return_7d__add,0.0
lgbm_gpu_engineered,z2_z_btc_trend_above_sma20__z_gold_return_7d__sub,0.0
lgbm_gpu_engineered,z2_z_btc_trend_above_sma20__z_btc_candle_range_pct__mul,0.0
lgbm_gpu_engineered,z2_z_btc_trend_above_sma20__z_btc_candle_range_pct__add,0.0
lgbm_gpu_engineered,z2_z_btc_trend_above_sma20__z_btc_candle_range_pct__sub,0.0
lgbm_gpu_engineered,z2_z_btc_trend_above_sma20__z_btc_trend_sma7_above_sma30__mul,0.0
lgbm_gpu_engineered,z2_z_btc_trend_above_sma20__z_btc_trend_sma7_above_sma30__add,0.0
lgbm_gpu_engineered,z2_z_btc_trend_above_sma20__z_btc_trend_sma7_above_sma30__sub,0.0
lgbm_gpu_engineered,z2_z_btc_trend_above_sma20__z_btc_trend_sma7_above_sma30__div,0.0
lgbm_gpu_engineered,z2_z_btc_trend_above_sma20__z_btc_return_1d__mul,0.0
lgbm_gpu_engineered,z2_z_btc_trend_above_sma20__z_btc_return_1d__add,0.0
lgbm_gpu_engineered,z2_z_btc_trend_above_sma20__z_btc_return_1d__sub,0.0
lgbm_gpu_engineered,z2_z_btc_trend_above_sma20__z_btc_rolling_mean_distance_60d__mul,0.0
lgbm_gpu_engineered,z2_z_btc_trend_above_sma20__z_btc_rolling_mean_distance_60d__add,0.0
lgbm_gpu_engineered,z2_z_btc_trend_above_sma20__z_btc_rolling_mean_distance_60d__sub,0.0
lgbm_gpu_engineered,z2_z_btc_trend_above_sma20__z_btc_candle_body_pct__mul,0.0
lgbm_gpu_engineered,z2_z_btc_trend_above_sma20__z_btc_candle_body_pct__add,0.0
lgbm_gpu_engineered,z2_z_btc_trend_above_sma20__z_btc_candle_body_pct__sub,0.0
lgbm_gpu_engineered,z2_z_btc_trend_above_sma20__z_btc_candle_body_abs_pct__mul,0.0
lgbm_gpu_engineered,z2_z_btc_trend_above_sma20__z_btc_candle_body_abs_pct__add,0.0
lgbm_gpu_engineered,z2_z_btc_trend_above_sma20__z_btc_candle_body_abs_pct__sub,0.0
lgbm_gpu_engineered,z2_z_btc_trend_above_sma20__z_btc_trend_strength_50_200__sub,0.0
lgbm_gpu_engineered,z2_z_btc_trend_above_sma20__z_btc_volume_z_20d__mul,0.0
lgbm_gpu_engineered,z2_z_btc_trend_above_sma20__z_btc_volume_z_20d__sub,0.0
lgbm_gpu_engineered,z2_z_btc_trend_above_sma20__z_us10y_bp_chg_7d__add,0.0
lgbm_gpu_engineered,z2_z_btc_trend_above_sma20__z_us10y_bp_chg_7d__sub,0.0
lgbm_gpu_engineered,z2_z_btc_trend_above_sma20__z_us10y_bp_chg_7d__div,0.0
lgbm_gpu_engineered,z2_z_btc_trend_above_sma20__z_btc_drawdown_120d__div,0.0
lgbm_gpu_engineered,z2_z_btc_trend_above_sma20__z_btc_log_volume__add,0.0
lgbm_gpu_engineered,z2_z_btc_trend_above_sma20__z_btc_log_volume__div,0.0
lgbm_gpu_engineered,z2_z_btc_trend_above_sma20__z_btc_volume_diff_7d__div,0.0
lgbm_gpu_engineered,z2_z_btc_trend_above_sma20__z_btc_trend_strength_20_50__add,0.0
lgbm_gpu_engineered,z2_z_btc_trend_above_sma20__z_btc_trend_strength_20_50__sub,0.0
lgbm_gpu_engineered,z2_z_btc_trend_above_sma20__z_btc_trend_strength_20_50__div,0.0
lgbm_gpu_engineered,z2_z_btc_trend_above_sma20__z_btc_rolling_mean_distance_30d__mul,0.0
lgbm_gpu_engineered,z2_z_btc_trend_above_sma20__z_btc_rolling_mean_distance_30d__add,0.0
lgbm_gpu_engineered,z2_z_btc_trend_above_sma20__z_btc_return_14d__add,0.0
lgbm_gpu_engineered,z2_z_nasdaq_return_1d__z_btc_rsi_7__sub,0.0
lgbm_gpu_engineered,z2_z_nasdaq_return_1d__z_btc_trend_sma50_above_sma200__add,0.0
lgbm_gpu_engineered,z2_z_nasdaq_return_1d__z_btc_trend_sma50_above_sma200__sub,0.0
lgbm_gpu_engineered,z2_z_nasdaq_return_1d__z_gold_return_7d__sub,0.0
lgbm_gpu_engineered,z2_z_nasdaq_return_1d__z_btc_return_1d__add,0.0
lgbm_gpu_engineered,z2_z_nasdaq_return_1d__z_btc_candle_body_pct__mul,0.0
lgbm_gpu_engineered,z2_z_nasdaq_return_1d__z_btc_candle_body_pct__sub,0.0
lgbm_gpu_engineered,z2_z_nasdaq_return_1d__z_btc_trend_strength_50_200__sub,0.0
lgbm_gpu_engineered,z2_z_nasdaq_return_1d__z_us10y_bp_chg_7d__div,0.0
lgbm_gpu_engineered,z2_z_nasdaq_return_1d__z_btc_drawdown_120d__add,0.0
lgbm_gpu_engineered,z2_z_nasdaq_return_1d__z_btc_log_volume__div,0.0
lgbm_gpu_engineered,z2_z_nasdaq_return_1d__z_btc_volume_diff_7d__sub,0.0
lgbm_gpu_engineered,z2_z_nasdaq_return_1d__z_btc_rolling_mean_distance_30d__mul,0.0
lgbm_gpu_engineered,z2_z_nasdaq_return_1d__z_btc_return_14d__mul,0.0
lgbm_gpu_engineered,z2_z_nasdaq_return_1d__z_btc_return_14d__add,0.0
lgbm_gpu_engineered,z2_z_nasdaq_return_1d__z_btc_return_14d__sub,0.0
lgbm_gpu_engineered,z2_z_btc_rsi_7__z_btc_trend_sma50_above_sma200__add,0.0
lgbm_gpu_engineered,z2_z_btc_rsi_7__z_btc_trend_sma50_above_sma200__sub,0.0
lgbm_gpu_engineered,z2_z_btc_rsi_7__z_gold_return_7d__mul,0.0
lgbm_gpu_engineered,z2_z_btc_rsi_7__z_btc_candle_range_pct__div,0.0
lgbm_gpu_engineered,z2_z_btc_rsi_7__z_btc_trend_sma7_above_sma30__add,0.0
lgbm_gpu_engineered,z2_z_btc_rsi_7__z_btc_return_1d__mul,0.0
lgbm_gpu_engineered,z2_z_btc_rsi_7__z_btc_return_1d__add,0.0
lgbm_gpu_engineered,z2_z_btc_rsi_7__z_btc_rolling_mean_distance_60d__mul,0.0
lgbm_gpu_engineered,z2_z_btc_rsi_7__z_btc_rolling_mean_distance_60d__add,0.0
lgbm_gpu_engineered,z2_z_btc_rsi_7__z_btc_candle_body_pct__add,0.0
lgbm_gpu_engineered,z2_z_btc_rsi_7__z_btc_candle_body_pct__sub,0.0
lgbm_gpu_engineered,z2_z_btc_rsi_7__z_btc_candle_body_abs_pct__sub,0.0
lgbm_gpu_engineered,z2_z_btc_rsi_7__z_btc_volume_z_20d__add,0.0
lgbm_gpu_engineered,z2_z_btc_rsi_7__z_us10y_bp_chg_7d__sub,0.0
lgbm_gpu_engineered,z2_z_btc_rsi_7__z_btc_drawdown_120d__add,0.0
lgbm_gpu_engineered,z2_z_btc_rsi_7__z_btc_volume_diff_7d__add,0.0
lgbm_gpu_engineered,z2_z_btc_rsi_7__z_btc_volume_diff_7d__sub,0.0
lgbm_gpu_engineered,z2_z_btc_rsi_7__z_btc_volume_diff_7d__div,0.0
lgbm_gpu_engineered,z2_z_btc_rsi_7__z_btc_trend_strength_20_50__sub,0.0
lgbm_gpu_engineered,z2_z_btc_rsi_7__z_btc_rolling_mean_distance_30d__mul,0.0
lgbm_gpu_engineered,z2_z_btc_rsi_7__z_btc_rolling_mean_distance_30d__add,0.0
lgbm_gpu_engineered,z2_z_btc_rsi_7__z_btc_return_14d__sub,0.0
lgbm_gpu_engineered,z2_z_btc_trend_sma50_above_sma200__z_us5y_bp_chg_7d__sub,0.0
lgbm_gpu_engineered,z2_z_btc_trend_sma50_above_sma200__z_us5y_bp_chg_7d__div,0.0
lgbm_gpu_engineered,z2_z_btc_trend_sma50_above_sma200__z_gold_return_7d__mul,0.0
lgbm_gpu_engineered,z2_z_btc_trend_sma50_above_sma200__z_gold_return_7d__add,0.0
lgbm_gpu_engineered,z2_z_btc_trend_sma50_above_sma200__z_gold_return_7d__div,0.0
lgbm_gpu_engineered,z2_z_btc_trend_sma50_above_sma200__z_btc_candle_range_pct__add,0.0
lgbm_gpu_engineered,z2_z_btc_trend_sma50_above_sma200__z_btc_candle_range_pct__sub,0.0
lgbm_gpu_engineered,z2_z_btc_trend_sma50_above_sma200__z_btc_candle_range_pct__div,0.0
lgbm_gpu_engineered,z2_z_btc_trend_sma50_above_sma200__z_btc_trend_sma7_above_sma30__mul,0.0
lgbm_gpu_engineered,z2_z_btc_trend_sma50_above_sma200__z_btc_trend_sma7_above_sma30__add,0.0
lgbm_gpu_engineered,z2_z_btc_trend_sma50_above_sma200__z_btc_trend_sma7_above_sma30__sub,0.0
lgbm_gpu_engineered,z2_z_btc_trend_sma50_above_sma200__z_btc_trend_sma7_above_sma30__div,0.0
lgbm_gpu_engineered,z2_z_btc_trend_sma50_above_sma200__z_btc_rolling_mean_distance_60d__add,0.0
lgbm_gpu_engineered,z2_z_btc_trend_sma50_above_sma200__z_btc_rolling_mean_distance_60d__sub,0.0
lgbm_gpu_engineered,z2_z_btc_trend_sma50_above_sma200__z_btc_candle_body_pct__add,0.0
lgbm_gpu_engineered,z2_z_btc_trend_sma50_above_sma200__z_btc_candle_body_abs_pct__add,0.0
lgbm_gpu_engineered,z2_z_btc_trend_sma50_above_sma200__z_btc_candle_body_abs_pct__div,0.0
lgbm_gpu_engineered,z2_z_btc_trend_sma50_above_sma200__z_btc_trend_strength_50_200__mul,0.0
lgbm_gpu_engineered,z2_z_btc_trend_sma50_above_sma200__z_btc_volume_z_20d__mul,0.0
lgbm_gpu_engineered,z2_z_btc_trend_sma50_above_sma200__z_btc_volume_z_20d__add,0.0
lgbm_gpu_engineered,z2_z_btc_trend_sma50_above_sma200__z_btc_volume_z_20d__sub,0.0
lgbm_gpu_engineered,z2_z_btc_trend_sma50_above_sma200__z_us10y_bp_chg_7d__sub,0.0
lgbm_gpu_engineered,z2_z_btc_trend_sma50_above_sma200__z_btc_drawdown_120d__sub,0.0
lgbm_gpu_engineered,z2_z_btc_trend_sma50_above_sma200__z_btc_log_volume__mul,0.0
lgbm_gpu_engineered,z2_z_btc_trend_sma50_above_sma200__z_btc_log_volume__add,0.0
lgbm_gpu_engineered,z2_z_btc_trend_sma50_above_sma200__z_btc_log_volume__div,0.0
lgbm_gpu_engineered,z2_z_btc_trend_sma50_above_sma200__z_btc_volume_diff_7d__mul,0.0
lgbm_gpu_engineered,z2_z_btc_trend_sma50_above_sma200__z_btc_volume_diff_7d__add,0.0
lgbm_gpu_engineered,z2_z_btc_trend_sma50_above_sma200__z_btc_volume_diff_7d__sub,0.0
lgbm_gpu_engineered,z2_z_btc_trend_sma50_above_sma200__z_btc_volume_diff_7d__div,0.0
lgbm_gpu_engineered,z2_z_btc_trend_sma50_above_sma200__z_btc_trend_strength_20_50__add,0.0
lgbm_gpu_engineered,z2_z_btc_trend_sma50_above_sma200__z_btc_trend_strength_20_50__sub,0.0
lgbm_gpu_engineered,z2_z_btc_trend_sma50_above_sma200__z_btc_rolling_mean_distance_30d__mul,0.0
lgbm_gpu_engineered,z2_z_btc_trend_sma50_above_sma200__z_btc_rolling_mean_distance_30d__add,0.0
lgbm_gpu_engineered,z2_z_btc_trend_sma50_above_sma200__z_btc_rolling_mean_distance_30d__sub,0.0
lgbm_gpu_engineered,z2_z_btc_trend_sma50_above_sma200__z_btc_return_14d__add,0.0
lgbm_gpu_engineered,z2_z_btc_trend_sma50_above_sma200__z_btc_return_14d__sub,0.0
lgbm_gpu_engineered,z2_z_us5y_bp_chg_7d__z_gold_return_7d__mul,0.0
lgbm_gpu_engineered,z2_z_us5y_bp_chg_7d__z_gold_return_7d__sub,0.0
lgbm_gpu_engineered,z2_z_us5y_bp_chg_7d__z_btc_trend_sma7_above_sma30__add,0.0
lgbm_gpu_engineered,z2_z_us5y_bp_chg_7d__z_btc_rolling_mean_distance_60d__add,0.0
lgbm_gpu_engineered,z2_z_us5y_bp_chg_7d__z_btc_rolling_mean_distance_60d__sub,0.0
lgbm_gpu_engineered,z2_z_us5y_bp_chg_7d__z_btc_candle_body_pct__add,0.0
lgbm_gpu_engineered,z2_z_us5y_bp_chg_7d__z_btc_candle_body_pct__sub,0.0
lgbm_gpu_engineered,z2_z_us5y_bp_chg_7d__z_btc_candle_body_abs_pct__div,0.0
lgbm_gpu_engineered,z2_z_us5y_bp_chg_7d__z_btc_trend_strength_50_200__add,0.0
lgbm_gpu_engineered,z2_z_us5y_bp_chg_7d__z_btc_trend_strength_50_200__sub,0.0
lgbm_gpu_engineered,z2_z_us5y_bp_chg_7d__z_us10y_bp_chg_7d__add,0.0
lgbm_gpu_engineered,z2_z_us5y_bp_chg_7d__z_us10y_bp_chg_7d__div,0.0
lgbm_gpu_engineered,z2_z_us5y_bp_chg_7d__z_btc_drawdown_120d__add,0.0
lgbm_gpu_engineered,z2_z_us5y_bp_chg_7d__z_btc_drawdown_120d__sub,0.0
lgbm_gpu_engineered,z2_z_us5y_bp_chg_7d__z_btc_log_volume__add,0.0
lgbm_gpu_engineered,z2_z_us5y_bp_chg_7d__z_btc_trend_strength_20_50__mul,0.0
lgbm_gpu_engineered,z2_z_us5y_bp_chg_7d__z_btc_trend_strength_20_50__sub,0.0
lgbm_gpu_engineered,z2_z_us5y_bp_chg_7d__z_btc_rolling_mean_distance_30d__mul,0.0
lgbm_gpu_engineered,z2_z_us5y_bp_chg_7d__z_btc_rolling_mean_distance_30d__sub,0.0
lgbm_gpu_engineered,z2_z_us5y_bp_chg_7d__z_btc_return_14d__add,0.0
lgbm_gpu_engineered,z2_z_us5y_bp_chg_7d__z_btc_return_14d__sub,0.0
lgbm_gpu_engineered,z2_z_gold_return_7d__z_btc_trend_sma7_above_sma30__sub,0.0
lgbm_gpu_engineered,z2_z_gold_return_7d__z_btc_return_1d__add,0.0
lgbm_gpu_engineered,z2_z_gold_return_7d__z_btc_candle_body_pct__add,0.0
lgbm_gpu_engineered,z2_z_gold_return_7d__z_btc_candle_body_abs_pct__mul,0.0
lgbm_gpu_engineered,z2_z_gold_return_7d__z_btc_candle_body_abs_pct__add,0.0
lgbm_gpu_engineered,z2_z_gold_return_7d__z_btc_candle_body_abs_pct__sub,0.0
lgbm_gpu_engineered,z2_z_gold_return_7d__z_btc_trend_strength_50_200__add,0.0
lgbm_gpu_engineered,z2_z_gold_return_7d__z_btc_volume_z_20d__div,0.0
lgbm_gpu_engineered,z2_z_gold_return_7d__z_us10y_bp_chg_7d__mul,0.0
lgbm_gpu_engineered,z2_z_gold_return_7d__z_us10y_bp_chg_7d__sub,0.0
lgbm_gpu_engineered,z2_z_gold_return_7d__z_btc_drawdown_120d__sub,0.0
lgbm_gpu_engineered,z2_z_gold_return_7d__z_btc_log_volume__sub,0.0
lgbm_gpu_engineered,z2_z_gold_return_7d__z_btc_volume_diff_7d__sub,0.0
lgbm_gpu_engineered,z2_z_gold_return_7d__z_btc_trend_strength_20_50__add,0.0
lgbm_gpu_engineered,z2_z_gold_return_7d__z_btc_rolling_mean_distance_30d__add,0.0
lgbm_gpu_engineered,z2_z_gold_return_7d__z_btc_return_14d__mul,0.0
lgbm_gpu_engineered,z2_z_btc_candle_range_pct__z_btc_trend_sma7_above_sma30__mul,0.0
lgbm_gpu_engineered,z2_z_btc_candle_range_pct__z_btc_trend_sma7_above_sma30__add,0.0
lgbm_gpu_engineered,z2_z_btc_candle_range_pct__z_btc_trend_sma7_above_sma30__sub,0.0
lgbm_gpu_engineered,z2_z_btc_candle_range_pct__z_btc_trend_sma7_above_sma30__div,0.0
lgbm_gpu_engineered,z2_z_btc_candle_range_pct__z_btc_rolling_mean_distance_60d__mul,0.0
lgbm_gpu_engineered,z2_z_btc_candle_range_pct__z_btc_rolling_mean_distance_60d__add,0.0
lgbm_gpu_engineered,z2_z_btc_candle_range_pct__z_btc_rolling_mean_distance_60d__sub,0.0
lgbm_gpu_engineered,z2_z_btc_candle_range_pct__z_btc_candle_body_pct__mul,0.0
lgbm_gpu_engineered,z2_z_btc_candle_range_pct__z_btc_candle_body_abs_pct__mul,0.0
lgbm_gpu_engineered,z2_z_btc_candle_range_pct__z_btc_candle_body_abs_pct__add,0.0
lgbm_gpu_engineered,z2_z_btc_candle_range_pct__z_btc_trend_strength_50_200__add,0.0
lgbm_gpu_engineered,z2_z_btc_candle_range_pct__z_btc_trend_strength_50_200__div,0.0
lgbm_gpu_engineered,z2_z_btc_candle_range_pct__z_btc_volume_z_20d__mul,0.0
lgbm_gpu_engineered,z2_z_btc_candle_range_pct__z_btc_volume_z_20d__add,0.0
lgbm_gpu_engineered,z2_z_btc_candle_range_pct__z_btc_drawdown_120d__add,0.0
lgbm_gpu_engineered,z2_z_btc_candle_range_pct__z_btc_drawdown_120d__sub,0.0
lgbm_gpu_engineered,z2_z_btc_candle_range_pct__z_btc_log_volume__add,0.0
lgbm_gpu_engineered,z2_z_btc_candle_range_pct__z_btc_log_volume__sub,0.0
lgbm_gpu_engineered,z2_z_btc_candle_range_pct__z_btc_volume_diff_7d__add,0.0
lgbm_gpu_engineered,z2_z_btc_candle_range_pct__z_btc_trend_strength_20_50__div,0.0
lgbm_gpu_engineered,z2_z_btc_candle_range_pct__z_btc_rolling_mean_distance_30d__sub,0.0
lgbm_gpu_engineered,z2_z_btc_candle_range_pct__z_btc_rolling_mean_distance_30d__div,0.0
lgbm_gpu_engineered,z2_z_btc_candle_range_pct__z_btc_return_14d__mul,0.0
lgbm_gpu_engineered,z2_z_btc_candle_range_pct__z_btc_return_14d__add,0.0
lgbm_gpu_engineered,z2_z_btc_trend_sma7_above_sma30__z_btc_return_1d__add,0.0
lgbm_gpu_engineered,z2_z_btc_trend_sma7_above_sma30__z_btc_return_1d__sub,0.0
lgbm_gpu_engineered,z2_z_btc_trend_sma7_above_sma30__z_btc_rolling_mean_distance_60d__mul,0.0
lgbm_gpu_engineered,z2_z_btc_trend_sma7_above_sma30__z_btc_rolling_mean_distance_60d__add,0.0
lgbm_gpu_engineered,z2_z_btc_trend_sma7_above_sma30__z_btc_rolling_mean_distance_60d__div,0.0
lgbm_gpu_engineered,z2_z_btc_trend_sma7_above_sma30__z_btc_candle_body_abs_pct__add,0.0
lgbm_gpu_engineered,z2_z_btc_trend_sma7_above_sma30__z_btc_candle_body_abs_pct__sub,0.0
lgbm_gpu_engineered,z2_z_btc_trend_sma7_above_sma30__z_btc_trend_strength_50_200__mul,0.0
lgbm_gpu_engineered,z2_z_btc_trend_sma7_above_sma30__z_btc_trend_strength_50_200__add,0.0
lgbm_gpu_engineered,z2_z_btc_trend_sma7_above_sma30__z_btc_trend_strength_50_200__sub,0.0
lgbm_gpu_engineered,z2_z_btc_trend_sma7_above_sma30__z_btc_trend_strength_50_200__div,0.0
lgbm_gpu_engineered,z2_z_btc_trend_sma7_above_sma30__z_btc_volume_z_20d__add,0.0
lgbm_gpu_engineered,z2_z_btc_trend_sma7_above_sma30__z_us10y_bp_chg_7d__mul,0.0
lgbm_gpu_engineered,z2_z_btc_trend_sma7_above_sma30__z_us10y_bp_chg_7d__sub,0.0
lgbm_gpu_engineered,z2_z_btc_trend_sma7_above_sma30__z_btc_drawdown_120d__mul,0.0
lgbm_gpu_engineered,z2_z_btc_trend_sma7_above_sma30__z_btc_drawdown_120d__add,0.0
lgbm_gpu_engineered,z2_z_btc_trend_sma7_above_sma30__z_btc_log_volume__add,0.0
lgbm_gpu_engineered,z2_z_btc_trend_sma7_above_sma30__z_btc_log_volume__sub,0.0
lgbm_gpu_engineered,z2_z_btc_trend_sma7_above_sma30__z_btc_volume_diff_7d__mul,0.0
lgbm_gpu_engineered,z2_z_btc_trend_sma7_above_sma30__z_btc_volume_diff_7d__add,0.0
lgbm_gpu_engineered,z2_z_btc_trend_sma7_above_sma30__z_btc_volume_diff_7d__sub,0.0
lgbm_gpu_engineered,z2_z_btc_trend_sma7_above_sma30__z_btc_volume_diff_7d__div,0.0
lgbm_gpu_engineered,z2_z_btc_trend_sma7_above_sma30__z_btc_trend_strength_20_50__add,0.0
lgbm_gpu_engineered,z2_z_btc_trend_sma7_above_sma30__z_btc_trend_strength_20_50__sub,0.0
lgbm_gpu_engineered,z2_z_btc_trend_sma7_above_sma30__z_btc_rolling_mean_distance_30d__mul,0.0
lgbm_gpu_engineered,z2_z_btc_trend_sma7_above_sma30__z_btc_rolling_mean_distance_30d__add,0.0
lgbm_gpu_engineered,z2_z_btc_trend_sma7_above_sma30__z_btc_rolling_mean_distance_30d__sub,0.0
lgbm_gpu_engineered,z2_z_btc_trend_sma7_above_sma30__z_btc_rolling_mean_distance_30d__div,0.0
lgbm_gpu_engineered,z2_z_btc_trend_sma7_above_sma30__z_btc_return_14d__mul,0.0
lgbm_gpu_engineered,z2_z_btc_trend_sma7_above_sma30__z_btc_return_14d__add,0.0
lgbm_gpu_engineered,z2_z_btc_trend_sma7_above_sma30__z_btc_return_14d__sub,0.0
lgbm_gpu_engineered,z2_z_btc_return_1d__z_btc_rolling_mean_distance_60d__mul,0.0
lgbm_gpu_engineered,z2_z_btc_return_1d__z_btc_rolling_mean_distance_60d__add,0.0
lgbm_gpu_engineered,z2_z_btc_return_1d__z_btc_candle_body_pct__add,0.0
lgbm_gpu_engineered,z2_z_btc_return_1d__z_btc_candle_body_abs_pct__mul,0.0
lgbm_gpu_engineered,z2_z_btc_return_1d__z_btc_trend_strength_50_200__mul,0.0
lgbm_gpu_engineered,z2_z_btc_return_1d__z_btc_trend_strength_50_200__add,0.0
lgbm_gpu_engineered,z2_z_btc_return_1d__z_btc_trend_strength_50_200__sub,0.0
lgbm_gpu_engineered,z2_z_btc_return_1d__z_btc_volume_z_20d__mul,0.0
lgbm_gpu_engineered,z2_z_btc_return_1d__z_us10y_bp_chg_7d__sub,0.0
lgbm_gpu_engineered,z2_z_btc_return_1d__z_btc_drawdown_120d__mul,0.0
lgbm_gpu_engineered,z2_z_btc_return_1d__z_btc_drawdown_120d__add,0.0
lgbm_gpu_engineered,z2_z_btc_return_1d__z_btc_drawdown_120d__sub,0.0
lgbm_gpu_engineered,z2_z_btc_return_1d__z_btc_log_volume__mul,0.0
lgbm_gpu_engineered,z2_z_btc_return_1d__z_btc_log_volume__div,0.0
lgbm_gpu_engineered,z2_z_btc_return_1d__z_btc_volume_diff_7d__sub,0.0
lgbm_gpu_engineered,z2_z_btc_return_1d__z_btc_volume_diff_7d__div,0.0
lgbm_gpu_engineered,z2_z_btc_return_1d__z_btc_trend_strength_20_50__mul,0.0
lgbm_gpu_engineered,z2_z_btc_return_1d__z_btc_trend_strength_20_50__add,0.0
lgbm_gpu_engineered,z2_z_btc_return_1d__z_btc_rolling_mean_distance_30d__add,0.0
lgbm_gpu_engineered,z2_z_btc_return_1d__z_btc_rolling_mean_distance_30d__sub,0.0
lgbm_gpu_engineered,z2_z_btc_return_1d__z_btc_rolling_mean_distance_30d__div,0.0
lgbm_gpu_engineered,z2_z_btc_return_1d__z_btc_return_14d__add,0.0
lgbm_gpu_engineered,z2_z_btc_rolling_mean_distance_60d__z_btc_candle_body_abs_pct__mul,0.0
lgbm_gpu_engineered,z2_z_btc_rolling_mean_distance_60d__z_btc_candle_body_abs_pct__sub,0.0
lgbm_gpu_engineered,z2_z_btc_rolling_mean_distance_60d__z_btc_trend_strength_50_200__add,0.0
lgbm_gpu_engineered,z2_z_btc_rolling_mean_distance_60d__z_btc_volume_z_20d__add,0.0
lgbm_gpu_engineered,z2_z_btc_rolling_mean_distance_60d__z_btc_volume_z_20d__div,0.0
lgbm_gpu_engineered,z2_z_btc_rolling_mean_distance_60d__z_us10y_bp_chg_7d__sub,0.0
lgbm_gpu_engineered,z2_z_btc_rolling_mean_distance_60d__z_btc_drawdown_120d__mul,0.0
lgbm_gpu_engineered,z2_z_btc_rolling_mean_distance_60d__z_btc_drawdown_120d__add,0.0
lgbm_gpu_engineered,z2_z_btc_rolling_mean_distance_60d__z_btc_volume_diff_7d__mul,0.0
lgbm_gpu_engineered,z2_z_btc_rolling_mean_distance_60d__z_btc_volume_diff_7d__add,0.0
lgbm_gpu_engineered,z2_z_btc_rolling_mean_distance_60d__z_btc_volume_diff_7d__div,0.0
lgbm_gpu_engineered,z2_z_btc_rolling_mean_distance_60d__z_btc_trend_strength_20_50__mul,0.0
lgbm_gpu_engineered,z2_z_btc_rolling_mean_distance_60d__z_btc_trend_strength_20_50__add,0.0
lgbm_gpu_engineered,z2_z_btc_rolling_mean_distance_60d__z_btc_trend_strength_20_50__div,0.0
lgbm_gpu_engineered,z2_z_btc_rolling_mean_distance_60d__z_btc_rolling_mean_distance_30d__mul,0.0
lgbm_gpu_engineered,z2_z_btc_rolling_mean_distance_60d__z_btc_rolling_mean_distance_30d__add,0.0
lgbm_gpu_engineered,z2_z_btc_rolling_mean_distance_60d__z_btc_rolling_mean_distance_30d__sub,0.0
lgbm_gpu_engineered,z2_z_btc_rolling_mean_distance_60d__z_btc_rolling_mean_distance_30d__div,0.0
lgbm_gpu_engineered,z2_z_btc_rolling_mean_distance_60d__z_btc_return_14d__mul,0.0
lgbm_gpu_engineered,z2_z_btc_rolling_mean_distance_60d__z_btc_return_14d__add,0.0
lgbm_gpu_engineered,z2_z_btc_rolling_mean_distance_60d__z_btc_return_14d__div,0.0
lgbm_gpu_engineered,z2_z_btc_candle_body_pct__z_btc_candle_body_abs_pct__mul,0.0
lgbm_gpu_engineered,z2_z_btc_candle_body_pct__z_btc_candle_body_abs_pct__add,0.0
lgbm_gpu_engineered,z2_z_btc_candle_body_pct__z_btc_trend_strength_50_200__mul,0.0
lgbm_gpu_engineered,z2_z_btc_candle_body_pct__z_btc_trend_strength_50_200__add,0.0
lgbm_gpu_engineered,z2_z_btc_candle_body_pct__z_us10y_bp_chg_7d__add,0.0
lgbm_gpu_engineered,z2_z_btc_candle_body_pct__z_us10y_bp_chg_7d__sub,0.0
lgbm_gpu_engineered,z2_z_btc_candle_body_pct__z_us10y_bp_chg_7d__div,0.0
lgbm_gpu_engineered,z2_z_btc_candle_body_pct__z_btc_drawdown_120d__mul,0.0
lgbm_gpu_engineered,z2_z_btc_candle_body_pct__z_btc_log_volume__sub,0.0
lgbm_gpu_engineered,z2_z_btc_candle_body_pct__z_btc_log_volume__div,0.0
lgbm_gpu_engineered,z2_z_btc_candle_body_pct__z_btc_volume_diff_7d__mul,0.0
lgbm_gpu_engineered,z2_z_btc_candle_body_pct__z_btc_volume_diff_7d__div,0.0
lgbm_gpu_engineered,z2_z_btc_candle_body_pct__z_btc_trend_strength_20_50__mul,0.0
lgbm_gpu_engineered,z2_z_btc_candle_body_pct__z_btc_trend_strength_20_50__add,0.0
lgbm_gpu_engineered,z2_z_btc_candle_body_pct__z_btc_rolling_mean_distance_30d__add,0.0
lgbm_gpu_engineered,z2_z_btc_candle_body_pct__z_btc_rolling_mean_distance_30d__sub,0.0
lgbm_gpu_engineered,z2_z_btc_candle_body_pct__z_btc_rolling_mean_distance_30d__div,0.0
lgbm_gpu_engineered,z2_z_btc_candle_body_pct__z_btc_return_14d__mul,0.0
lgbm_gpu_engineered,z2_z_btc_candle_body_abs_pct__z_btc_trend_strength_50_200__mul,0.0
lgbm_gpu_engineered,z2_z_btc_candle_body_abs_pct__z_btc_trend_strength_50_200__add,0.0
lgbm_gpu_engineered,z2_z_btc_candle_body_abs_pct__z_us10y_bp_chg_7d__div,0.0
lgbm_gpu_engineered,z2_z_btc_candle_body_abs_pct__z_btc_drawdown_120d__mul,0.0
lgbm_gpu_engineered,z2_z_btc_candle_body_abs_pct__z_btc_drawdown_120d__add,0.0
lgbm_gpu_engineered,z2_z_btc_candle_body_abs_pct__z_btc_log_volume__add,0.0
lgbm_gpu_engineered,z2_z_btc_candle_body_abs_pct__z_btc_log_volume__sub,0.0
lgbm_gpu_engineered,z2_z_btc_candle_body_abs_pct__z_btc_volume_diff_7d__mul,0.0
lgbm_gpu_engineered,z2_z_btc_candle_body_abs_pct__z_btc_volume_diff_7d__add,0.0
lgbm_gpu_engineered,z2_z_btc_candle_body_abs_pct__z_btc_trend_strength_20_50__add,0.0
lgbm_gpu_engineered,z2_z_btc_candle_body_abs_pct__z_btc_trend_strength_20_50__sub,0.0
lgbm_gpu_engineered,z2_z_btc_candle_body_abs_pct__z_btc_rolling_mean_distance_30d__mul,0.0
lgbm_gpu_engineered,z2_z_btc_candle_body_abs_pct__z_btc_rolling_mean_distance_30d__add,0.0
lgbm_gpu_engineered,z2_z_btc_candle_body_abs_pct__z_btc_rolling_mean_distance_30d__sub,0.0
lgbm_gpu_engineered,z2_z_btc_candle_body_abs_pct__z_btc_rolling_mean_distance_30d__div,0.0
lgbm_gpu_engineered,z2_z_btc_trend_strength_50_200__z_us10y_bp_chg_7d__sub,0.0
lgbm_gpu_engineered,z2_z_btc_trend_strength_50_200__z_btc_drawdown_120d__add,0.0
lgbm_gpu_engineered,z2_z_btc_trend_strength_50_200__z_btc_log_volume__add,0.0
lgbm_gpu_engineered,z2_z_btc_trend_strength_50_200__z_btc_log_volume__sub,0.0
lgbm_gpu_engineered,z2_z_btc_trend_strength_50_200__z_btc_volume_diff_7d__sub,0.0
lgbm_gpu_engineered,z2_z_btc_trend_strength_50_200__z_btc_volume_diff_7d__div,0.0
lgbm_gpu_engineered,z2_z_btc_trend_strength_50_200__z_btc_trend_strength_20_50__mul,0.0
lgbm_gpu_engineered,z2_z_btc_trend_strength_50_200__z_btc_trend_strength_20_50__sub,0.0
lgbm_gpu_engineered,z2_z_btc_trend_strength_50_200__z_btc_rolling_mean_distance_30d__mul,0.0
lgbm_gpu_engineered,z2_z_btc_trend_strength_50_200__z_btc_rolling_mean_distance_30d__add,0.0
lgbm_gpu_engineered,z2_z_btc_trend_strength_50_200__z_btc_return_14d__mul,0.0
lgbm_gpu_engineered,z2_z_btc_volume_z_20d__z_us10y_bp_chg_7d__add,0.0
lgbm_gpu_engineered,z2_z_btc_volume_z_20d__z_us10y_bp_chg_7d__div,0.0
lgbm_gpu_engineered,z2_z_btc_volume_z_20d__z_btc_trend_strength_20_50__add,0.0
lgbm_gpu_engineered,z2_z_btc_volume_z_20d__z_btc_rolling_mean_distance_30d__add,0.0
lgbm_gpu_engineered,z2_z_btc_volume_z_20d__z_btc_rolling_mean_distance_30d__sub,0.0
lgbm_gpu_engineered,z2_z_btc_volume_z_20d__z_btc_rolling_mean_distance_30d__div,0.0
lgbm_gpu_engineered,z2_z_btc_volume_z_20d__z_btc_return_14d__sub,0.0
lgbm_gpu_engineered,z2_z_btc_volume_z_20d__z_btc_return_14d__div,0.0
lgbm_gpu_engineered,z2_z_us10y_bp_chg_7d__z_btc_drawdown_120d__add,0.0
lgbm_gpu_engineered,z2_z_us10y_bp_chg_7d__z_btc_drawdown_120d__sub,0.0
lgbm_gpu_engineered,z2_z_us10y_bp_chg_7d__z_btc_log_volume__mul,0.0
lgbm_gpu_engineered,z2_z_us10y_bp_chg_7d__z_btc_log_volume__add,0.0
lgbm_gpu_engineered,z2_z_us10y_bp_chg_7d__z_btc_volume_diff_7d__add,0.0
lgbm_gpu_engineered,z2_z_us10y_bp_chg_7d__z_btc_volume_diff_7d__sub,0.0
lgbm_gpu_engineered,z2_z_us10y_bp_chg_7d__z_btc_trend_strength_20_50__mul,0.0
lgbm_gpu_engineered,z2_z_us10y_bp_chg_7d__z_btc_rolling_mean_distance_30d__add,0.0
lgbm_gpu_engineered,z2_z_us10y_bp_chg_7d__z_btc_rolling_mean_distance_30d__sub,0.0
lgbm_gpu_engineered,z2_z_us10y_bp_chg_7d__z_btc_rolling_mean_distance_30d__div,0.0
lgbm_gpu_engineered,z2_z_us10y_bp_chg_7d__z_btc_return_14d__sub,0.0
lgbm_gpu_engineered,z2_z_btc_drawdown_120d__z_btc_log_volume__mul,0.0
lgbm_gpu_engineered,z2_z_btc_drawdown_120d__z_btc_log_volume__add,0.0
lgbm_gpu_engineered,z2_z_btc_drawdown_120d__z_btc_trend_strength_20_50__add,0.0
lgbm_gpu_engineered,z2_z_btc_drawdown_120d__z_btc_trend_strength_20_50__sub,0.0
lgbm_gpu_engineered,z2_z_btc_drawdown_120d__z_btc_trend_strength_20_50__div,0.0
lgbm_gpu_engineered,z2_z_btc_drawdown_120d__z_btc_rolling_mean_distance_30d__mul,0.0
lgbm_gpu_engineered,z2_z_btc_drawdown_120d__z_btc_rolling_mean_distance_30d__add,0.0
lgbm_gpu_engineered,z2_z_btc_drawdown_120d__z_btc_return_14d__mul,0.0
lgbm_gpu_engineered,z2_z_btc_drawdown_120d__z_btc_return_14d__add,0.0
lgbm_gpu_engineered,z2_z_btc_drawdown_120d__z_btc_return_14d__sub,0.0
lgbm_gpu_engineered,z2_z_btc_log_volume__z_btc_volume_diff_7d__add,0.0
lgbm_gpu_engineered,z2_z_btc_log_volume__z_btc_volume_diff_7d__sub,0.0
lgbm_gpu_engineered,z2_z_btc_log_volume__z_btc_rolling_mean_distance_30d__div,0.0
lgbm_gpu_engineered,z2_z_btc_log_volume__z_btc_return_14d__sub,0.0
lgbm_gpu_engineered,z2_z_btc_volume_diff_7d__z_btc_trend_strength_20_50__add,0.0
lgbm_gpu_engineered,z2_z_btc_volume_diff_7d__z_btc_rolling_mean_distance_30d__mul,0.0
lgbm_gpu_engineered,z2_z_btc_volume_diff_7d__z_btc_rolling_mean_distance_30d__add,0.0
lgbm_gpu_engineered,z2_z_btc_volume_diff_7d__z_btc_rolling_mean_distance_30d__div,0.0
lgbm_gpu_engineered,z2_z_btc_volume_diff_7d__z_btc_return_14d__mul,0.0
lgbm_gpu_engineered,z2_z_btc_volume_diff_7d__z_btc_return_14d__sub,0.0
lgbm_gpu_engineered,z2_z_btc_trend_strength_20_50__z_btc_rolling_mean_distance_30d__mul,0.0
lgbm_gpu_engineered,z2_z_btc_trend_strength_20_50__z_btc_rolling_mean_distance_30d__add,0.0
lgbm_gpu_engineered,z2_z_btc_trend_strength_20_50__z_btc_return_14d__mul,0.0
lgbm_gpu_engineered,z2_z_btc_trend_strength_20_50__z_btc_return_14d__add,0.0
lgbm_gpu_engineered,z2_z_btc_trend_strength_20_50__z_btc_return_14d__sub,0.0
lgbm_gpu_engineered,z2_z_btc_trend_strength_20_50__z_btc_return_14d__div,0.0
lgbm_gpu_engineered,z2_z_btc_rolling_mean_distance_30d__z_btc_return_14d__add,0.0
lgbm_gpu_engineered,z2_z_btc_rolling_mean_distance_30d__z_btc_return_14d__div,0.0
xgb_gpu_engineered,z2_z_btc_rolling_position_14d__z_btc_bollinger_percent_b_20d__mul,0.002046
xgb_gpu_engineered,z2_z_btc_rolling_position_14d__z_btc_return_1d__sub,0.001965
xgb_gpu_engineered,z2_z_btc_rolling_position_14d__z_btc_trend_sma7_above_sma30__mul,0.001804
xgb_gpu_engineered,z2_z_btc_rolling_position_7d__z_btc_drawdown_120d__add,0.001801
xgb_gpu_engineered,z2_z_us10y_bp_chg_7d__z_btc_rolling_mean_distance_30d__add,0.001797
xgb_gpu_engineered,z2_z_btc_rsi_7__z_btc_candle_body_pct__mul,0.001797
xgb_gpu_engineered,z2_z_gold_return_7d__z_btc_return_14d__add,0.001769
xgb_gpu_engineered,z2_z_btc_rolling_position_14d__z_btc_drawdown_120d__add,0.001744
xgb_gpu_engineered,z2_z_btc_candle_body_abs_pct__z_btc_rolling_mean_distance_30d__div,0.001741
xgb_gpu_engineered,z2_z_btc_bollinger_lower_distance_20d__z_btc_rolling_position_60d__div,0.001721
xgb_gpu_engineered,z2_z_btc_rolling_position_30d__z_btc_trend_strength_50_200__sub,0.001714
xgb_gpu_engineered,z2_z_btc_rolling_position_60d__z_btc_candle_body_abs_pct__mul,0.001701
xgb_gpu_engineered,z2_z_gold_return_7d__z_btc_drawdown_120d__add,0.001685
xgb_gpu_engineered,z2_z_btc_rolling_position_60d__z_btc_return_1d__sub,0.001677
xgb_gpu_engineered,z2_z_btc_log_volume__z_btc_rolling_mean_distance_30d__mul,0.001654
xgb_gpu_engineered,z2_z_btc_volume_pct_7d__z_btc_bollinger_lower_distance_20d__sub,0.001637
xgb_gpu_engineered,z2_z_btc_rolling_position_30d__z_btc_drawdown_120d__mul,0.001631
xgb_gpu_engineered,z2_z_btc_trend_above_sma20__z_us10y_bp_chg_7d__sub,0.001623
xgb_gpu_engineered,z2_z_btc_candle_range_pct__z_btc_trend_strength_50_200__mul,0.001617
xgb_gpu_engineered,z2_z_btc_rsi_30__z_btc_trend_sma7_above_sma30__mul,0.001615
xgb_gpu_engineered,z2_z_btc_volume_z_20d__z_btc_rolling_mean_distance_30d__mul,0.001607
xgb_gpu_engineered,z2_z_btc_bollinger_width_20d__z_btc_bollinger_percent_b_20d__div,0.001583
xgb_gpu_engineered,z2_z_sp500_return_1d__z_btc_return_1d__add,0.001577
xgb_gpu_engineered,z2_z_btc_rolling_position_30d__z_btc_rolling_position_7d__div,0.001575
xgb_gpu_engineered,z2_z_btc_rolling_position_20d__z_btc_rsi_14__sub,0.001572
xgb_gpu_engineered,z2_z_nasdaq_return_1d__z_btc_rolling_mean_distance_30d__div,0.001547
xgb_gpu_engineered,z2_z_btc_trend_above_sma50__z_gold_return_7d__mul,0.001542
xgb_gpu_engineered,z2_z_btc_rolling_position_14d__z_btc_candle_body_abs_pct__sub,0.001519
xgb_gpu_engineered,z2_z_btc_rolling_position_14d__z_btc_trend_above_sma50__add,0.001505
xgb_gpu_engineered,z2_z_btc_rsi_14__z_btc_return_1d__div,0.001488
xgb_gpu_engineered,z2_z_btc_bollinger_width_20d__z_us10y_bp_chg_7d__mul,0.001486
xgb_gpu_engineered,z2_z_btc_trend_sma50_above_sma200__z_btc_volume_z_20d__add,0.001483
xgb_gpu_engineered,z2_z_btc_trend_sma50_above_sma200__z_btc_volume_diff_7d__add,0.001481
xgb_gpu_engineered,z2_z_btc_rolling_position_30d__z_btc_volume_diff_7d__mul,0.001475
xgb_gpu_engineered,z2_z_btc_rolling_position_20d__z_btc_trend_above_sma20__mul,0.001467
xgb_gpu_engineered,z2_z_btc_volume_z_20d__z_btc_drawdown_120d__sub,0.001464
xgb_gpu_engineered,z2_z_nasdaq_return_1d__z_gold_return_7d__sub,0.001456
xgb_gpu_engineered,z2_z_btc_bollinger_lower_distance_20d__z_gold_return_7d__sub,0.001455
xgb_gpu_engineered,z2_z_btc_bollinger_width_20d__z_btc_candle_body_abs_pct__div,0.00145
xgb_gpu_engineered,z2_z_btc_trend_above_sma20__z_gold_return_7d__div,0.001441
xgb_gpu_engineered,z2_z_us5y_bp_chg_7d__z_btc_candle_body_pct__div,0.00144
xgb_gpu_engineered,z2_z_btc_trend_sma7_above_sma30__z_btc_volume_z_20d__mul,0.001429
xgb_gpu_engineered,z2_z_btc_volume_pct_7d__z_btc_trend_above_sma50__add,0.001428
xgb_gpu_engineered,z2_z_btc_trend_above_sma20__z_btc_return_1d__mul,0.001422
xgb_gpu_engineered,z2_z_btc_trend_sma7_above_sma30__z_btc_rolling_mean_distance_30d__sub,0.001421
xgb_gpu_engineered,z2_z_btc_rolling_position_7d__z_btc_rsi_7__mul,0.00141
xgb_gpu_engineered,z2_z_btc_volume_z_20d__z_btc_trend_strength_20_50__div,0.001409
xgb_gpu_engineered,z2_z_btc_rolling_position_60d__z_btc_rsi_7__sub,0.001405
xgb_gpu_engineered,z2_z_btc_volume_z_20d__z_btc_volume_diff_7d__add,0.001398
xgb_gpu_engineered,z2_z_btc_rsi_30__z_btc_log_volume__div,0.001384
xgb_gpu_engineered,z_btc_trend_strength_20_50,0.001384
xgb_gpu_engineered,z2_z_btc_rsi_7__z_btc_rolling_mean_distance_30d__sub,0.001383
xgb_gpu_engineered,z2_z_btc_trend_strength_20_50__z_btc_rolling_mean_distance_30d__sub,0.001366
xgb_gpu_engineered,z2_z_btc_rolling_position_30d__z_btc_rsi_30__sub,0.001353
xgb_gpu_engineered,z2_z_btc_trend_above_sma50__z_btc_drawdown_120d__add,0.001329
xgb_gpu_engineered,z2_z_btc_bollinger_width_20d__z_us10y_bp_chg_7d__div,0.001325
xgb_gpu_engineered,z2_z_btc_trend_above_sma20__z_btc_volume_z_20d__mul,0.001322
xgb_gpu_engineered,z2_z_btc_rolling_position_60d__z_btc_trend_strength_20_50__sub,0.001318
xgb_gpu_engineered,z2_z_btc_trend_above_sma20__z_btc_trend_strength_50_200__div,0.001318
xgb_gpu_engineered,z2_z_btc_rsi_7__z_btc_candle_body_pct__sub,0.001314
xgb_gpu_engineered,z2_z_btc_trend_above_sma50__z_nasdaq_return_1d__mul,0.001313
xgb_gpu_engineered,z2_z_btc_trend_sma7_above_sma30__z_btc_log_volume__mul,0.00131
xgb_gpu_engineered,z2_z_btc_rolling_position_60d__z_btc_rsi_7__div,0.001309
xgb_gpu_engineered,z2_z_us5y_bp_chg_7d__z_btc_trend_strength_20_50__div,0.001304
xgb_gpu_engineered,z2_z_btc_trend_sma50_above_sma200__z_btc_drawdown_120d__div,0.001301
xgb_gpu_engineered,z2_z_btc_trend_sma7_above_sma30__z_btc_volume_diff_7d__mul,0.001298
xgb_gpu_engineered,z2_z_btc_trend_above_sma50__z_btc_volume_z_20d__add,0.001296
xgb_gpu_engineered,z2_z_btc_trend_above_sma50__z_btc_candle_body_pct__div,0.00129
xgb_gpu_engineered,z2_z_btc_rsi_14__z_sp500_return_1d__sub,0.001289
xgb_gpu_engineered,z2_z_btc_rsi_14__z_btc_trend_sma50_above_sma200__add,0.001289
xgb_gpu_engineered,z2_z_btc_bollinger_width_20d__z_btc_return_14d__div,0.001287
xgb_gpu_engineered,z2_z_btc_rolling_position_30d__z_btc_rolling_position_60d__add,0.001286
xgb_gpu_engineered,z2_z_btc_rolling_position_30d__z_nasdaq_return_1d__div,0.001281
xgb_gpu_engineered,z2_z_btc_rolling_position_14d__z_btc_rolling_mean_distance_30d__sub,0.001274
xgb_gpu_engineered,z2_z_btc_trend_sma7_above_sma30__z_btc_log_volume__sub,0.001273
xgb_gpu_engineered,z2_z_btc_rolling_position_20d__z_sp500_return_1d__mul,0.001269
xgb_gpu_engineered,z2_z_btc_bollinger_width_20d__z_btc_rsi_7__sub,0.001268
xgb_gpu_engineered,z2_z_btc_bollinger_lower_distance_20d__z_btc_rsi_7__div,0.001258
xgb_gpu_engineered,z2_z_btc_trend_above_sma50__z_btc_drawdown_120d__div,0.001256
xgb_gpu_engineered,z2_z_btc_bollinger_lower_distance_20d__z_btc_trend_above_sma20__div,0.001256
xgb_gpu_engineered,z2_z_btc_bollinger_width_20d__z_btc_trend_sma7_above_sma30__add,0.001254
xgb_gpu_engineered,z2_z_btc_rsi_7__z_us10y_bp_chg_7d__mul,0.001248
xgb_gpu_engineered,z2_z_us5y_bp_chg_7d__z_btc_volume_z_20d__sub,0.001246
xgb_gpu_engineered,z2_z_btc_rsi_30__z_btc_rolling_position_60d__mul,0.001246
xgb_gpu_engineered,z2_z_btc_trend_sma50_above_sma200__z_us10y_bp_chg_7d__mul,0.001245
xgb_gpu_engineered,z2_z_btc_trend_sma50_above_sma200__z_btc_trend_strength_20_50__div,0.001239
xgb_gpu_engineered,z2_z_btc_trend_above_sma20__z_btc_rsi_7__sub,0.001236
xgb_gpu_engineered,z2_z_btc_rolling_position_14d__z_sp500_return_1d__mul,0.001236
xgb_gpu_engineered,z2_z_btc_bollinger_width_20d__z_btc_rolling_mean_distance_60d__sub,0.001234
xgb_gpu_engineered,z2_z_btc_candle_body_abs_pct__z_btc_trend_strength_50_200__sub,0.001234
xgb_gpu_engineered,z2_z_btc_bollinger_width_20d__z_btc_trend_sma50_above_sma200__add,0.00123
xgb_gpu_engineered,z2_z_btc_return_1d__z_btc_rolling_mean_distance_60d__sub,0.001226
xgb_gpu_engineered,z2_z_btc_trend_above_sma50__z_gold_return_7d__add,0.001225
xgb_gpu_engineered,z2_z_gold_return_7d__z_btc_trend_strength_50_200__sub,0.001225
xgb_gpu_engineered,z2_z_btc_volume_pct_7d__z_btc_return_14d__sub,0.001216
xgb_gpu_engineered,z2_z_btc_rsi_7__z_btc_candle_body_pct__div,0.001214
xgb_gpu_engineered,z2_z_btc_trend_above_sma20__z_us5y_bp_chg_7d__div,0.001214
xgb_gpu_engineered,z2_z_btc_rsi_30__z_btc_rolling_mean_distance_30d__sub,0.001213
xgb_gpu_engineered,z2_z_btc_bollinger_width_20d__z_btc_volume_diff_7d__add,0.001212
xgb_gpu_engineered,z2_z_btc_trend_above_sma20__z_us5y_bp_chg_7d__mul,0.00121
xgb_gpu_engineered,z2_z_btc_trend_above_sma50__z_btc_rolling_mean_distance_30d__sub,0.001208
xgb_gpu_engineered,z2_z_sp500_return_1d__z_btc_return_14d__div,0.001207
xgb_gpu_engineered,z2_z_us5y_bp_chg_7d__z_btc_trend_strength_50_200__mul,0.001207
xgb_gpu_engineered,z2_z_sp500_return_1d__z_btc_trend_above_sma20__add,0.001206
xgb_gpu_engineered,z2_z_btc_rolling_position_7d__z_sp500_return_1d__sub,0.001206
xgb_gpu_engineered,z2_z_btc_volume_pct_7d__z_btc_rolling_mean_distance_60d__add,0.001204
xgb_gpu_engineered,z2_z_nasdaq_return_1d__z_btc_trend_sma7_above_sma30__add,0.0012
xgb_gpu_engineered,z2_z_btc_return_1d__z_btc_trend_strength_20_50__sub,0.0012
xgb_gpu_engineered,z2_z_btc_return_1d__z_us10y_bp_chg_7d__mul,0.001198
xgb_gpu_engineered,z2_z_btc_candle_body_abs_pct__z_btc_trend_strength_50_200__add,0.001194
xgb_gpu_engineered,z2_z_btc_rolling_position_30d__z_gold_return_7d__sub,0.001191
xgb_gpu_engineered,z2_z_btc_rolling_position_30d__z_btc_volume_diff_7d__sub,0.00119
xgb_gpu_engineered,z2_z_btc_rolling_position_20d__z_btc_volume_z_20d__div,0.00119
xgb_gpu_engineered,z2_z_btc_rolling_position_20d__z_btc_volume_diff_7d__mul,0.001187
xgb_gpu_engineered,z2_z_btc_rolling_mean_distance_60d__z_btc_candle_body_pct__div,0.001183
xgb_gpu_engineered,z2_z_btc_volume_pct_7d__z_btc_rolling_mean_distance_30d__sub,0.001177
xgb_gpu_engineered,z2_z_btc_log_volume__z_btc_return_14d__mul,0.001173
xgb_gpu_engineered,z2_z_btc_volume_pct_7d__z_us5y_bp_chg_7d__add,0.001171
xgb_gpu_engineered,z2_z_btc_trend_strength_50_200__z_us10y_bp_chg_7d__mul,0.00117
xgb_gpu_engineered,z2_z_btc_trend_above_sma20__z_nasdaq_return_1d__add,0.001169
xgb_gpu_engineered,z2_z_btc_rolling_position_60d__z_btc_rsi_7__mul,0.001167
xgb_gpu_engineered,z2_z_btc_rolling_mean_distance_60d__z_btc_candle_body_pct__sub,0.001166
xgb_gpu_engineered,z2_z_btc_bollinger_width_20d__z_btc_bollinger_lower_distance_20d__div,0.001164
xgb_gpu_engineered,z2_z_btc_return_1d__z_btc_drawdown_120d__div,0.001155
xgb_gpu_engineered,z2_z_btc_return_1d__z_us10y_bp_chg_7d__add,0.001152
xgb_gpu_engineered,z2_z_btc_rolling_position_60d__z_btc_trend_strength_50_200__div,0.001152
xgb_gpu_engineered,z2_z_gold_return_7d__z_btc_return_14d__sub,0.001151
xgb_gpu_engineered,z2_z_us5y_bp_chg_7d__z_btc_trend_sma7_above_sma30__div,0.001149
xgb_gpu_engineered,z2_z_gold_return_7d__z_btc_log_volume__add,0.001149
xgb_gpu_engineered,z2_z_btc_trend_above_sma50__z_btc_rolling_position_7d__div,0.001142
xgb_gpu_engineered,z2_z_btc_rsi_14__z_btc_return_14d__sub,0.001142
xgb_gpu_engineered,z2_z_btc_rolling_position_20d__z_btc_candle_body_pct__mul,0.001141
xgb_gpu_engineered,z2_z_sp500_return_1d__z_gold_return_7d__sub,0.00114
xgb_gpu_engineered,z2_z_btc_bollinger_percent_b_20d__z_btc_volume_diff_7d__div,0.001139
xgb_gpu_engineered,z2_z_btc_bollinger_width_20d__z_btc_rsi_7__mul,0.001137
xgb_gpu_engineered,z2_z_btc_trend_above_sma20__z_btc_log_volume__mul,0.001136
xgb_gpu_engineered,z2_z_btc_rolling_position_7d__z_btc_volume_diff_7d__add,0.001136
xgb_gpu_engineered,z2_z_btc_rsi_30__z_nasdaq_return_1d__div,0.001135
xgb_gpu_engineered,z2_z_btc_rolling_position_60d__z_btc_return_14d__mul,0.001128
xgb_gpu_engineered,z2_z_btc_candle_range_pct__z_btc_rolling_mean_distance_60d__mul,0.001125
xgb_gpu_engineered,z2_z_btc_trend_sma50_above_sma200__z_btc_drawdown_120d__sub,0.001124
xgb_gpu_engineered,z2_z_btc_trend_above_sma50__z_btc_log_volume__sub,0.00112
xgb_gpu_engineered,z2_z_nasdaq_return_1d__z_btc_drawdown_120d__add,0.001119
xgb_gpu_engineered,z2_z_btc_bollinger_lower_distance_20d__z_btc_trend_sma7_above_sma30__mul,0.001115
xgb_gpu_engineered,z2_z_btc_candle_range_pct__z_btc_rolling_mean_distance_30d__mul,0.001113
xgb_gpu_engineered,z2_z_btc_rolling_position_14d__z_btc_trend_strength_20_50__div,0.00111
xgb_gpu_engineered,z2_z_btc_candle_range_pct__z_btc_volume_diff_7d__mul,0.001106
xgb_gpu_engineered,z2_z_nasdaq_return_1d__z_btc_rolling_mean_distance_30d__add,0.001105
xgb_gpu_engineered,z2_z_btc_volume_pct_7d__z_us10y_bp_chg_7d__div,0.001105
xgb_gpu_engineered,z2_z_btc_trend_sma50_above_sma200__z_btc_log_volume__div,0.001103
xgb_gpu_engineered,z2_z_btc_candle_range_pct__z_btc_drawdown_120d__mul,0.001102
xgb_gpu_engineered,z2_z_btc_rsi_14__z_btc_return_14d__mul,0.0011
xgb_gpu_engineered,z2_z_btc_rsi_7__z_btc_candle_range_pct__div,0.001099
xgb_gpu_engineered,z2_z_btc_trend_above_sma20__z_btc_rsi_7__div,0.001099
xgb_gpu_engineered,z2_z_btc_volume_pct_7d__z_btc_rsi_14__add,0.001097
xgb_gpu_engineered,z2_z_us5y_bp_chg_7d__z_btc_trend_sma7_above_sma30__mul,0.001094
xgb_gpu_engineered,z2_z_btc_trend_above_sma20__z_btc_return_1d__sub,0.001092
xgb_gpu_engineered,z2_z_btc_rsi_14__z_btc_trend_sma50_above_sma200__sub,0.00109
xgb_gpu_engineered,z2_z_btc_volume_pct_7d__z_btc_volume_diff_7d__add,0.001089
xgb_gpu_engineered,z2_z_btc_candle_range_pct__z_btc_rolling_mean_distance_30d__sub,0.001088
xgb_gpu_engineered,z2_z_nasdaq_return_1d__z_btc_rsi_7__div,0.001088
xgb_gpu_engineered,z2_z_btc_rsi_14__z_btc_volume_z_20d__mul,0.001087
xgb_gpu_engineered,z2_z_btc_bollinger_lower_distance_20d__z_btc_rsi_30__mul,0.001086
xgb_gpu_engineered,z2_z_btc_trend_sma7_above_sma30__z_us10y_bp_chg_7d__mul,0.001084
xgb_gpu_engineered,z2_z_btc_volume_pct_7d__z_btc_volume_diff_7d__mul,0.001084
xgb_gpu_engineered,z2_z_btc_bollinger_lower_distance_20d__z_btc_rsi_14__sub,0.001084
xgb_gpu_engineered,z2_z_btc_rolling_position_7d__z_nasdaq_return_1d__add,0.001083
xgb_gpu_engineered,z2_z_btc_volume_z_20d__z_us10y_bp_chg_7d__sub,0.00108
xgb_gpu_engineered,z2_z_btc_bollinger_percent_b_20d__z_btc_trend_strength_20_50__div,0.00108
xgb_gpu_engineered,z2_z_gold_return_7d__z_btc_drawdown_120d__div,0.001078
xgb_gpu_engineered,z2_z_btc_volume_pct_7d__z_btc_candle_body_pct__sub,0.001077
xgb_gpu_engineered,z2_z_btc_candle_body_pct__z_btc_trend_strength_50_200__sub,0.001077
xgb_gpu_engineered,z2_z_btc_rsi_14__z_btc_candle_range_pct__add,0.001076
xgb_gpu_engineered,z2_z_btc_rsi_7__z_btc_drawdown_120d__mul,0.001071
xgb_gpu_engineered,z2_z_btc_trend_sma50_above_sma200__z_btc_rolling_mean_distance_30d__div,0.001071
xgb_gpu_engineered,z2_z_btc_rolling_position_20d__z_btc_bollinger_lower_distance_20d__div,0.00107
xgb_gpu_engineered,z2_z_btc_log_volume__z_btc_volume_diff_7d__div,0.001069
xgb_gpu_engineered,z2_z_btc_bollinger_lower_distance_20d__z_btc_rolling_position_7d__sub,0.001067
xgb_gpu_engineered,z2_z_btc_rsi_30__z_btc_drawdown_120d__div,0.001066
xgb_gpu_engineered,z2_z_btc_bollinger_width_20d__z_btc_rolling_position_7d__div,0.001065
xgb_gpu_engineered,z2_z_btc_trend_above_sma50__z_btc_trend_strength_20_50__sub,0.001064
xgb_gpu_engineered,z2_z_btc_trend_above_sma20__z_btc_trend_strength_20_50__add,0.001061
xgb_gpu_engineered,z2_z_btc_rolling_position_30d__z_btc_rolling_position_7d__mul,0.00106
xgb_gpu_engineered,z2_z_btc_bollinger_width_20d__z_btc_rolling_position_20d__sub,0.001058
xgb_gpu_engineered,z2_z_btc_rsi_14__z_btc_rsi_7__sub,0.001056
xgb_gpu_engineered,z2_z_btc_rolling_mean_distance_60d__z_btc_volume_z_20d__div,0.001054
xgb_gpu_engineered,z2_z_btc_candle_body_abs_pct__z_btc_log_volume__add,0.001051
xgb_gpu_engineered,z2_z_btc_rsi_7__z_btc_rolling_mean_distance_30d__mul,0.001051
xgb_gpu_engineered,z2_z_btc_volume_pct_7d__z_nasdaq_return_1d__mul,0.001051
xgb_gpu_engineered,z2_z_btc_rolling_position_20d__z_btc_bollinger_lower_distance_20d__mul,0.001051
xgb_gpu_engineered,z2_z_btc_bollinger_lower_distance_20d__z_btc_volume_diff_7d__div,0.001049
xgb_gpu_engineered,z2_z_btc_trend_above_sma20__z_gold_return_7d__sub,0.001046
xgb_gpu_engineered,z2_z_btc_trend_strength_50_200__z_us10y_bp_chg_7d__add,0.001042
xgb_gpu_engineered,z2_z_btc_trend_above_sma50__z_btc_candle_body_pct__mul,0.001041
xgb_gpu_engineered,z2_z_btc_rsi_14__z_btc_trend_above_sma20__div,0.001039
xgb_gpu_engineered,z2_z_btc_rolling_position_20d__z_btc_trend_strength_50_200__sub,0.001037
xgb_gpu_engineered,z2_z_btc_rolling_position_20d__z_btc_log_volume__mul,0.001034
xgb_gpu_engineered,z2_z_btc_bollinger_width_20d__z_btc_candle_range_pct__mul,0.001033
xgb_gpu_engineered,z2_z_btc_bollinger_percent_b_20d__z_btc_rsi_7__mul,0.001031
xgb_gpu_engineered,z2_z_btc_rolling_position_20d__z_btc_candle_range_pct__sub,0.001031
xgb_gpu_engineered,z2_z_us5y_bp_chg_7d__z_btc_volume_z_20d__mul,0.00103
xgb_gpu_engineered,z2_z_us5y_bp_chg_7d__z_btc_drawdown_120d__div,0.00103
xgb_gpu_engineered,z2_z_btc_rsi_30__z_btc_rsi_7__div,0.001029
xgb_gpu_engineered,z2_z_btc_rolling_position_7d__z_btc_log_volume__div,0.001026
xgb_gpu_engineered,z2_z_btc_rolling_position_60d__z_btc_volume_diff_7d__mul,0.001025
xgb_gpu_engineered,z2_z_btc_return_1d__z_btc_trend_strength_50_200__sub,0.001024
xgb_gpu_engineered,z2_z_btc_rolling_position_30d__z_btc_bollinger_percent_b_20d__sub,0.001024
xgb_gpu_engineered,z2_z_btc_candle_body_abs_pct__z_btc_trend_strength_20_50__div,0.001023
xgb_gpu_engineered,z2_z_btc_volume_pct_7d__z_sp500_return_1d__add,0.001023
xgb_gpu_engineered,z2_z_btc_rsi_14__z_btc_candle_body_abs_pct__add,0.001023
xgb_gpu_engineered,z2_z_nasdaq_return_1d__z_btc_trend_strength_50_200__sub,0.001022
xgb_gpu_engineered,z2_z_btc_bollinger_percent_b_20d__z_btc_volume_diff_7d__add,0.001022
xgb_gpu_engineered,z2_z_btc_bollinger_percent_b_20d__z_btc_log_volume__mul,0.00102
xgb_gpu_engineered,z2_z_btc_rsi_7__z_btc_candle_range_pct__mul,0.001018
xgb_gpu_engineered,z2_z_btc_volume_pct_7d__z_btc_trend_above_sma20__sub,0.001013
xgb_gpu_engineered,z2_z_btc_volume_pct_7d__z_btc_candle_body_abs_pct__sub,0.001013
xgb_gpu_engineered,z2_z_btc_trend_above_sma20__z_btc_volume_diff_7d__sub,0.001013
xgb_gpu_engineered,z2_z_us5y_bp_chg_7d__z_btc_candle_body_pct__add,0.001013
xgb_gpu_engineered,z2_z_btc_candle_body_pct__z_btc_volume_diff_7d__div,0.001013
xgb_gpu_engineered,z2_z_btc_rolling_position_14d__z_btc_bollinger_percent_b_20d__sub,0.001013
xgb_gpu_engineered,z2_z_btc_rsi_30__z_us5y_bp_chg_7d__div,0.001012
xgb_gpu_engineered,z2_z_gold_return_7d__z_btc_trend_sma7_above_sma30__add,0.001011
xgb_gpu_engineered,z2_z_btc_trend_above_sma20__z_btc_rolling_mean_distance_60d__div,0.001011
xgb_gpu_engineered,z2_z_us10y_bp_chg_7d__z_btc_volume_diff_7d__mul,0.001011
xgb_gpu_engineered,z2_z_nasdaq_return_1d__z_btc_rsi_7__mul,0.001009
xgb_gpu_engineered,z2_z_btc_rsi_30__z_btc_log_volume__sub,0.001009
xgb_gpu_engineered,z2_z_btc_bollinger_width_20d__z_btc_rsi_14__add,0.001008
xgb_gpu_engineered,z2_z_btc_rolling_position_30d__z_btc_volume_z_20d__mul,0.001006
xgb_gpu_engineered,z2_z_btc_volume_pct_7d__z_btc_rsi_30__mul,0.001006
xgb_gpu_engineered,z2_z_btc_rolling_position_7d__z_btc_rolling_position_60d__div,0.001005
xgb_gpu_engineered,z2_z_btc_rolling_position_7d__z_btc_return_14d__sub,0.001003
xgb_gpu_engineered,z2_z_us10y_bp_chg_7d__z_btc_trend_strength_20_50__div,0.001002
xgb_gpu_engineered,z2_z_btc_trend_above_sma20__z_btc_return_14d__sub,0.001001
xgb_gpu_engineered,z2_z_btc_trend_sma50_above_sma200__z_btc_drawdown_120d__mul,0.000999
xgb_gpu_engineered,z2_z_btc_bollinger_width_20d__z_nasdaq_return_1d__mul,0.000996
xgb_gpu_engineered,z2_z_btc_trend_sma50_above_sma200__z_btc_volume_z_20d__div,0.000996
xgb_gpu_engineered,z2_z_btc_log_volume__z_btc_trend_strength_20_50__mul,0.000996
xgb_gpu_engineered,z2_z_btc_bollinger_percent_b_20d__z_gold_return_7d__mul,0.000996
xgb_gpu_engineered,z2_z_us5y_bp_chg_7d__z_btc_rolling_mean_distance_30d__add,0.000995
xgb_gpu_engineered,z2_z_us5y_bp_chg_7d__z_btc_trend_strength_50_200__div,0.000995
xgb_gpu_engineered,z2_z_btc_rsi_30__z_btc_volume_z_20d__div,0.000992
xgb_gpu_engineered,z2_z_btc_candle_body_pct__z_btc_trend_strength_50_200__mul,0.000992
xgb_gpu_engineered,z2_z_btc_volume_z_20d__z_btc_drawdown_120d__div,0.000991
xgb_gpu_engineered,z2_z_sp500_return_1d__z_btc_trend_above_sma20__div,0.000988
xgb_gpu_engineered,z2_z_btc_candle_range_pct__z_btc_trend_strength_20_50__div,0.000987
xgb_gpu_engineered,z2_z_btc_rsi_7__z_btc_volume_diff_7d__mul,0.000985
xgb_gpu_engineered,z2_z_btc_rolling_mean_distance_60d__z_btc_volume_z_20d__add,0.000985
xgb_gpu_engineered,z2_z_btc_rsi_7__z_gold_return_7d__add,0.000985
xgb_gpu_engineered,z2_z_btc_bollinger_percent_b_20d__z_gold_return_7d__add,0.000985
xgb_gpu_engineered,z2_z_btc_rsi_7__z_btc_trend_strength_50_200__add,0.000984
xgb_gpu_engineered,z2_z_btc_trend_sma50_above_sma200__z_btc_rolling_mean_distance_60d__mul,0.000981
xgb_gpu_engineered,z2_z_btc_rolling_mean_distance_60d__z_btc_volume_diff_7d__sub,0.000981
xgb_gpu_engineered,z2_z_btc_volume_pct_7d__z_btc_rsi_7__div,0.000981
xgb_gpu_engineered,z2_z_btc_rsi_30__z_btc_candle_body_pct__div,0.00098
xgb_gpu_engineered,z2_z_btc_volume_pct_7d__z_btc_log_volume__sub,0.000978
xgb_gpu_engineered,z2_z_btc_rsi_14__z_btc_candle_range_pct__mul,0.000977
xgb_gpu_engineered,z2_z_btc_rsi_30__z_btc_trend_strength_20_50__add,0.000977
xgb_gpu_engineered,z2_z_btc_trend_above_sma50__z_btc_rsi_30__mul,0.000976
xgb_gpu_engineered,z2_z_btc_rolling_position_14d__z_us10y_bp_chg_7d__div,0.000976
xgb_gpu_engineered,z2_z_us10y_bp_chg_7d__z_btc_volume_diff_7d__sub,0.000973
xgb_gpu_engineered,z2_z_btc_return_1d__z_btc_trend_strength_50_200__div,0.000972
xgb_gpu_engineered,z2_z_btc_candle_range_pct__z_btc_return_14d__div,0.000972
xgb_gpu_engineered,z2_z_btc_candle_range_pct__z_btc_return_1d__div,0.000972
xgb_gpu_engineered,z_btc_trend_strength_50_200,0.00097
xgb_gpu_engineered,z2_z_btc_trend_strength_20_50__z_btc_rolling_mean_distance_30d__div,0.00097
xgb_gpu_engineered,z2_z_btc_bollinger_width_20d__z_sp500_return_1d__div,0.000966
xgb_gpu_engineered,z2_z_us5y_bp_chg_7d__z_btc_volume_diff_7d__mul,0.000964
xgb_gpu_engineered,z2_z_btc_bollinger_percent_b_20d__z_btc_rolling_mean_distance_30d__sub,0.000964
xgb_gpu_engineered,z2_z_btc_bollinger_width_20d__z_nasdaq_return_1d__add,0.000964
xgb_gpu_engineered,z2_z_btc_rolling_mean_distance_60d__z_btc_volume_diff_7d__div,0.000964
xgb_gpu_engineered,z2_z_btc_bollinger_percent_b_20d__z_btc_candle_body_abs_pct__add,0.000964
xgb_gpu_engineered,z2_z_btc_trend_above_sma50__z_btc_return_14d__sub,0.000961
xgb_gpu_engineered,z2_z_gold_return_7d__z_btc_trend_strength_20_50__mul,0.000959
xgb_gpu_engineered,z2_z_btc_rolling_position_7d__z_btc_candle_range_pct__div,0.000959
xgb_gpu_engineered,z2_z_btc_bollinger_percent_b_20d__z_btc_rsi_30__sub,0.000959
xgb_gpu_engineered,z2_z_nasdaq_return_1d__z_btc_trend_strength_20_50__sub,0.000958
xgb_gpu_engineered,z2_z_btc_trend_above_sma20__z_btc_candle_body_pct__sub,0.000956
xgb_gpu_engineered,z2_z_btc_rolling_position_14d__z_gold_return_7d__mul,0.000955
xgb_gpu_engineered,z2_z_btc_trend_above_sma20__z_btc_return_14d__div,0.000954
xgb_gpu_engineered,z2_z_btc_bollinger_percent_b_20d__z_btc_rolling_mean_distance_60d__div,0.000953
xgb_gpu_engineered,z2_z_btc_bollinger_lower_distance_20d__z_btc_trend_strength_20_50__div,0.000953
xgb_gpu_engineered,z2_z_btc_bollinger_lower_distance_20d__z_btc_return_14d__div,0.000951
xgb_gpu_engineered,z2_z_btc_rolling_position_60d__z_btc_candle_body_pct__add,0.000951
xgb_gpu_engineered,z2_z_us10y_bp_chg_7d__z_btc_drawdown_120d__mul,0.00095
xgb_gpu_engineered,z2_z_btc_rolling_position_14d__z_btc_volume_z_20d__mul,0.00095
xgb_gpu_engineered,z2_z_btc_bollinger_percent_b_20d__z_btc_volume_z_20d__mul,0.000949
xgb_gpu_engineered,z2_z_sp500_return_1d__z_nasdaq_return_1d__div,0.000949
xgb_gpu_engineered,z2_z_btc_rolling_position_7d__z_btc_volume_diff_7d__sub,0.000949
xgb_gpu_engineered,z2_z_nasdaq_return_1d__z_btc_trend_strength_50_200__add,0.000948
xgb_gpu_engineered,z2_z_btc_rolling_position_60d__z_nasdaq_return_1d__add,0.000948
xgb_gpu_engineered,z2_z_btc_rolling_position_30d__z_btc_candle_range_pct__div,0.000945
xgb_gpu_engineered,z2_z_us5y_bp_chg_7d__z_btc_return_1d__div,0.000945
xgb_gpu_engineered,z2_z_btc_trend_sma7_above_sma30__z_btc_trend_strength_20_50__div,0.000944
xgb_gpu_engineered,z2_z_sp500_return_1d__z_btc_trend_strength_50_200__mul,0.000943
xgb_gpu_engineered,z2_z_gold_return_7d__z_btc_candle_range_pct__add,0.000943
xgb_gpu_engineered,z2_z_btc_rolling_position_60d__z_btc_rolling_mean_distance_60d__div,0.000942
xgb_gpu_engineered,z2_z_btc_rolling_position_30d__z_btc_rsi_7__div,0.000942
xgb_gpu_engineered,z2_z_btc_rolling_position_20d__z_btc_candle_body_abs_pct__div,0.000939
xgb_gpu_engineered,z2_z_sp500_return_1d__z_btc_rolling_mean_distance_30d__div,0.000939
xgb_gpu_engineered,z2_z_sp500_return_1d__z_btc_trend_strength_20_50__sub,0.000938
xgb_gpu_engineered,z2_z_btc_rolling_position_14d__z_btc_rolling_position_7d__sub,0.000938
xgb_gpu_engineered,z2_z_btc_bollinger_percent_b_20d__z_gold_return_7d__div,0.000938
xgb_gpu_engineered,z2_z_btc_rolling_position_7d__z_btc_return_14d__mul,0.000937
xgb_gpu_engineered,z2_z_btc_return_1d__z_btc_drawdown_120d__sub,0.000937
xgb_gpu_engineered,z2_z_nasdaq_return_1d__z_btc_candle_body_abs_pct__mul,0.000936
xgb_gpu_engineered,z2_z_btc_volume_z_20d__z_btc_volume_diff_7d__div,0.000934
xgb_gpu_engineered,z2_z_btc_rsi_30__z_us5y_bp_chg_7d__add,0.000934
xgb_gpu_engineered,z2_z_btc_bollinger_width_20d__z_btc_candle_range_pct__div,0.000934
xgb_gpu_engineered,z2_z_btc_volume_pct_7d__z_btc_rolling_position_14d__add,0.000933
xgb_gpu_engineered,z2_z_btc_rolling_position_7d__z_btc_volume_diff_7d__div,0.000931
xgb_gpu_engineered,z2_z_us5y_bp_chg_7d__z_gold_return_7d__mul,0.000931
xgb_gpu_engineered,z2_z_btc_candle_body_abs_pct__z_btc_drawdown_120d__div,0.00093
xgb_gpu_engineered,z2_z_btc_volume_pct_7d__z_btc_rolling_position_30d__sub,0.000928
xgb_gpu_engineered,z2_z_btc_rolling_position_60d__z_gold_return_7d__mul,0.000928
xgb_gpu_engineered,z2_z_us5y_bp_chg_7d__z_btc_trend_strength_20_50__add,0.000927
xgb_gpu_engineered,z2_z_btc_rolling_position_7d__z_btc_rolling_mean_distance_30d__sub,0.000924
xgb_gpu_engineered,z2_z_btc_rolling_position_14d__z_btc_rsi_7__add,0.000924
xgb_gpu_engineered,z2_z_nasdaq_return_1d__z_btc_candle_body_pct__mul,0.000924
xgb_gpu_engineered,z2_z_us5y_bp_chg_7d__z_btc_drawdown_120d__mul,0.000923
xgb_gpu_engineered,z2_z_btc_rsi_30__z_btc_trend_strength_50_200__mul,0.000921
xgb_gpu_engineered,z2_z_btc_return_1d__z_btc_candle_body_abs_pct__div,0.000921
xgb_gpu_engineered,z2_z_sp500_return_1d__z_btc_trend_strength_50_200__sub,0.000917
xgb_gpu_engineered,z2_z_btc_bollinger_percent_b_20d__z_btc_rolling_position_7d__div,0.000917
xgb_gpu_engineered,z2_z_sp500_return_1d__z_btc_candle_range_pct__mul,0.000917
xgb_gpu_engineered,z2_z_us5y_bp_chg_7d__z_btc_volume_z_20d__add,0.000916
xgb_gpu_engineered,z2_z_btc_trend_above_sma50__z_btc_rsi_7__div,0.000915
xgb_gpu_engineered,z2_z_sp500_return_1d__z_btc_return_1d__mul,0.000915
xgb_gpu_engineered,z2_z_nasdaq_return_1d__z_us5y_bp_chg_7d__sub,0.000913
xgb_gpu_engineered,z_us5y_bp_chg_30d,0.000913
xgb_gpu_engineered,z2_z_btc_rsi_30__z_sp500_return_1d__mul,0.000912
xgb_gpu_engineered,z2_z_nasdaq_return_1d__z_btc_volume_z_20d__sub,0.000912
xgb_gpu_engineered,z2_z_btc_rsi_14__z_us10y_bp_chg_7d__div,0.000912
xgb_gpu_engineered,z2_z_btc_candle_body_abs_pct__z_btc_trend_strength_20_50__mul,0.00091
xgb_gpu_engineered,z2_z_btc_rolling_position_20d__z_btc_volume_diff_7d__div,0.00091
xgb_gpu_engineered,z2_z_btc_bollinger_lower_distance_20d__z_btc_rsi_14__div,0.000908
xgb_gpu_engineered,z2_z_btc_rolling_mean_distance_60d__z_btc_rolling_mean_distance_30d__div,0.000908
xgb_gpu_engineered,z2_z_btc_volume_z_20d__z_btc_log_volume__div,0.000907
xgb_gpu_engineered,z2_z_btc_rsi_7__z_btc_trend_sma50_above_sma200__add,0.000906
xgb_gpu_engineered,z2_z_btc_candle_body_abs_pct__z_btc_log_volume__sub,0.000906
xgb_gpu_engineered,z2_z_btc_candle_body_abs_pct__z_us10y_bp_chg_7d__mul,0.000905
xgb_gpu_engineered,z2_z_btc_bollinger_width_20d__z_btc_trend_above_sma20__mul,0.000904
xgb_gpu_engineered,z2_z_btc_trend_sma7_above_sma30__z_btc_candle_body_abs_pct__div,0.000904
xgb_gpu_engineered,z2_z_btc_rolling_position_20d__z_btc_rolling_position_60d__div,0.000903
xgb_gpu_engineered,z2_z_sp500_return_1d__z_btc_log_volume__sub,0.000902
xgb_gpu_engineered,z2_z_btc_rolling_position_7d__z_btc_trend_strength_20_50__mul,0.0009
xgb_gpu_engineered,z2_z_btc_rolling_mean_distance_60d__z_btc_trend_strength_50_200__sub,0.0009
xgb_gpu_engineered,z2_z_btc_volume_diff_7d__z_btc_trend_strength_20_50__div,0.000899
xgb_gpu_engineered,z2_z_btc_rolling_position_30d__z_btc_rolling_position_60d__sub,0.000898
xgb_gpu_engineered,z2_z_btc_bollinger_width_20d__z_gold_return_7d__sub,0.000898
xgb_gpu_engineered,z2_z_btc_rolling_position_30d__z_btc_return_14d__sub,0.000897
xgb_gpu_engineered,z2_z_btc_rsi_30__z_btc_candle_body_abs_pct__div,0.000896
xgb_gpu_engineered,z2_z_btc_bollinger_percent_b_20d__z_btc_trend_above_sma20__div,0.000895
xgb_gpu_engineered,z2_z_nasdaq_return_1d__z_btc_trend_strength_50_200__div,0.000894
xgb_gpu_engineered,z2_z_btc_bollinger_lower_distance_20d__z_sp500_return_1d__sub,0.000894
xgb_gpu_engineered,z2_z_btc_trend_strength_50_200__z_us10y_bp_chg_7d__sub,0.000894
xgb_gpu_engineered,z2_z_btc_bollinger_lower_distance_20d__z_btc_trend_strength_50_200__sub,0.000892
xgb_gpu_engineered,z2_z_btc_rolling_position_20d__z_btc_rsi_30__sub,0.000892
xgb_gpu_engineered,z2_z_gold_return_7d__z_btc_volume_z_20d__div,0.000889
xgb_gpu_engineered,z2_z_sp500_return_1d__z_us5y_bp_chg_7d__add,0.000889
xgb_gpu_engineered,z2_z_btc_volume_pct_7d__z_btc_rolling_position_14d__div,0.000888
xgb_gpu_engineered,z2_z_btc_volume_pct_7d__z_btc_rsi_14__mul,0.000887
xgb_gpu_engineered,z2_z_btc_bollinger_width_20d__z_btc_volume_z_20d__mul,0.000886
xgb_gpu_engineered,z2_z_btc_rolling_position_60d__z_btc_log_volume__mul,0.000886
xgb_gpu_engineered,z2_z_btc_bollinger_lower_distance_20d__z_btc_drawdown_120d__div,0.000886
xgb_gpu_engineered,z2_z_btc_rolling_position_30d__z_btc_candle_range_pct__sub,0.000885
xgb_gpu_engineered,z2_z_us5y_bp_chg_7d__z_btc_volume_z_20d__div,0.000884
xgb_gpu_engineered,z2_z_btc_trend_sma7_above_sma30__z_btc_candle_body_abs_pct__mul,0.000883
xgb_gpu_engineered,z2_z_btc_rsi_7__z_btc_trend_strength_50_200__mul,0.000882
xgb_gpu_engineered,z2_z_btc_rsi_14__z_btc_trend_strength_50_200__sub,0.000882
xgb_gpu_engineered,z2_z_btc_rolling_position_30d__z_us5y_bp_chg_7d__mul,0.000881
xgb_gpu_engineered,z2_z_nasdaq_return_1d__z_btc_volume_diff_7d__div,0.000881
xgb_gpu_engineered,z2_z_btc_rolling_position_30d__z_btc_trend_sma7_above_sma30__sub,0.00088
xgb_gpu_engineered,z2_z_btc_bollinger_width_20d__z_gold_return_7d__div,0.00088
xgb_gpu_engineered,z2_z_btc_bollinger_width_20d__z_us5y_bp_chg_7d__div,0.00088
xgb_gpu_engineered,z2_z_btc_rsi_30__z_btc_trend_sma50_above_sma200__mul,0.000878
xgb_gpu_engineered,z2_z_us10y_bp_chg_7d__z_btc_log_volume__mul,0.000877
xgb_gpu_engineered,z2_z_btc_rolling_position_20d__z_btc_trend_sma50_above_sma200__div,0.000876
xgb_gpu_engineered,z2_z_sp500_return_1d__z_btc_trend_strength_50_200__div,0.000876
xgb_gpu_engineered,z_btc_volume_pct_1d,0.000875
xgb_gpu_engineered,z2_z_btc_candle_body_abs_pct__z_btc_volume_z_20d__sub,0.000875
xgb_gpu_engineered,z2_z_btc_bollinger_percent_b_20d__z_btc_candle_body_abs_pct__sub,0.000874
xgb_gpu_engineered,z_btc_volume_ratio_7d,0.000874
xgb_gpu_engineered,z2_z_btc_rsi_14__z_btc_drawdown_120d__div,0.000874
xgb_gpu_engineered,z2_z_btc_volume_diff_7d__z_btc_trend_strength_20_50__add,0.000874
xgb_gpu_engineered,z2_z_btc_candle_range_pct__z_btc_drawdown_120d__sub,0.000873
xgb_gpu_engineered,z2_z_btc_rolling_position_20d__z_nasdaq_return_1d__add,0.000873
xgb_gpu_engineered,z2_z_btc_rolling_position_7d__z_btc_rolling_mean_distance_30d__div,0.000871
xgb_gpu_engineered,z2_z_btc_rolling_mean_distance_60d__z_btc_candle_body_abs_pct__div,0.00087
xgb_gpu_engineered,z2_z_btc_volume_pct_7d__z_btc_rolling_position_60d__mul,0.000869
xgb_gpu_engineered,z2_z_btc_rolling_position_14d__z_btc_trend_above_sma50__mul,0.000869
xgb_gpu_engineered,z2_z_btc_rolling_position_7d__z_btc_return_1d__div,0.000869
xgb_gpu_engineered,z2_z_btc_trend_above_sma50__z_us5y_bp_chg_7d__add,0.000868
xgb_gpu_engineered,z2_z_btc_rsi_14__z_btc_rolling_mean_distance_60d__div,0.000868
xgb_gpu_engineered,z2_z_btc_volume_pct_7d__z_btc_trend_strength_50_200__add,0.000867
xgb_gpu_engineered,z2_z_btc_trend_above_sma50__z_btc_rsi_30__sub,0.000867
xgb_gpu_engineered,z2_z_btc_rsi_30__z_btc_rolling_position_60d__sub,0.000866
xgb_gpu_engineered,z2_z_sp500_return_1d__z_btc_drawdown_120d__add,0.000866
xgb_gpu_engineered,z2_z_btc_bollinger_width_20d__z_sp500_return_1d__mul,0.000866
xgb_gpu_engineered,z2_z_btc_rsi_14__z_us5y_bp_chg_7d__add,0.000865
xgb_gpu_engineered,z2_z_gold_return_7d__z_btc_return_1d__sub,0.000865
xgb_gpu_engineered,z2_z_btc_bollinger_percent_b_20d__z_btc_rsi_14__div,0.000865
xgb_gpu_engineered,z2_z_btc_rolling_position_20d__z_us5y_bp_chg_7d__add,0.000865
xgb_gpu_engineered,z2_z_btc_trend_above_sma50__z_btc_rolling_mean_distance_60d__sub,0.000864
xgb_gpu_engineered,z2_z_btc_volume_pct_7d__z_btc_return_1d__sub,0.000863
xgb_gpu_engineered,z_btc_return_lag_30,0.000863
xgb_gpu_engineered,z2_z_btc_bollinger_width_20d__z_btc_trend_above_sma50__add,0.000863
xgb_gpu_engineered,z2_z_btc_candle_range_pct__z_btc_drawdown_120d__div,0.000862
xgb_gpu_engineered,z2_z_btc_trend_sma50_above_sma200__z_btc_rolling_mean_distance_30d__mul,0.000862
xgb_gpu_engineered,z2_z_btc_trend_sma50_above_sma200__z_btc_volume_z_20d__mul,0.000861
xgb_gpu_engineered,z2_z_btc_bollinger_width_20d__z_sp500_return_1d__add,0.00086
xgb_gpu_engineered,z2_z_btc_bollinger_lower_distance_20d__z_btc_return_1d__sub,0.00086
xgb_gpu_engineered,z2_z_gold_return_7d__z_btc_trend_strength_20_50__sub,0.00086
xgb_gpu_engineered,z2_z_btc_rolling_position_7d__z_btc_rsi_7__div,0.000859
xgb_gpu_engineered,z2_z_btc_trend_above_sma50__z_btc_drawdown_120d__sub,0.000859
xgb_gpu_engineered,z2_z_btc_rolling_position_60d__z_btc_trend_strength_20_50__div,0.000859
xgb_gpu_engineered,z2_z_btc_bollinger_width_20d__z_btc_rolling_mean_distance_60d__mul,0.000858
xgb_gpu_engineered,z2_z_btc_rsi_30__z_btc_trend_strength_20_50__mul,0.000858
xgb_gpu_engineered,z2_z_btc_bollinger_percent_b_20d__z_btc_trend_sma7_above_sma30__sub,0.000857
xgb_gpu_engineered,z2_z_btc_volume_pct_7d__z_btc_candle_body_pct__div,0.000857
xgb_gpu_engineered,z2_z_sp500_return_1d__z_btc_candle_body_pct__mul,0.000857
xgb_gpu_engineered,z2_z_btc_rsi_14__z_btc_drawdown_120d__mul,0.000856
xgb_gpu_engineered,z2_z_btc_rolling_position_30d__z_btc_return_14d__mul,0.000854
xgb_gpu_engineered,z2_z_sp500_return_1d__z_btc_rsi_7__mul,0.000854
xgb_gpu_engineered,z2_z_btc_rolling_position_20d__z_btc_rolling_position_30d__sub,0.000854
xgb_gpu_engineered,z2_z_btc_rolling_position_30d__z_btc_trend_sma7_above_sma30__mul,0.000853
xgb_gpu_engineered,z2_z_gold_return_7d__z_btc_candle_body_abs_pct__div,0.000852
xgb_gpu_engineered,z2_z_btc_rolling_position_30d__z_btc_log_volume__mul,0.000852
xgb_gpu_engineered,z2_z_gold_return_7d__z_btc_trend_strength_50_200__div,0.000852
xgb_gpu_engineered,z2_z_btc_bollinger_width_20d__z_btc_rolling_position_14d__div,0.000852
xgb_gpu_engineered,z2_z_btc_rolling_position_60d__z_btc_return_14d__add,0.000851
xgb_gpu_engineered,z2_z_btc_trend_strength_50_200__z_btc_rolling_mean_distance_30d__sub,0.00085
xgb_gpu_engineered,z2_z_btc_rsi_30__z_sp500_return_1d__sub,0.00085
xgb_gpu_engineered,z2_z_us10y_bp_chg_7d__z_btc_volume_diff_7d__div,0.000849
xgb_gpu_engineered,z2_z_btc_candle_body_pct__z_btc_log_volume__mul,0.000849
xgb_gpu_engineered,z2_z_gold_return_7d__z_btc_return_1d__mul,0.000848
xgb_gpu_engineered,z2_z_btc_trend_above_sma50__z_btc_rsi_14__mul,0.000848
xgb_gpu_engineered,z2_z_btc_rolling_position_14d__z_btc_bollinger_percent_b_20d__add,0.000847
xgb_gpu_engineered,z2_z_btc_rsi_7__z_us10y_bp_chg_7d__div,0.000847
xgb_gpu_engineered,z_btc_volume_diff_1d,0.000846
xgb_gpu_engineered,z2_z_btc_candle_body_abs_pct__z_btc_rolling_mean_distance_30d__mul,0.000845
xgb_gpu_engineered,z2_z_btc_rsi_7__z_btc_log_volume__mul,0.000844
xgb_gpu_engineered,z2_z_btc_volume_pct_7d__z_btc_volume_diff_7d__div,0.000844
xgb_gpu_engineered,z2_z_btc_volume_pct_7d__z_btc_trend_sma7_above_sma30__add,0.000843
xgb_gpu_engineered,z2_z_btc_bollinger_percent_b_20d__z_btc_rolling_position_7d__mul,0.000842
xgb_gpu_engineered,z2_z_btc_bollinger_lower_distance_20d__z_btc_return_1d__mul,0.000841
xgb_gpu_engineered,z2_z_btc_bollinger_width_20d__z_btc_trend_strength_50_200__div,0.00084
xgb_gpu_engineered,z2_z_btc_candle_body_abs_pct__z_btc_return_14d__div,0.00084
xgb_gpu_engineered,z2_z_btc_candle_range_pct__z_btc_candle_body_pct__div,0.000839
xgb_gpu_engineered,z2_z_btc_bollinger_width_20d__z_us5y_bp_chg_7d__mul,0.000839
xgb_gpu_engineered,z2_z_btc_trend_above_sma50__z_nasdaq_return_1d__sub,0.000839
xgb_gpu_engineered,z2_z_btc_rolling_position_60d__z_btc_candle_body_abs_pct__div,0.000837
xgb_gpu_engineered,z2_z_btc_rolling_position_14d__z_btc_log_volume__add,0.000837
xgb_gpu_engineered,z2_z_btc_rolling_position_14d__z_btc_log_volume__sub,0.000837
xgb_gpu_engineered,z2_z_nasdaq_return_1d__z_btc_volume_z_20d__mul,0.000836
xgb_gpu_engineered,z2_z_btc_volume_pct_7d__z_btc_trend_sma7_above_sma30__mul,0.000836
xgb_gpu_engineered,z2_z_btc_bollinger_width_20d__z_btc_candle_body_abs_pct__add,0.000836
xgb_gpu_engineered,z2_z_btc_rolling_position_20d__z_btc_rolling_position_14d__div,0.000835
xgb_gpu_engineered,z2_z_btc_bollinger_lower_distance_20d__z_us10y_bp_chg_7d__mul,0.000834
xgb_gpu_engineered,z2_z_btc_rolling_position_60d__z_btc_log_volume__add,0.000833
xgb_gpu_engineered,z2_z_btc_rolling_position_7d__z_btc_candle_body_abs_pct__mul,0.000832
xgb_gpu_engineered,z2_z_btc_volume_pct_7d__z_btc_trend_sma50_above_sma200__div,0.000831
xgb_gpu_engineered,z2_z_btc_rsi_14__z_btc_return_14d__div,0.00083
xgb_gpu_engineered,z2_z_btc_rolling_position_20d__z_btc_rolling_position_30d__div,0.00083
xgb_gpu_engineered,z2_z_btc_candle_range_pct__z_us10y_bp_chg_7d__add,0.000829
xgb_gpu_engineered,z2_z_btc_bollinger_percent_b_20d__z_btc_trend_strength_50_200__add,0.000829
xgb_gpu_engineered,z2_z_btc_bollinger_width_20d__z_btc_bollinger_percent_b_20d__mul,0.000828
xgb_gpu_engineered,z2_z_btc_volume_pct_7d__z_btc_trend_strength_20_50__div,0.000827
xgb_gpu_engineered,z2_z_btc_volume_pct_7d__z_btc_volume_diff_7d__sub,0.000827
xgb_gpu_engineered,z2_z_btc_rolling_position_60d__z_btc_rolling_mean_distance_30d__sub,0.000827
xgb_gpu_engineered,z2_z_btc_volume_pct_7d__z_btc_rolling_mean_distance_30d__mul,0.000827
xgb_gpu_engineered,z2_z_gold_return_7d__z_btc_trend_sma7_above_sma30__div,0.000826
xgb_gpu_engineered,z2_z_btc_trend_sma50_above_sma200__z_us5y_bp_chg_7d__mul,0.000826
xgb_gpu_engineered,z2_z_btc_volume_pct_7d__z_btc_candle_body_abs_pct__div,0.000826
xgb_gpu_engineered,z2_z_btc_rolling_position_30d__z_btc_rolling_mean_distance_60d__div,0.000825
xgb_gpu_engineered,z2_z_btc_rolling_position_14d__z_btc_trend_strength_50_200__mul,0.000824
xgb_gpu_engineered,z2_z_btc_bollinger_lower_distance_20d__z_btc_rsi_30__div,0.000824
xgb_gpu_engineered,z2_z_btc_bollinger_width_20d__z_btc_return_1d__mul,0.000824
xgb_gpu_engineered,z2_z_us5y_bp_chg_7d__z_btc_rolling_mean_distance_30d__div,0.000821
xgb_gpu_engineered,z2_z_nasdaq_return_1d__z_gold_return_7d__div,0.000821
xgb_gpu_engineered,z2_z_btc_rolling_mean_distance_60d__z_btc_trend_strength_20_50__sub,0.000821
xgb_gpu_engineered,z2_z_btc_rolling_position_20d__z_nasdaq_return_1d__div,0.000821
xgb_gpu_engineered,z2_z_btc_rolling_position_30d__z_btc_volume_z_20d__div,0.000821
xgb_gpu_engineered,z2_z_btc_rsi_7__z_btc_candle_body_abs_pct__mul,0.00082
xgb_gpu_engineered,z2_z_btc_bollinger_width_20d__z_btc_rsi_30__div,0.00082
xgb_gpu_engineered,z2_z_btc_bollinger_width_20d__z_btc_rolling_position_30d__add,0.000819
xgb_gpu_engineered,z2_z_gold_return_7d__z_btc_candle_body_pct__mul,0.000819
xgb_gpu_engineered,z2_z_btc_rsi_30__z_btc_rsi_14__add,0.000819
xgb_gpu_engineered,z2_z_btc_volume_pct_7d__z_btc_rolling_position_7d__div,0.000819
xgb_gpu_engineered,z_btc_lower_wick_pct,0.000818
xgb_gpu_engineered,z2_z_btc_rolling_position_14d__z_btc_bollinger_lower_distance_20d__div,0.000818
xgb_gpu_engineered,z2_z_btc_trend_above_sma20__z_btc_volume_diff_7d__mul,0.000817
xgb_gpu_engineered,z2_z_btc_rsi_14__z_btc_volume_z_20d__add,0.000816
xgb_gpu_engineered,z2_z_btc_rsi_7__z_btc_volume_diff_7d__add,0.000815
xgb_gpu_engineered,z2_z_btc_rolling_position_20d__z_btc_drawdown_120d__div,0.000815
xgb_gpu_engineered,z2_z_btc_trend_above_sma50__z_btc_bollinger_lower_distance_20d__sub,0.000815
xgb_gpu_engineered,z2_z_btc_rsi_14__z_btc_candle_body_pct__mul,0.000815
xgb_gpu_engineered,z2_z_nasdaq_return_1d__z_btc_trend_sma7_above_sma30__mul,0.000814
xgb_gpu_engineered,z2_z_us5y_bp_chg_7d__z_gold_return_7d__sub,0.000813
xgb_gpu_engineered,z2_z_btc_rsi_30__z_btc_trend_strength_20_50__div,0.000813
xgb_gpu_engineered,z_btc_rolling_volatility_20d,0.000812
xgb_gpu_engineered,z2_z_btc_volume_pct_7d__z_btc_trend_strength_20_50__sub,0.000812
xgb_gpu_engineered,z2_z_btc_rolling_position_60d__z_btc_trend_sma7_above_sma30__sub,0.000812
xgb_gpu_engineered,z_btc_upper_wick_pct,0.000811
xgb_gpu_engineered,z2_z_btc_volume_pct_7d__z_btc_return_14d__mul,0.000811
xgb_gpu_engineered,z2_z_btc_rsi_30__z_btc_return_1d__mul,0.00081
xgb_gpu_engineered,z_btc_volume_z_20d,0.00081
xgb_gpu_engineered,z2_z_btc_volume_z_20d__z_us10y_bp_chg_7d__mul,0.00081
xgb_gpu_engineered,z2_z_gold_return_7d__z_us10y_bp_chg_7d__mul,0.00081
xgb_gpu_engineered,z2_z_btc_rolling_position_7d__z_us10y_bp_chg_7d__add,0.000809
xgb_gpu_engineered,z2_z_sp500_return_1d__z_btc_candle_body_pct__div,0.000808
xgb_gpu_engineered,z2_z_btc_candle_body_abs_pct__z_btc_volume_z_20d__div,0.000808
xgb_gpu_engineered,z2_z_btc_rolling_position_7d__z_btc_rolling_position_60d__mul,0.000808
xgb_gpu_engineered,z2_z_btc_trend_sma50_above_sma200__z_btc_candle_body_pct__add,0.000807
xgb_gpu_engineered,z2_z_btc_volume_z_20d__z_btc_trend_strength_20_50__sub,0.000807
xgb_gpu_engineered,z2_z_btc_trend_sma50_above_sma200__z_btc_candle_body_abs_pct__div,0.000806
xgb_gpu_engineered,z_nasdaq_return_1d,0.000805
xgb_gpu_engineered,z2_z_btc_rolling_position_20d__z_btc_trend_above_sma20__sub,0.000804
xgb_gpu_engineered,z2_z_btc_rolling_mean_distance_60d__z_btc_return_14d__mul,0.000803
xgb_gpu_engineered,z2_z_btc_return_1d__z_btc_rolling_mean_distance_60d__mul,0.000802
xgb_gpu_engineered,z2_z_btc_rolling_position_7d__z_btc_candle_body_pct__mul,0.000802
xgb_gpu_engineered,z2_z_btc_trend_above_sma50__z_sp500_return_1d__sub,0.000802
xgb_gpu_engineered,z2_z_btc_log_volume__z_btc_volume_diff_7d__sub,0.000802
xgb_gpu_engineered,z2_z_sp500_return_1d__z_btc_rsi_7__sub,0.000802
xgb_gpu_engineered,z2_z_us5y_bp_chg_7d__z_btc_log_volume__div,0.000801
xgb_gpu_engineered,z2_z_us5y_bp_chg_7d__z_btc_return_1d__sub,0.0008
xgb_gpu_engineered,z2_z_sp500_return_1d__z_btc_volume_z_20d__sub,0.000798
xgb_gpu_engineered,z2_z_btc_rolling_position_20d__z_btc_volume_z_20d__mul,0.000798
xgb_gpu_engineered,z2_z_gold_return_7d__z_btc_log_volume__div,0.000797
xgb_gpu_engineered,z2_z_btc_rolling_position_7d__z_btc_candle_range_pct__sub,0.000797
xgb_gpu_engineered,z2_z_btc_candle_range_pct__z_btc_volume_z_20d__div,0.000797
xgb_gpu_engineered,z2_z_btc_bollinger_percent_b_20d__z_btc_rsi_7__sub,0.000797
xgb_gpu_engineered,z2_z_us10y_bp_chg_7d__z_btc_drawdown_120d__div,0.000796
xgb_gpu_engineered,z2_z_btc_volume_pct_7d__z_gold_return_7d__div,0.000796
xgb_gpu_engineered,z2_z_btc_bollinger_width_20d__z_us5y_bp_chg_7d__sub,0.000796
xgb_gpu_engineered,z2_z_btc_trend_above_sma50__z_btc_rsi_7__mul,0.000794
xgb_gpu_engineered,z2_z_btc_candle_body_pct__z_btc_candle_body_abs_pct__div,0.000794
xgb_gpu_engineered,z2_z_btc_volume_pct_7d__z_btc_return_14d__add,0.000794
xgb_gpu_engineered,z2_z_gold_return_7d__z_btc_rolling_mean_distance_60d__div,0.000793
xgb_gpu_engineered,z2_z_btc_trend_above_sma50__z_btc_trend_strength_20_50__div,0.000793
xgb_gpu_engineered,z2_z_btc_rsi_7__z_btc_return_1d__sub,0.000792
xgb_gpu_engineered,z2_z_btc_trend_sma7_above_sma30__z_btc_log_volume__div,0.000791
xgb_gpu_engineered,z2_z_btc_rolling_position_20d__z_btc_rolling_position_30d__mul,0.000791
xgb_gpu_engineered,z2_z_us10y_bp_chg_7d__z_btc_return_14d__div,0.000791
xgb_gpu_engineered,z2_z_btc_trend_above_sma20__z_btc_trend_strength_20_50__mul,0.000791
xgb_gpu_engineered,z2_z_btc_trend_above_sma50__z_gold_return_7d__div,0.00079
xgb_gpu_engineered,z2_z_nasdaq_return_1d__z_btc_candle_range_pct__mul,0.000789
xgb_gpu_engineered,z2_z_btc_rolling_position_14d__z_btc_trend_above_sma20__div,0.000788
xgb_gpu_engineered,z_btc_volume_ratio_20d,0.000787
xgb_gpu_engineered,z2_z_sp500_return_1d__z_us5y_bp_chg_7d__div,0.000787
xgb_gpu_engineered,z2_z_btc_bollinger_width_20d__z_btc_rolling_mean_distance_60d__div,0.000787
xgb_gpu_engineered,z2_z_btc_rsi_14__z_btc_rolling_mean_distance_60d__mul,0.000786
xgb_gpu_engineered,z2_z_nasdaq_return_1d__z_btc_volume_diff_7d__mul,0.000785
xgb_gpu_engineered,z2_z_btc_rolling_position_7d__z_btc_rolling_mean_distance_60d__sub,0.000785
xgb_gpu_engineered,z2_z_btc_rsi_30__z_btc_candle_range_pct__div,0.000785
xgb_gpu_engineered,z2_z_btc_volume_diff_7d__z_btc_return_14d__sub,0.000785
xgb_gpu_engineered,z2_z_btc_rolling_position_14d__z_gold_return_7d__sub,0.000784
xgb_gpu_engineered,z2_z_btc_trend_strength_50_200__z_btc_drawdown_120d__div,0.000784
xgb_gpu_engineered,z2_z_btc_candle_range_pct__z_btc_rolling_mean_distance_30d__add,0.000783
xgb_gpu_engineered,z2_z_btc_bollinger_width_20d__z_btc_log_volume__div,0.000783
xgb_gpu_engineered,z2_z_btc_drawdown_120d__z_btc_trend_strength_20_50__mul,0.000783
xgb_gpu_engineered,z2_z_btc_bollinger_percent_b_20d__z_us10y_bp_chg_7d__add,0.000781
xgb_gpu_engineered,z2_z_btc_rolling_position_14d__z_btc_return_14d__sub,0.000779
xgb_gpu_engineered,z2_z_nasdaq_return_1d__z_btc_rolling_mean_distance_60d__mul,0.000778
xgb_gpu_engineered,z2_z_btc_rsi_14__z_us5y_bp_chg_7d__div,0.000778
xgb_gpu_engineered,z2_z_btc_rsi_14__z_btc_trend_strength_50_200__div,0.000777
xgb_gpu_engineered,z2_z_btc_trend_above_sma20__z_btc_log_volume__div,0.000777
xgb_gpu_engineered,z2_z_btc_volume_pct_7d__z_btc_trend_strength_50_200__div,0.000777
xgb_gpu_engineered,z2_z_btc_rsi_7__z_btc_rolling_mean_distance_30d__div,0.000776
xgb_gpu_engineered,z2_z_btc_bollinger_percent_b_20d__z_btc_candle_range_pct__div,0.000776
xgb_gpu_engineered,z2_z_btc_candle_range_pct__z_us10y_bp_chg_7d__mul,0.000775
xgb_gpu_engineered,z2_z_btc_bollinger_width_20d__z_btc_rolling_position_30d__div,0.000775
xgb_gpu_engineered,z2_z_btc_rsi_7__z_us5y_bp_chg_7d__div,0.000775
xgb_gpu_engineered,z2_z_btc_rolling_position_60d__z_nasdaq_return_1d__mul,0.000773
xgb_gpu_engineered,z2_z_btc_rolling_position_14d__z_btc_rolling_mean_distance_60d__div,0.000772
xgb_gpu_engineered,z2_z_btc_volume_pct_7d__z_btc_drawdown_120d__mul,0.000772
xgb_gpu_engineered,z2_z_btc_bollinger_width_20d__z_btc_rolling_position_7d__mul,0.000771
xgb_gpu_engineered,z2_z_nasdaq_return_1d__z_btc_trend_strength_20_50__div,0.000771
xgb_gpu_engineered,z2_z_btc_rolling_position_7d__z_btc_rsi_14__mul,0.00077
xgb_gpu_engineered,z2_z_sp500_return_1d__z_btc_volume_diff_7d__div,0.00077
xgb_gpu_engineered,z2_z_btc_trend_above_sma50__z_btc_volume_z_20d__div,0.00077
xgb_gpu_engineered,z2_z_btc_rolling_position_7d__z_us5y_bp_chg_7d__div,0.000769
xgb_gpu_engineered,z2_z_btc_rolling_position_14d__z_gold_return_7d__div,0.000768
xgb_gpu_engineered,z2_z_btc_volume_pct_7d__z_btc_rolling_position_30d__add,0.000768
xgb_gpu_engineered,z2_z_btc_volume_pct_7d__z_btc_return_1d__mul,0.000767
xgb_gpu_engineered,z2_z_btc_bollinger_lower_distance_20d__z_btc_rolling_position_7d__div,0.000766
xgb_gpu_engineered,z2_z_btc_bollinger_width_20d__z_btc_drawdown_120d__div,0.000766
xgb_gpu_engineered,z2_z_btc_candle_body_abs_pct__z_btc_volume_diff_7d__div,0.000765
xgb_gpu_engineered,z2_z_btc_return_1d__z_btc_volume_z_20d__div,0.000765
xgb_gpu_engineered,z_btc_log_volume,0.000765
xgb_gpu_engineered,z2_z_btc_trend_sma7_above_sma30__z_btc_drawdown_120d__mul,0.000764
xgb_gpu_engineered,z2_z_btc_rsi_14__z_btc_return_1d__mul,0.000763
xgb_gpu_engineered,z2_z_btc_trend_above_sma20__z_btc_rolling_mean_distance_30d__div,0.000763
xgb_gpu_engineered,z2_z_btc_candle_range_pct__z_btc_trend_strength_20_50__sub,0.000763
xgb_gpu_engineered,z2_z_btc_rolling_position_20d__z_btc_rolling_mean_distance_30d__sub,0.000763
xgb_gpu_engineered,z2_z_btc_trend_sma7_above_sma30__z_btc_trend_strength_20_50__mul,0.000762
xgb_gpu_engineered,z2_z_btc_candle_body_pct__z_btc_volume_diff_7d__mul,0.000761
xgb_gpu_engineered,z2_z_btc_rolling_position_14d__z_btc_volume_diff_7d__add,0.000761
xgb_gpu_engineered,z2_z_gold_return_7d__z_btc_volume_diff_7d__add,0.00076
xgb_gpu_engineered,z2_z_btc_bollinger_percent_b_20d__z_btc_trend_above_sma20__sub,0.00076
xgb_gpu_engineered,z2_z_btc_rolling_mean_distance_60d__z_btc_volume_diff_7d__mul,0.000759
xgb_gpu_engineered,z2_z_btc_bollinger_width_20d__z_btc_rsi_14__sub,0.000759
xgb_gpu_engineered,z2_z_btc_bollinger_width_20d__z_us5y_bp_chg_7d__add,0.000759
xgb_gpu_engineered,z2_z_nasdaq_return_1d__z_btc_candle_body_pct__div,0.000759
xgb_gpu_engineered,z2_z_btc_trend_above_sma50__z_us5y_bp_chg_7d__mul,0.000759
xgb_gpu_engineered,z2_z_btc_bollinger_percent_b_20d__z_btc_bollinger_lower_distance_20d__div,0.000758
xgb_gpu_engineered,z2_z_sp500_return_1d__z_us5y_bp_chg_7d__mul,0.000757
xgb_gpu_engineered,z2_z_nasdaq_return_1d__z_btc_trend_strength_20_50__add,0.000757
xgb_gpu_engineered,z2_z_btc_drawdown_120d__z_btc_return_14d__div,0.000757
xgb_gpu_engineered,z2_z_btc_candle_range_pct__z_btc_rolling_mean_distance_60d__div,0.000755
xgb_gpu_engineered,z2_z_btc_rolling_position_7d__z_us10y_bp_chg_7d__mul,0.000755
xgb_gpu_engineered,z2_z_btc_bollinger_width_20d__z_btc_trend_above_sma20__add,0.000754
xgb_gpu_engineered,z_us5y_bp_chg_1d,0.000754
xgb_gpu_engineered,z2_z_nasdaq_return_1d__z_btc_log_volume__div,0.000753
xgb_gpu_engineered,z2_z_btc_bollinger_percent_b_20d__z_btc_return_1d__div,0.000753
xgb_gpu_engineered,z2_z_btc_trend_above_sma50__z_btc_return_1d__div,0.000753
xgb_gpu_engineered,z2_z_btc_trend_strength_50_200__z_btc_return_14d__sub,0.000752
xgb_gpu_engineered,z2_z_nasdaq_return_1d__z_btc_volume_diff_7d__sub,0.000751
xgb_gpu_engineered,z2_z_us5y_bp_chg_7d__z_us10y_bp_chg_7d__div,0.000751
xgb_gpu_engineered,z2_z_btc_volume_diff_7d__z_btc_trend_strength_20_50__sub,0.00075
xgb_gpu_engineered,z2_z_btc_bollinger_width_20d__z_nasdaq_return_1d__div,0.000749
xgb_gpu_engineered,z2_z_btc_bollinger_lower_distance_20d__z_us10y_bp_chg_7d__sub,0.000749
xgb_gpu_engineered,z2_z_gold_return_7d__z_btc_candle_body_pct__add,0.000749
xgb_gpu_engineered,z2_z_btc_trend_sma50_above_sma200__z_btc_candle_body_pct__div,0.000749
xgb_gpu_engineered,z2_z_btc_volume_pct_7d__z_btc_rsi_30__add,0.000749
xgb_gpu_engineered,z2_z_gold_return_7d__z_btc_candle_range_pct__div,0.000748
xgb_gpu_engineered,z2_z_btc_rolling_position_7d__z_gold_return_7d__add,0.000748
xgb_gpu_engineered,z2_z_btc_rolling_position_7d__z_gold_return_7d__mul,0.000747
xgb_gpu_engineered,z2_z_btc_trend_sma50_above_sma200__z_btc_return_14d__div,0.000747
xgb_gpu_engineered,z2_z_btc_rolling_position_60d__z_btc_volume_z_20d__div,0.000746
xgb_gpu_engineered,z2_z_us10y_bp_chg_7d__z_btc_trend_strength_20_50__add,0.000746
xgb_gpu_engineered,z2_z_btc_trend_sma50_above_sma200__z_btc_candle_range_pct__add,0.000746
xgb_gpu_engineered,z2_z_btc_trend_above_sma20__z_btc_candle_range_pct__mul,0.000745
xgb_gpu_engineered,z2_z_btc_bollinger_lower_distance_20d__z_btc_candle_body_abs_pct__mul,0.000744
xgb_gpu_engineered,z2_z_btc_rsi_7__z_btc_volume_z_20d__sub,0.000742
xgb_gpu_engineered,z2_z_btc_rsi_14__z_btc_trend_strength_50_200__add,0.000742
xgb_gpu_engineered,z2_z_btc_return_1d__z_btc_rolling_mean_distance_60d__div,0.000742
xgb_gpu_engineered,z2_z_btc_rsi_30__z_btc_rolling_position_60d__div,0.000742
xgb_gpu_engineered,z2_z_btc_rolling_position_14d__z_btc_bollinger_lower_distance_20d__mul,0.00074
xgb_gpu_engineered,z2_z_us5y_bp_chg_7d__z_btc_drawdown_120d__add,0.00074
xgb_gpu_engineered,z2_z_btc_rolling_position_7d__z_btc_candle_body_abs_pct__sub,0.000739
xgb_gpu_engineered,z2_z_nasdaq_return_1d__z_btc_volume_z_20d__div,0.000738
xgb_gpu_engineered,z2_z_btc_rolling_position_30d__z_btc_return_1d__div,0.000735
xgb_gpu_engineered,z2_z_btc_rolling_position_30d__z_btc_candle_body_abs_pct__div,0.000735
xgb_gpu_engineered,z2_z_btc_rolling_position_7d__z_us10y_bp_chg_7d__sub,0.000734
xgb_gpu_engineered,z2_z_sp500_return_1d__z_btc_candle_range_pct__div,0.000733
xgb_gpu_engineered,z2_z_btc_return_1d__z_btc_candle_body_pct__mul,0.000733
xgb_gpu_engineered,z_gold_return_1d,0.000733
xgb_gpu_engineered,z_us30y_bp_chg_30d,0.000733
xgb_gpu_engineered,z2_z_btc_rsi_30__z_btc_return_1d__div,0.000733
xgb_gpu_engineered,z2_z_btc_rolling_position_20d__z_btc_trend_strength_50_200__mul,0.000733
xgb_gpu_engineered,z2_z_btc_log_volume__z_btc_rolling_mean_distance_30d__add,0.000733
xgb_gpu_engineered,z2_z_btc_bollinger_percent_b_20d__z_btc_rsi_14__add,0.000732
xgb_gpu_engineered,z2_z_sp500_return_1d__z_us10y_bp_chg_7d__sub,0.000731
xgb_gpu_engineered,z2_z_btc_trend_above_sma20__z_btc_trend_strength_50_200__sub,0.00073
xgb_gpu_engineered,z2_z_btc_trend_sma50_above_sma200__z_btc_candle_body_abs_pct__sub,0.000729
xgb_gpu_engineered,z2_z_btc_rolling_position_30d__z_sp500_return_1d__add,0.000728
xgb_gpu_engineered,z2_z_btc_volume_z_20d__z_us10y_bp_chg_7d__div,0.000727
xgb_gpu_engineered,z2_z_btc_trend_above_sma20__z_us5y_bp_chg_7d__sub,0.000727
xgb_gpu_engineered,z2_z_btc_bollinger_width_20d__z_btc_volume_z_20d__add,0.000726
xgb_gpu_engineered,z2_z_btc_volume_pct_7d__z_btc_rolling_mean_distance_60d__mul,0.000726
xgb_gpu_engineered,z2_z_btc_bollinger_width_20d__z_btc_rsi_14__div,0.000724
xgb_gpu_engineered,z2_z_sp500_return_1d__z_btc_return_14d__sub,0.000723
xgb_gpu_engineered,z2_z_us5y_bp_chg_7d__z_btc_return_1d__mul,0.000722
xgb_gpu_engineered,z2_z_btc_bollinger_width_20d__z_btc_volume_pct_7d__mul,0.000722
xgb_gpu_engineered,z2_z_btc_rolling_position_60d__z_btc_volume_z_20d__mul,0.000722
xgb_gpu_engineered,z2_z_btc_trend_strength_50_200__z_us10y_bp_chg_7d__div,0.000722
xgb_gpu_engineered,z2_z_us5y_bp_chg_7d__z_btc_volume_diff_7d__div,0.000722
xgb_gpu_engineered,z2_z_btc_rolling_position_60d__z_btc_rolling_mean_distance_60d__sub,0.000721
xgb_gpu_engineered,z2_z_btc_rolling_position_7d__z_sp500_return_1d__div,0.000721
xgb_gpu_engineered,z2_z_btc_rolling_position_60d__z_btc_rolling_mean_distance_30d__mul,0.000721
xgb_gpu_engineered,z2_z_btc_rolling_position_20d__z_btc_rolling_position_7d__mul,0.000721
xgb_gpu_engineered,z2_z_btc_trend_above_sma20__z_btc_trend_strength_50_200__mul,0.00072
xgb_gpu_engineered,z2_z_btc_volume_pct_7d__z_nasdaq_return_1d__sub,0.00072
xgb_gpu_engineered,z2_z_btc_bollinger_width_20d__z_btc_rolling_position_30d__mul,0.00072
xgb_gpu_engineered,z2_z_btc_bollinger_percent_b_20d__z_btc_drawdown_120d__mul,0.000719
xgb_gpu_engineered,z2_z_gold_return_7d__z_btc_candle_range_pct__mul,0.000719
xgb_gpu_engineered,z2_z_btc_trend_strength_50_200__z_btc_return_14d__div,0.000716
xgb_gpu_engineered,z2_z_btc_volume_pct_7d__z_btc_volume_z_20d__div,0.000715
xgb_gpu_engineered,z2_z_btc_rsi_30__z_btc_candle_body_abs_pct__sub,0.000714
xgb_gpu_engineered,z2_z_btc_rsi_30__z_btc_return_14d__sub,0.000712
xgb_gpu_engineered,z2_z_btc_volume_pct_7d__z_btc_candle_range_pct__sub,0.000712
xgb_gpu_engineered,z2_z_gold_return_7d__z_btc_candle_range_pct__sub,0.000711
xgb_gpu_engineered,z2_z_btc_candle_body_pct__z_btc_drawdown_120d__div,0.00071
xgb_gpu_engineered,z2_z_btc_rolling_position_20d__z_gold_return_7d__sub,0.00071
xgb_gpu_engineered,z2_z_btc_trend_sma7_above_sma30__z_btc_return_1d__mul,0.00071
xgb_gpu_engineered,z2_z_btc_bollinger_percent_b_20d__z_us5y_bp_chg_7d__add,0.00071
xgb_gpu_engineered,z2_z_btc_candle_range_pct__z_btc_candle_body_pct__mul,0.00071
xgb_gpu_engineered,z2_z_btc_rsi_7__z_gold_return_7d__mul,0.00071
xgb_gpu_engineered,z2_z_btc_rolling_position_20d__z_btc_rolling_position_60d__mul,0.00071
xgb_gpu_engineered,z2_z_sp500_return_1d__z_btc_trend_strength_50_200__add,0.000709
xgb_gpu_engineered,z2_z_btc_rolling_position_20d__z_btc_trend_sma7_above_sma30__mul,0.000708
xgb_gpu_engineered,z2_z_gold_return_7d__z_btc_return_1d__div,0.000708
xgb_gpu_engineered,z2_z_sp500_return_1d__z_btc_trend_sma7_above_sma30__mul,0.000708
xgb_gpu_engineered,z2_z_btc_rsi_7__z_btc_return_1d__div,0.000707
xgb_gpu_engineered,z2_z_gold_return_7d__z_btc_drawdown_120d__mul,0.000706
xgb_gpu_engineered,z2_z_btc_log_volume__z_btc_trend_strength_20_50__div,0.000706
xgb_gpu_engineered,z2_z_btc_rolling_position_20d__z_btc_rsi_7__div,0.000706
xgb_gpu_engineered,z2_z_btc_rolling_position_14d__z_btc_candle_range_pct__div,0.000705
xgb_gpu_engineered,z2_z_btc_candle_body_pct__z_us10y_bp_chg_7d__mul,0.000705
xgb_gpu_engineered,z2_z_nasdaq_return_1d__z_btc_return_1d__sub,0.000704
xgb_gpu_engineered,z2_z_sp500_return_1d__z_nasdaq_return_1d__sub,0.000704
xgb_gpu_engineered,z2_z_btc_volume_diff_7d__z_btc_return_14d__mul,0.000704
xgb_gpu_engineered,z2_z_btc_return_1d__z_btc_candle_body_pct__sub,0.000704
xgb_gpu_engineered,z2_z_btc_bollinger_lower_distance_20d__z_btc_volume_z_20d__add,0.000703
xgb_gpu_engineered,z2_z_btc_rolling_position_14d__z_us5y_bp_chg_7d__div,0.000701
xgb_gpu_engineered,z2_z_gold_return_7d__z_btc_volume_diff_7d__div,0.000701
xgb_gpu_engineered,z2_z_btc_rsi_14__z_nasdaq_return_1d__div,0.0007
xgb_gpu_engineered,z_btc_rolling_volatility_14d,0.0007
xgb_gpu_engineered,z2_z_btc_rolling_position_60d__z_gold_return_7d__add,0.0007
xgb_gpu_engineered,z2_z_btc_rolling_position_30d__z_btc_bollinger_lower_distance_20d__div,0.000698
xgb_gpu_engineered,z2_z_btc_trend_sma50_above_sma200__z_us5y_bp_chg_7d__div,0.000697
xgb_gpu_engineered,z2_z_btc_volume_pct_7d__z_btc_bollinger_percent_b_20d__mul,0.000697
xgb_gpu_engineered,z2_z_btc_bollinger_percent_b_20d__z_btc_return_1d__mul,0.000696
xgb_gpu_engineered,z2_z_btc_return_1d__z_btc_volume_diff_7d__mul,0.000693
xgb_gpu_engineered,z2_z_btc_bollinger_lower_distance_20d__z_btc_trend_above_sma20__sub,0.000692
xgb_gpu_engineered,z2_z_btc_candle_body_abs_pct__z_us10y_bp_chg_7d__sub,0.000692
xgb_gpu_engineered,z2_z_btc_bollinger_lower_distance_20d__z_btc_return_14d__sub,0.000692
xgb_gpu_engineered,z2_z_sp500_return_1d__z_gold_return_7d__mul,0.000691
xgb_gpu_engineered,z2_z_btc_volume_pct_7d__z_btc_rsi_7__sub,0.000691
xgb_gpu_engineered,z2_z_btc_trend_strength_50_200__z_btc_volume_diff_7d__add,0.00069
xgb_gpu_engineered,z2_z_btc_volume_pct_7d__z_btc_rolling_position_7d__mul,0.00069
xgb_gpu_engineered,z2_z_btc_rolling_position_60d__z_btc_volume_z_20d__add,0.000689
xgb_gpu_engineered,z2_z_btc_rsi_7__z_btc_trend_strength_50_200__sub,0.000689
xgb_gpu_engineered,z2_z_btc_rolling_position_14d__z_nasdaq_return_1d__sub,0.000688
xgb_gpu_engineered,z2_z_btc_bollinger_width_20d__z_btc_rolling_position_20d__div,0.000686
xgb_gpu_engineered,z2_z_btc_trend_above_sma20__z_btc_candle_body_pct__mul,0.000685
xgb_gpu_engineered,z2_z_btc_rolling_position_30d__z_us10y_bp_chg_7d__mul,0.000685
xgb_gpu_engineered,z2_z_btc_rsi_7__z_btc_volume_z_20d__div,0.000684
xgb_gpu_engineered,z2_z_nasdaq_return_1d__z_btc_trend_strength_20_50__mul,0.000684
xgb_gpu_engineered,z2_z_us5y_bp_chg_7d__z_btc_return_14d__mul,0.000683
xgb_gpu_engineered,z2_z_btc_bollinger_percent_b_20d__z_btc_rolling_position_60d__div,0.000682
xgb_gpu_engineered,z2_z_us5y_bp_chg_7d__z_gold_return_7d__div,0.00068
xgb_gpu_engineered,z2_z_btc_rsi_30__z_btc_candle_body_abs_pct__add,0.00068
xgb_gpu_engineered,z2_z_btc_rsi_30__z_gold_return_7d__add,0.000679
xgb_gpu_engineered,z2_z_btc_rolling_mean_distance_60d__z_btc_candle_body_abs_pct__add,0.000678
xgb_gpu_engineered,z2_z_btc_rsi_14__z_btc_log_volume__mul,0.000678
xgb_gpu_engineered,z2_z_nasdaq_return_1d__z_us5y_bp_chg_7d__add,0.000677
xgb_gpu_engineered,z2_z_btc_trend_above_sma50__z_sp500_return_1d__add,0.000676
xgb_gpu_engineered,z2_z_btc_rolling_position_7d__z_us5y_bp_chg_7d__mul,0.000675
xgb_gpu_engineered,z2_z_btc_volume_pct_7d__z_btc_bollinger_lower_distance_20d__mul,0.000675
xgb_gpu_engineered,z2_z_sp500_return_1d__z_us10y_bp_chg_7d__div,0.000675
xgb_gpu_engineered,z2_z_btc_candle_body_abs_pct__z_btc_log_volume__mul,0.000674
xgb_gpu_engineered,z2_z_btc_candle_body_pct__z_us10y_bp_chg_7d__add,0.000673
xgb_gpu_engineered,z2_z_btc_trend_sma50_above_sma200__z_btc_return_14d__add,0.000673
xgb_gpu_engineered,z2_z_btc_trend_strength_50_200__z_btc_volume_z_20d__sub,0.000673
xgb_gpu_engineered,z2_z_btc_rolling_position_60d__z_sp500_return_1d__mul,0.000672
xgb_gpu_engineered,z2_z_btc_trend_above_sma50__z_btc_rsi_14__div,0.000671
xgb_gpu_engineered,z2_z_btc_rolling_position_14d__z_btc_candle_body_pct__mul,0.000671
xgb_gpu_engineered,z2_z_btc_trend_above_sma20__z_btc_rolling_mean_distance_60d__sub,0.000671
xgb_gpu_engineered,z2_z_btc_rolling_position_60d__z_btc_trend_strength_20_50__mul,0.00067
xgb_gpu_engineered,z2_z_btc_drawdown_120d__z_btc_log_volume__mul,0.00067
xgb_gpu_engineered,z2_z_btc_rsi_30__z_btc_return_1d__sub,0.00067
xgb_gpu_engineered,z2_z_btc_rolling_position_20d__z_us10y_bp_chg_7d__div,0.000669
xgb_gpu_engineered,z2_z_btc_trend_above_sma50__z_sp500_return_1d__mul,0.000669
xgb_gpu_engineered,z2_z_btc_trend_above_sma20__z_gold_return_7d__add,0.000669
xgb_gpu_engineered,z2_z_btc_trend_sma50_above_sma200__z_us10y_bp_chg_7d__div,0.000668
xgb_gpu_engineered,z2_z_btc_rsi_30__z_btc_rolling_position_7d__div,0.000668
xgb_gpu_engineered,z2_z_btc_log_volume__z_btc_return_14d__div,0.000667
xgb_gpu_engineered,z2_z_gold_return_7d__z_btc_return_1d__add,0.000667
xgb_gpu_engineered,z2_z_sp500_return_1d__z_gold_return_7d__div,0.000667
xgb_gpu_engineered,z2_z_btc_rsi_7__z_btc_trend_sma50_above_sma200__sub,0.000666
xgb_gpu_engineered,z2_z_btc_return_1d__z_btc_candle_body_abs_pct__add,0.000666
xgb_gpu_engineered,z2_z_btc_candle_body_pct__z_btc_candle_body_abs_pct__sub,0.000665
xgb_gpu_engineered,z2_z_btc_return_1d__z_us10y_bp_chg_7d__div,0.000665
xgb_gpu_engineered,z2_z_btc_bollinger_percent_b_20d__z_btc_rolling_mean_distance_60d__sub,0.000665
xgb_gpu_engineered,z2_z_btc_bollinger_width_20d__z_btc_candle_body_pct__mul,0.000665
xgb_gpu_engineered,z2_z_sp500_return_1d__z_btc_return_14d__mul,0.000664
xgb_gpu_engineered,z2_z_btc_bollinger_percent_b_20d__z_btc_rolling_position_60d__mul,0.000664
xgb_gpu_engineered,z2_z_btc_rolling_position_30d__z_gold_return_7d__div,0.000664
xgb_gpu_engineered,z2_z_btc_rsi_7__z_btc_trend_sma7_above_sma30__mul,0.000664
xgb_gpu_engineered,z2_z_btc_rolling_position_7d__z_btc_trend_strength_20_50__div,0.000663
xgb_gpu_engineered,z2_z_btc_volume_pct_7d__z_btc_return_1d__div,0.000663
xgb_gpu_engineered,z2_z_btc_return_1d__z_btc_drawdown_120d__mul,0.000662
xgb_gpu_engineered,z2_z_btc_bollinger_width_20d__z_btc_volume_z_20d__div,0.000662
xgb_gpu_engineered,z2_z_btc_rolling_position_7d__z_btc_log_volume__sub,0.000662
xgb_gpu_engineered,z2_z_btc_return_1d__z_btc_candle_body_pct__div,0.000662
xgb_gpu_engineered,z2_z_btc_rsi_7__z_btc_candle_body_abs_pct__div,0.000661
xgb_gpu_engineered,z2_z_btc_rolling_position_7d__z_btc_rolling_position_60d__sub,0.00066
xgb_gpu_engineered,z2_z_btc_rolling_position_14d__z_sp500_return_1d__add,0.00066
xgb_gpu_engineered,z2_z_btc_return_1d__z_btc_return_14d__add,0.00066
xgb_gpu_engineered,z2_z_gold_return_7d__z_btc_volume_z_20d__mul,0.000659
xgb_gpu_engineered,z2_z_gold_return_7d__z_btc_rolling_mean_distance_30d__sub,0.000659
xgb_gpu_engineered,z2_z_btc_bollinger_width_20d__z_btc_return_14d__sub,0.000659
xgb_gpu_engineered,z2_z_btc_rsi_7__z_gold_return_7d__div,0.000658
xgb_gpu_engineered,z2_z_btc_volume_pct_7d__z_btc_candle_range_pct__div,0.000658
xgb_gpu_engineered,z2_z_btc_bollinger_lower_distance_20d__z_sp500_return_1d__div,0.000658
xgb_gpu_engineered,z2_z_us5y_bp_chg_7d__z_btc_return_14d__div,0.000658
xgb_gpu_engineered,z2_z_btc_bollinger_lower_distance_20d__z_btc_volume_diff_7d__sub,0.000658
xgb_gpu_engineered,z2_z_btc_candle_range_pct__z_btc_return_1d__mul,0.000657
xgb_gpu_engineered,z2_z_btc_return_1d__z_btc_log_volume__sub,0.000657
xgb_gpu_engineered,z2_z_btc_trend_above_sma20__z_btc_rolling_mean_distance_30d__sub,0.000656
xgb_gpu_engineered,z2_z_btc_candle_body_abs_pct__z_btc_return_14d__sub,0.000656
xgb_gpu_engineered,z2_z_btc_rolling_mean_distance_60d__z_btc_log_volume__div,0.000655
xgb_gpu_engineered,z2_z_btc_bollinger_percent_b_20d__z_btc_rolling_position_7d__sub,0.000655
xgb_gpu_engineered,z2_z_btc_rsi_30__z_btc_candle_body_abs_pct__mul,0.000654
xgb_gpu_engineered,z2_z_btc_bollinger_percent_b_20d__z_btc_rsi_14__mul,0.000654
xgb_gpu_engineered,z2_z_btc_trend_sma50_above_sma200__z_btc_rolling_mean_distance_60d__div,0.000654
xgb_gpu_engineered,z2_z_btc_candle_body_abs_pct__z_btc_volume_z_20d__mul,0.000654
xgb_gpu_engineered,z2_z_btc_rolling_mean_distance_30d__z_btc_return_14d__sub,0.000653
xgb_gpu_engineered,z2_z_nasdaq_return_1d__z_btc_trend_sma7_above_sma30__div,0.000653
xgb_gpu_engineered,z2_z_btc_bollinger_width_20d__z_btc_log_volume__sub,0.000652
xgb_gpu_engineered,z2_z_btc_rolling_position_14d__z_us5y_bp_chg_7d__sub,0.000652
xgb_gpu_engineered,z2_z_btc_rolling_position_14d__z_sp500_return_1d__div,0.000651
xgb_gpu_engineered,z2_z_btc_rolling_position_14d__z_btc_rsi_14__sub,0.000651
xgb_gpu_engineered,z2_z_btc_rsi_14__z_btc_rolling_mean_distance_30d__div,0.000651
xgb_gpu_engineered,z2_z_btc_rsi_30__z_nasdaq_return_1d__add,0.000651
xgb_gpu_engineered,z2_z_btc_rolling_position_20d__z_btc_candle_range_pct__mul,0.000651
xgb_gpu_engineered,z2_z_btc_trend_above_sma20__z_btc_volume_z_20d__div,0.00065
xgb_gpu_engineered,z2_z_btc_rsi_7__z_btc_volume_z_20d__mul,0.00065
xgb_gpu_engineered,z2_z_btc_rolling_position_14d__z_btc_rsi_7__div,0.00065
xgb_gpu_engineered,z2_z_btc_rsi_7__z_btc_candle_range_pct__sub,0.00065
xgb_gpu_engineered,z2_z_btc_rolling_position_7d__z_btc_return_14d__div,0.00065
xgb_gpu_engineered,z2_z_btc_rolling_position_20d__z_btc_bollinger_lower_distance_20d__sub,0.000649
xgb_gpu_engineered,z2_z_nasdaq_return_1d__z_btc_return_14d__div,0.000649
xgb_gpu_engineered,z2_z_btc_trend_above_sma50__z_btc_return_1d__mul,0.000649
xgb_gpu_engineered,z2_z_btc_bollinger_percent_b_20d__z_btc_return_14d__div,0.000649
xgb_gpu_engineered,z2_z_btc_log_volume__z_btc_volume_diff_7d__add,0.000649
xgb_gpu_engineered,z_btc_volume_z_60d,0.000648
xgb_gpu_engineered,z2_z_btc_trend_above_sma20__z_btc_return_1d__add,0.000648
xgb_gpu_engineered,z2_z_btc_volume_pct_7d__z_gold_return_7d__mul,0.000647
xgb_gpu_engineered,z2_z_btc_candle_range_pct__z_btc_candle_body_abs_pct__add,0.000647
xgb_gpu_engineered,z2_z_btc_drawdown_120d__z_btc_log_volume__div,0.000646
xgb_gpu_engineered,z2_z_btc_candle_range_pct__z_btc_candle_body_abs_pct__div,0.000646
xgb_gpu_engineered,z2_z_btc_volume_pct_7d__z_nasdaq_return_1d__div,0.000645
xgb_gpu_engineered,z2_z_btc_rolling_position_60d__z_us10y_bp_chg_7d__div,0.000643
xgb_gpu_engineered,z2_z_nasdaq_return_1d__z_btc_candle_body_abs_pct__add,0.000643
xgb_gpu_engineered,z2_z_btc_trend_above_sma20__z_btc_volume_diff_7d__add,0.000643
xgb_gpu_engineered,z2_z_btc_bollinger_percent_b_20d__z_btc_rsi_7__div,0.000643
xgb_gpu_engineered,z2_z_btc_rolling_position_60d__z_nasdaq_return_1d__sub,0.000643
xgb_gpu_engineered,z2_z_us5y_bp_chg_7d__z_us10y_bp_chg_7d__sub,0.000642
xgb_gpu_engineered,z2_z_btc_candle_body_pct__z_btc_log_volume__sub,0.000642
xgb_gpu_engineered,z2_z_us10y_bp_chg_7d__z_btc_trend_strength_20_50__mul,0.000641
xgb_gpu_engineered,z2_z_btc_rolling_position_14d__z_btc_trend_strength_20_50__mul,0.000641
xgb_gpu_engineered,z2_z_nasdaq_return_1d__z_btc_trend_sma50_above_sma200__sub,0.00064
xgb_gpu_engineered,z2_z_btc_rsi_30__z_btc_log_volume__mul,0.00064
xgb_gpu_engineered,z2_z_btc_bollinger_width_20d__z_btc_return_14d__add,0.00064
xgb_gpu_engineered,z2_z_us5y_bp_chg_7d__z_btc_candle_body_abs_pct__mul,0.000638
xgb_gpu_engineered,z2_z_btc_rsi_7__z_btc_return_14d__mul,0.000637
xgb_gpu_engineered,z2_z_btc_volume_z_20d__z_btc_trend_strength_20_50__mul,0.000635
xgb_gpu_engineered,z2_z_btc_trend_above_sma20__z_btc_candle_body_pct__div,0.000635
xgb_gpu_engineered,z2_z_btc_volume_diff_7d__z_btc_return_14d__div,0.000635
xgb_gpu_engineered,z2_z_btc_rsi_14__z_nasdaq_return_1d__mul,0.000635
xgb_gpu_engineered,z2_z_btc_rolling_position_30d__z_btc_rsi_7__mul,0.000634
xgb_gpu_engineered,z2_z_btc_rolling_position_20d__z_btc_drawdown_120d__add,0.000634
xgb_gpu_engineered,z2_z_btc_rolling_position_7d__z_btc_log_volume__mul,0.000633
xgb_gpu_engineered,z2_z_btc_rolling_position_30d__z_btc_rolling_mean_distance_30d__div,0.000633
xgb_gpu_engineered,z2_z_btc_candle_body_pct__z_btc_trend_strength_50_200__div,0.000633
xgb_gpu_engineered,z2_z_btc_volume_pct_7d__z_sp500_return_1d__mul,0.000631
xgb_gpu_engineered,z2_z_btc_rsi_14__z_btc_candle_range_pct__div,0.000631
xgb_gpu_engineered,z2_z_btc_bollinger_percent_b_20d__z_us10y_bp_chg_7d__div,0.000631
xgb_gpu_engineered,z2_z_btc_rolling_position_14d__z_us10y_bp_chg_7d__mul,0.000631
xgb_gpu_engineered,z_btc_return_lag_7,0.000631
xgb_gpu_engineered,z2_z_btc_volume_pct_7d__z_btc_rsi_30__div,0.00063
xgb_gpu_engineered,z2_z_btc_trend_above_sma50__z_btc_rsi_30__div,0.000629
xgb_gpu_engineered,z2_z_btc_rsi_14__z_btc_trend_strength_20_50__div,0.000628
xgb_gpu_engineered,z2_z_nasdaq_return_1d__z_btc_log_volume__mul,0.000628
xgb_gpu_engineered,z2_z_nasdaq_return_1d__z_us5y_bp_chg_7d__div,0.000627
xgb_gpu_engineered,z2_z_btc_rsi_7__z_btc_trend_sma7_above_sma30__div,0.000627
xgb_gpu_engineered,z2_z_btc_candle_body_abs_pct__z_btc_volume_diff_7d__mul,0.000627
xgb_gpu_engineered,z2_z_btc_rolling_mean_distance_60d__z_us10y_bp_chg_7d__mul,0.000627
xgb_gpu_engineered,z2_z_btc_rolling_position_14d__z_btc_volume_z_20d__add,0.000626
xgb_gpu_engineered,z_sp500_return_7d,0.000626
xgb_gpu_engineered,z2_z_btc_rolling_mean_distance_60d__z_btc_drawdown_120d__mul,0.000626
xgb_gpu_engineered,z2_z_btc_candle_range_pct__z_btc_return_14d__sub,0.000625
xgb_gpu_engineered,z2_z_btc_rsi_30__z_btc_drawdown_120d__sub,0.000625
xgb_gpu_engineered,z_us10y_bp_chg_30d,0.000625
xgb_gpu_engineered,z2_z_btc_trend_sma50_above_sma200__z_gold_return_7d__div,0.000624
xgb_gpu_engineered,z2_z_btc_trend_above_sma50__z_btc_trend_strength_50_200__sub,0.000624
xgb_gpu_engineered,z2_z_btc_candle_body_pct__z_btc_rolling_mean_distance_30d__div,0.000624
xgb_gpu_engineered,z2_z_btc_trend_sma50_above_sma200__z_btc_trend_strength_20_50__mul,0.000624
xgb_gpu_engineered,z2_z_btc_bollinger_percent_b_20d__z_btc_rsi_30__mul,0.000624
xgb_gpu_engineered,z2_z_btc_rolling_position_20d__z_btc_rsi_14__mul,0.000624
xgb_gpu_engineered,z2_z_btc_rolling_position_14d__z_btc_volume_diff_7d__div,0.000623
xgb_gpu_engineered,z2_z_btc_rolling_position_7d__z_sp500_return_1d__add,0.000623
xgb_gpu_engineered,z2_z_btc_trend_above_sma20__z_btc_candle_body_abs_pct__div,0.000622
xgb_gpu_engineered,z2_z_btc_candle_range_pct__z_btc_volume_z_20d__add,0.000621
xgb_gpu_engineered,z2_z_btc_rolling_position_30d__z_btc_trend_strength_50_200__mul,0.000621
xgb_gpu_engineered,z2_z_btc_candle_body_abs_pct__z_us10y_bp_chg_7d__div,0.00062
xgb_gpu_engineered,z2_z_btc_candle_range_pct__z_btc_log_volume__sub,0.00062
xgb_gpu_engineered,z2_z_btc_rsi_7__z_btc_trend_strength_20_50__div,0.000619
xgb_gpu_engineered,z2_z_btc_rolling_position_20d__z_gold_return_7d__add,0.000618
xgb_gpu_engineered,z2_z_nasdaq_return_1d__z_btc_drawdown_120d__mul,0.000618
xgb_gpu_engineered,z2_z_btc_rolling_position_60d__z_btc_candle_body_pct__div,0.000618
xgb_gpu_engineered,z2_z_btc_rolling_position_30d__z_btc_return_1d__sub,0.000617
xgb_gpu_engineered,z2_z_btc_rolling_position_20d__z_btc_bollinger_percent_b_20d__sub,0.000617
xgb_gpu_engineered,z2_z_btc_log_volume__z_btc_rolling_mean_distance_30d__div,0.000617
xgb_gpu_engineered,z2_z_sp500_return_1d__z_btc_volume_diff_7d__mul,0.000616
xgb_gpu_engineered,z2_z_btc_rolling_position_60d__z_btc_trend_above_sma20__mul,0.000615
xgb_gpu_engineered,z2_z_btc_volume_z_20d__z_btc_volume_diff_7d__sub,0.000614
xgb_gpu_engineered,z2_z_btc_rolling_position_14d__z_btc_volume_z_20d__div,0.000614
xgb_gpu_engineered,z2_z_btc_trend_strength_50_200__z_btc_volume_diff_7d__mul,0.000613
xgb_gpu_engineered,z2_z_btc_trend_sma7_above_sma30__z_btc_return_1d__div,0.000612
xgb_gpu_engineered,z2_z_btc_volume_pct_7d__z_btc_candle_body_abs_pct__add,0.000612
xgb_gpu_engineered,z2_z_sp500_return_1d__z_btc_rolling_mean_distance_60d__div,0.000611
xgb_gpu_engineered,z2_z_gold_return_7d__z_us10y_bp_chg_7d__div,0.000611
xgb_gpu_engineered,z2_z_btc_volume_diff_7d__z_btc_trend_strength_20_50__mul,0.00061
xgb_gpu_engineered,z2_z_btc_rsi_7__z_btc_candle_body_abs_pct__add,0.00061
xgb_gpu_engineered,z2_z_gold_return_7d__z_btc_volume_diff_7d__mul,0.000609
xgb_gpu_engineered,z2_z_btc_rolling_position_60d__z_btc_drawdown_120d__mul,0.000609
xgb_gpu_engineered,z2_z_btc_rolling_position_60d__z_sp500_return_1d__div,0.000608
xgb_gpu_engineered,z2_z_btc_candle_range_pct__z_btc_trend_strength_50_200__div,0.000608
xgb_gpu_engineered,z2_z_btc_bollinger_width_20d__z_gold_return_7d__mul,0.000607
xgb_gpu_engineered,z2_z_btc_rolling_position_20d__z_btc_bollinger_percent_b_20d__div,0.000607
xgb_gpu_engineered,z2_z_btc_candle_range_pct__z_btc_trend_strength_20_50__mul,0.000606
xgb_gpu_engineered,z2_z_btc_trend_above_sma50__z_btc_rolling_position_60d__sub,0.000606
xgb_gpu_engineered,z2_z_btc_candle_body_abs_pct__z_btc_rolling_mean_distance_30d__sub,0.000605
xgb_gpu_engineered,z2_z_nasdaq_return_1d__z_btc_return_1d__div,0.000605
xgb_gpu_engineered,z2_z_btc_trend_above_sma50__z_btc_candle_range_pct__div,0.000605
xgb_gpu_engineered,z2_z_btc_rolling_position_60d__z_btc_volume_diff_7d__sub,0.000605
xgb_gpu_engineered,z2_z_btc_bollinger_width_20d__z_btc_volume_pct_7d__div,0.000604
xgb_gpu_engineered,z2_z_btc_rolling_position_7d__z_btc_candle_body_abs_pct__div,0.000604
xgb_gpu_engineered,z2_z_btc_rolling_position_14d__z_btc_rolling_mean_distance_60d__add,0.000604
xgb_gpu_engineered,z2_z_btc_rolling_position_7d__z_btc_trend_strength_50_200__div,0.000602
xgb_gpu_engineered,z2_z_btc_rolling_position_7d__z_us5y_bp_chg_7d__add,0.000602
xgb_gpu_engineered,z2_z_btc_rolling_position_30d__z_btc_candle_body_pct__div,0.000602
xgb_gpu_engineered,z2_z_btc_drawdown_120d__z_btc_log_volume__add,0.000601
xgb_gpu_engineered,z2_z_btc_rolling_position_20d__z_btc_return_14d__sub,0.000601
xgb_gpu_engineered,z2_z_btc_rolling_position_20d__z_us10y_bp_chg_7d__sub,0.000601
xgb_gpu_engineered,z2_z_btc_rolling_mean_distance_60d__z_us10y_bp_chg_7d__add,0.0006
xgb_gpu_engineered,z2_z_btc_rolling_position_60d__z_btc_drawdown_120d__div,0.0006
xgb_gpu_engineered,z2_z_btc_rolling_position_30d__z_sp500_return_1d__div,0.000599
xgb_gpu_engineered,z2_z_btc_candle_body_pct__z_btc_drawdown_120d__sub,0.000599
xgb_gpu_engineered,z2_z_btc_rolling_position_60d__z_btc_volume_z_20d__sub,0.000597
xgb_gpu_engineered,z2_z_us5y_bp_chg_7d__z_btc_rolling_mean_distance_60d__add,0.000597
xgb_gpu_engineered,z2_z_us10y_bp_chg_7d__z_btc_rolling_mean_distance_30d__div,0.000596
xgb_gpu_engineered,z2_z_sp500_return_1d__z_btc_rsi_7__add,0.000596
xgb_gpu_engineered,z2_z_btc_return_1d__z_btc_volume_z_20d__add,0.000595
xgb_gpu_engineered,z2_z_btc_rolling_position_14d__z_btc_rolling_mean_distance_30d__div,0.000595
xgb_gpu_engineered,z2_z_btc_bollinger_lower_distance_20d__z_btc_trend_sma7_above_sma30__div,0.000594
xgb_gpu_engineered,z2_z_btc_candle_range_pct__z_btc_volume_diff_7d__sub,0.000593
xgb_gpu_engineered,z2_z_btc_bollinger_percent_b_20d__z_btc_bollinger_lower_distance_20d__mul,0.000593
xgb_gpu_engineered,z2_z_btc_bollinger_lower_distance_20d__z_btc_volume_z_20d__sub,0.000593
xgb_gpu_engineered,z2_z_btc_drawdown_120d__z_btc_volume_diff_7d__sub,0.000593
xgb_gpu_engineered,z2_z_btc_candle_body_abs_pct__z_btc_trend_strength_50_200__div,0.000593
xgb_gpu_engineered,z2_z_btc_volume_pct_7d__z_btc_rolling_mean_distance_60d__div,0.000592
xgb_gpu_engineered,z2_z_btc_rolling_position_30d__z_btc_trend_strength_50_200__div,0.000592
xgb_gpu_engineered,z2_z_btc_rolling_position_14d__z_btc_candle_body_abs_pct__div,0.000592
xgb_gpu_engineered,z2_z_btc_bollinger_lower_distance_20d__z_btc_trend_strength_20_50__sub,0.000591
xgb_gpu_engineered,z2_z_gold_return_7d__z_btc_trend_strength_20_50__div,0.000591
xgb_gpu_engineered,z_us30y_bp_chg_1d,0.00059
xgb_gpu_engineered,z2_z_btc_rolling_position_7d__z_btc_trend_sma7_above_sma30__div,0.000589
xgb_gpu_engineered,z2_z_btc_rolling_position_14d__z_btc_rsi_14__mul,0.000587
xgb_gpu_engineered,z2_z_btc_rolling_position_60d__z_btc_rsi_14__div,0.000587
xgb_gpu_engineered,z2_z_btc_volume_pct_7d__z_btc_trend_above_sma50__sub,0.000586
xgb_gpu_engineered,z2_z_btc_volume_pct_7d__z_us5y_bp_chg_7d__mul,0.000585
xgb_gpu_engineered,z2_z_btc_rolling_position_60d__z_us10y_bp_chg_7d__sub,0.000584
xgb_gpu_engineered,z2_z_btc_rolling_position_14d__z_btc_log_volume__mul,0.000584
xgb_gpu_engineered,z2_z_btc_rolling_position_60d__z_gold_return_7d__sub,0.000583
xgb_gpu_engineered,z2_z_btc_bollinger_percent_b_20d__z_us5y_bp_chg_7d__div,0.000583
xgb_gpu_engineered,z2_z_btc_trend_sma50_above_sma200__z_btc_volume_diff_7d__sub,0.000582
xgb_gpu_engineered,z2_z_btc_trend_above_sma50__z_btc_candle_body_abs_pct__add,0.000582
xgb_gpu_engineered,z2_z_btc_rsi_14__z_us10y_bp_chg_7d__add,0.000581
xgb_gpu_engineered,z2_z_nasdaq_return_1d__z_btc_rolling_mean_distance_30d__mul,0.000581
xgb_gpu_engineered,z2_z_btc_rolling_position_14d__z_btc_rolling_position_7d__div,0.000581
xgb_gpu_engineered,z2_z_btc_rolling_position_14d__z_btc_rolling_mean_distance_30d__mul,0.00058
xgb_gpu_engineered,z2_z_btc_rolling_position_20d__z_btc_rolling_position_14d__mul,0.00058
xgb_gpu_engineered,z2_z_btc_rolling_position_14d__z_btc_drawdown_120d__mul,0.00058
xgb_gpu_engineered,z2_z_btc_trend_above_sma20__z_btc_rsi_7__mul,0.00058
xgb_gpu_engineered,z2_z_btc_rolling_mean_distance_60d__z_btc_return_14d__sub,0.000578
xgb_gpu_engineered,z2_z_btc_rsi_7__z_btc_volume_z_20d__add,0.000578
xgb_gpu_engineered,z2_z_btc_candle_range_pct__z_btc_log_volume__mul,0.000578
xgb_gpu_engineered,z2_z_btc_rolling_position_30d__z_btc_rolling_mean_distance_30d__sub,0.000578
xgb_gpu_engineered,z2_z_us5y_bp_chg_7d__z_btc_log_volume__mul,0.000577
xgb_gpu_engineered,z2_z_btc_bollinger_percent_b_20d__z_btc_trend_strength_20_50__sub,0.000576
xgb_gpu_engineered,z2_z_btc_volume_pct_7d__z_btc_volume_z_20d__sub,0.000576
xgb_gpu_engineered,z2_z_btc_volume_pct_7d__z_btc_rsi_14__div,0.000575
xgb_gpu_engineered,z2_z_btc_drawdown_120d__z_btc_rolling_mean_distance_30d__sub,0.000575
xgb_gpu_engineered,z2_z_btc_return_1d__z_btc_log_volume__add,0.000573
xgb_gpu_engineered,z2_z_sp500_return_1d__z_btc_trend_above_sma20__mul,0.000572
xgb_gpu_engineered,z2_z_btc_drawdown_120d__z_btc_trend_strength_20_50__sub,0.000571
xgb_gpu_engineered,z2_z_btc_rsi_30__z_btc_log_volume__add,0.000569
xgb_gpu_engineered,z2_z_us5y_bp_chg_7d__z_btc_trend_strength_50_200__add,0.000569
xgb_gpu_engineered,z_btc_rolling_mean_distance_60d,0.000568
xgb_gpu_engineered,z2_z_btc_volume_pct_7d__z_btc_trend_strength_50_200__mul,0.000568
xgb_gpu_engineered,z2_z_btc_drawdown_120d__z_btc_return_14d__mul,0.000568
xgb_gpu_engineered,z2_z_btc_trend_above_sma50__z_us5y_bp_chg_7d__sub,0.000567
xgb_gpu_engineered,z2_z_btc_bollinger_width_20d__z_btc_candle_range_pct__sub,0.000566
xgb_gpu_engineered,z2_z_btc_rolling_position_7d__z_sp500_return_1d__mul,0.000566
xgb_gpu_engineered,z2_z_btc_rsi_30__z_nasdaq_return_1d__mul,0.000566
xgb_gpu_engineered,z2_z_btc_bollinger_lower_distance_20d__z_btc_rsi_30__sub,0.000565
xgb_gpu_engineered,z2_z_btc_rolling_position_14d__z_btc_return_14d__div,0.000565
xgb_gpu_engineered,z2_z_btc_return_1d__z_btc_log_volume__mul,0.000564
xgb_gpu_engineered,z2_z_btc_rsi_30__z_us5y_bp_chg_7d__mul,0.000564
xgb_gpu_engineered,z2_z_btc_trend_sma7_above_sma30__z_btc_return_14d__div,0.000564
xgb_gpu_engineered,z2_z_btc_candle_body_abs_pct__z_btc_log_volume__div,0.000564
xgb_gpu_engineered,z2_z_btc_rolling_position_30d__z_btc_rsi_14__add,0.000563
xgb_gpu_engineered,z2_z_btc_rsi_14__z_gold_return_7d__div,0.000563
xgb_gpu_engineered,z2_z_btc_rolling_position_60d__z_btc_trend_sma7_above_sma30__mul,0.000563
xgb_gpu_engineered,z2_z_sp500_return_1d__z_btc_return_14d__add,0.000563
xgb_gpu_engineered,z2_z_us5y_bp_chg_7d__z_btc_rolling_mean_distance_30d__sub,0.000562
xgb_gpu_engineered,z2_z_nasdaq_return_1d__z_btc_rsi_7__sub,0.000562
xgb_gpu_engineered,z2_z_gold_return_7d__z_btc_candle_body_pct__div,0.000561
xgb_gpu_engineered,z2_z_btc_trend_sma50_above_sma200__z_btc_volume_diff_7d__div,0.000561
xgb_gpu_engineered,z2_z_btc_trend_above_sma50__z_btc_bollinger_lower_distance_20d__div,0.000558
xgb_gpu_engineered,z_btc_volume_ratio_60d,0.000557
xgb_gpu_engineered,z2_z_btc_rolling_position_20d__z_btc_trend_strength_20_50__mul,0.000557
xgb_gpu_engineered,z2_z_gold_return_7d__z_btc_log_volume__sub,0.000556
xgb_gpu_engineered,z2_z_btc_rolling_position_20d__z_us10y_bp_chg_7d__add,0.000556
xgb_gpu_engineered,z2_z_sp500_return_1d__z_btc_candle_body_abs_pct__mul,0.000556
xgb_gpu_engineered,z2_z_btc_candle_body_pct__z_btc_trend_strength_20_50__div,0.000554
xgb_gpu_engineered,z2_z_btc_rsi_30__z_btc_rolling_mean_distance_60d__mul,0.000554
xgb_gpu_engineered,z2_z_btc_volume_pct_7d__z_btc_rolling_mean_distance_30d__div,0.000554
xgb_gpu_engineered,z2_z_btc_candle_range_pct__z_btc_volume_diff_7d__div,0.000553
xgb_gpu_engineered,z2_z_btc_rolling_position_30d__z_btc_rsi_7__sub,0.000553
xgb_gpu_engineered,z2_z_us5y_bp_chg_7d__z_gold_return_7d__add,0.000553
xgb_gpu_engineered,z2_z_btc_rolling_position_30d__z_btc_rsi_14__div,0.000552
xgb_gpu_engineered,z2_z_us5y_bp_chg_7d__z_btc_trend_sma7_above_sma30__sub,0.000551
xgb_gpu_engineered,z2_z_btc_volume_z_20d__z_btc_rolling_mean_distance_30d__sub,0.000551
xgb_gpu_engineered,z2_z_btc_rsi_7__z_btc_return_1d__mul,0.000551
xgb_gpu_engineered,z2_z_btc_bollinger_lower_distance_20d__z_btc_rolling_mean_distance_30d__div,0.000551
xgb_gpu_engineered,z2_z_btc_bollinger_lower_distance_20d__z_btc_candle_range_pct__div,0.00055
xgb_gpu_engineered,z2_z_btc_bollinger_width_20d__z_us10y_bp_chg_7d__sub,0.000549
xgb_gpu_engineered,z_us5y_bp_chg_7d,0.000549
xgb_gpu_engineered,z_btc_close_location,0.000548
xgb_gpu_engineered,z2_z_btc_rolling_position_30d__z_btc_candle_body_pct__mul,0.000548
xgb_gpu_engineered,z2_z_btc_rsi_30__z_sp500_return_1d__div,0.000548
xgb_gpu_engineered,z_btc_return_3d,0.000547
xgb_gpu_engineered,z2_z_btc_rsi_30__z_btc_rolling_mean_distance_60d__div,0.000547
xgb_gpu_engineered,z2_z_btc_rolling_position_20d__z_btc_bollinger_percent_b_20d__mul,0.000547
xgb_gpu_engineered,z2_z_btc_candle_body_pct__z_btc_trend_strength_20_50__sub,0.000547
xgb_gpu_engineered,z2_z_btc_candle_body_pct__z_btc_volume_diff_7d__add,0.000546
xgb_gpu_engineered,z2_z_btc_rsi_7__z_btc_trend_sma7_above_sma30__sub,0.000545
xgb_gpu_engineered,z2_z_us5y_bp_chg_7d__z_btc_candle_body_abs_pct__add,0.000545
xgb_gpu_engineered,z2_z_btc_rsi_30__z_btc_return_14d__div,0.000545
xgb_gpu_engineered,z2_z_btc_candle_body_abs_pct__z_btc_drawdown_120d__mul,0.000545
xgb_gpu_engineered,z2_z_us5y_bp_chg_7d__z_btc_candle_range_pct__div,0.000545
xgb_gpu_engineered,z2_z_btc_bollinger_lower_distance_20d__z_gold_return_7d__mul,0.000544
xgb_gpu_engineered,z2_z_btc_rolling_position_30d__z_btc_rsi_14__mul,0.000544
xgb_gpu_engineered,z2_z_btc_rsi_14__z_sp500_return_1d__div,0.000543
xgb_gpu_engineered,z2_z_gold_return_7d__z_btc_candle_body_abs_pct__mul,0.000542
xgb_gpu_engineered,z2_z_btc_rolling_position_7d__z_btc_rsi_14__div,0.000542
xgb_gpu_engineered,z2_z_sp500_return_1d__z_btc_candle_range_pct__sub,0.000541
xgb_gpu_engineered,z2_z_btc_rolling_position_60d__z_us5y_bp_chg_7d__div,0.00054
xgb_gpu_engineered,z2_z_btc_rsi_30__z_btc_rsi_7__sub,0.00054
xgb_gpu_engineered,z2_z_btc_bollinger_width_20d__z_btc_rolling_position_20d__mul,0.00054
xgb_gpu_engineered,z2_z_btc_candle_body_abs_pct__z_btc_return_14d__mul,0.000539
xgb_gpu_engineered,z2_z_nasdaq_return_1d__z_btc_rolling_mean_distance_60d__div,0.000539
xgb_gpu_engineered,z2_z_btc_volume_pct_7d__z_sp500_return_1d__div,0.000539
xgb_gpu_engineered,z2_z_us10y_bp_chg_7d__z_btc_drawdown_120d__sub,0.000538
xgb_gpu_engineered,z2_z_btc_bollinger_percent_b_20d__z_btc_candle_body_pct__div,0.000537
xgb_gpu_engineered,z2_z_btc_bollinger_lower_distance_20d__z_gold_return_7d__div,0.000537
xgb_gpu_engineered,z2_z_btc_rsi_14__z_btc_volume_diff_7d__div,0.000536
xgb_gpu_engineered,z2_z_nasdaq_return_1d__z_btc_trend_strength_50_200__mul,0.000536
xgb_gpu_engineered,z2_z_btc_candle_body_abs_pct__z_btc_volume_z_20d__add,0.000536
xgb_gpu_engineered,z2_z_btc_bollinger_lower_distance_20d__z_btc_candle_body_pct__div,0.000534
xgb_gpu_engineered,z2_z_btc_bollinger_percent_b_20d__z_btc_return_14d__sub,0.000534
xgb_gpu_engineered,z2_z_btc_trend_sma50_above_sma200__z_btc_return_14d__mul,0.000533
xgb_gpu_engineered,z2_z_us10y_bp_chg_7d__z_btc_rolling_mean_distance_30d__mul,0.000532
xgb_gpu_engineered,z2_z_btc_rolling_position_20d__z_btc_return_1d__mul,0.000532
xgb_gpu_engineered,z2_z_btc_trend_strength_50_200__z_btc_volume_z_20d__div,0.000532
xgb_gpu_engineered,z2_z_btc_rolling_position_7d__z_btc_rsi_14__sub,0.000531
xgb_gpu_engineered,z2_z_btc_rsi_14__z_btc_trend_strength_20_50__add,0.00053
xgb_gpu_engineered,z2_z_btc_rolling_position_60d__z_btc_rolling_mean_distance_60d__mul,0.00053
xgb_gpu_engineered,z2_z_btc_rolling_position_30d__z_gold_return_7d__mul,0.000529
xgb_gpu_engineered,z2_z_btc_rolling_position_14d__z_btc_candle_body_abs_pct__mul,0.000529
xgb_gpu_engineered,z_btc_volume_z_30d,0.000528
xgb_gpu_engineered,z2_z_btc_volume_diff_7d__z_btc_rolling_mean_distance_30d__div,0.000528
xgb_gpu_engineered,z2_z_btc_trend_above_sma20__z_btc_drawdown_120d__sub,0.000526
xgb_gpu_engineered,z2_z_btc_bollinger_width_20d__z_btc_trend_sma7_above_sma30__sub,0.000525
xgb_gpu_engineered,z2_z_btc_bollinger_percent_b_20d__z_btc_trend_sma7_above_sma30__add,0.000523
xgb_gpu_engineered,z2_z_btc_return_1d__z_btc_log_volume__div,0.000523
xgb_gpu_engineered,z2_z_btc_rsi_14__z_nasdaq_return_1d__add,0.000522
xgb_gpu_engineered,z2_z_btc_rolling_position_20d__z_btc_volume_diff_7d__add,0.00052
xgb_gpu_engineered,z2_z_btc_volume_pct_7d__z_btc_rolling_position_60d__div,0.00052
xgb_gpu_engineered,z2_z_btc_rsi_30__z_btc_rolling_position_7d__sub,0.000519
xgb_gpu_engineered,z2_z_btc_rsi_30__z_btc_trend_sma7_above_sma30__sub,0.000518
xgb_gpu_engineered,z2_z_btc_volume_pct_7d__z_btc_rolling_position_30d__mul,0.000517
xgb_gpu_engineered,z2_z_btc_drawdown_120d__z_btc_volume_diff_7d__mul,0.000517
xgb_gpu_engineered,z2_z_btc_bollinger_lower_distance_20d__z_btc_volume_z_20d__div,0.000516
xgb_gpu_engineered,z2_z_btc_trend_strength_50_200__z_btc_log_volume__mul,0.000515
xgb_gpu_engineered,z2_z_btc_bollinger_width_20d__z_btc_candle_body_pct__div,0.000515
xgb_gpu_engineered,z2_z_btc_trend_above_sma50__z_btc_return_1d__sub,0.000515
xgb_gpu_engineered,z2_z_btc_bollinger_lower_distance_20d__z_btc_candle_range_pct__mul,0.000514
xgb_gpu_engineered,z2_z_btc_trend_sma7_above_sma30__z_btc_rolling_mean_distance_60d__div,0.000513
xgb_gpu_engineered,z2_z_btc_bollinger_width_20d__z_btc_bollinger_lower_distance_20d__mul,0.000513
xgb_gpu_engineered,z2_z_btc_volume_pct_7d__z_btc_rolling_position_14d__mul,0.000512
xgb_gpu_engineered,z2_z_sp500_return_1d__z_btc_volume_z_20d__div,0.000511
xgb_gpu_engineered,z2_z_btc_volume_pct_7d__z_btc_rolling_position_7d__sub,0.000508
xgb_gpu_engineered,z2_z_nasdaq_return_1d__z_btc_candle_range_pct__div,0.000508
xgb_gpu_engineered,z2_z_btc_volume_pct_7d__z_btc_trend_above_sma50__div,0.000508
xgb_gpu_engineered,z2_z_btc_rolling_mean_distance_60d__z_btc_log_volume__add,0.000506
xgb_gpu_engineered,z2_z_btc_rsi_14__z_btc_candle_body_pct__div,0.000506
xgb_gpu_engineered,z2_z_btc_rsi_7__z_us10y_bp_chg_7d__sub,0.000505
xgb_gpu_engineered,z2_z_btc_bollinger_percent_b_20d__z_btc_volume_z_20d__div,0.000504
xgb_gpu_engineered,z2_z_btc_trend_above_sma20__z_btc_candle_range_pct__add,0.000504
xgb_gpu_engineered,z2_z_btc_return_1d__z_btc_volume_z_20d__sub,0.000504
xgb_gpu_engineered,z2_z_btc_candle_body_pct__z_us10y_bp_chg_7d__sub,0.000504
xgb_gpu_engineered,z2_z_btc_drawdown_120d__z_btc_volume_diff_7d__div,0.000503
xgb_gpu_engineered,z2_z_btc_trend_above_sma20__z_btc_candle_body_abs_pct__add,0.000501
xgb_gpu_engineered,z2_z_btc_rolling_position_14d__z_btc_volume_z_20d__sub,0.000501
xgb_gpu_engineered,z2_z_nasdaq_return_1d__z_btc_return_14d__add,0.0005
xgb_gpu_engineered,z2_z_btc_rolling_position_20d__z_btc_return_14d__mul,0.0005
xgb_gpu_engineered,z2_z_gold_return_7d__z_btc_trend_strength_20_50__add,0.000499
xgb_gpu_engineered,z2_z_btc_rolling_position_60d__z_nasdaq_return_1d__div,0.000498
xgb_gpu_engineered,z2_z_btc_rolling_position_14d__z_btc_rolling_position_7d__mul,0.000498
xgb_gpu_engineered,z2_z_btc_trend_above_sma50__z_us10y_bp_chg_7d__add,0.000498
xgb_gpu_engineered,z_gold_return_30d,0.000498
xgb_gpu_engineered,z2_z_btc_rsi_30__z_btc_trend_strength_50_200__sub,0.000498
xgb_gpu_engineered,z2_z_btc_rolling_mean_distance_60d__z_btc_log_volume__sub,0.000495
xgb_gpu_engineered,z2_z_btc_volume_pct_7d__z_btc_candle_body_pct__add,0.000494
xgb_gpu_engineered,z2_z_nasdaq_return_1d__z_btc_volume_z_20d__add,0.000493
xgb_gpu_engineered,z2_z_btc_rolling_position_30d__z_btc_volume_z_20d__add,0.000493
xgb_gpu_engineered,z_btc_rolling_volatility_30d,0.000492
xgb_gpu_engineered,z2_z_btc_trend_sma50_above_sma200__z_btc_candle_range_pct__sub,0.000492
xgb_gpu_engineered,z2_z_btc_bollinger_width_20d__z_gold_return_7d__add,0.000491
xgb_gpu_engineered,z2_z_btc_rolling_position_20d__z_us5y_bp_chg_7d__div,0.000491
xgb_gpu_engineered,z2_z_btc_trend_sma50_above_sma200__z_btc_trend_strength_50_200__div,0.000491
xgb_gpu_engineered,z2_z_btc_rsi_30__z_btc_rsi_14__sub,0.000491
xgb_gpu_engineered,z2_z_btc_rolling_position_30d__z_btc_volume_diff_7d__div,0.00049
xgb_gpu_engineered,z2_z_btc_bollinger_percent_b_20d__z_sp500_return_1d__div,0.00049
xgb_gpu_engineered,z2_z_btc_rolling_mean_distance_60d__z_us10y_bp_chg_7d__div,0.00049
xgb_gpu_engineered,z2_z_btc_bollinger_width_20d__z_btc_return_1d__add,0.000488
xgb_gpu_engineered,z2_z_btc_candle_range_pct__z_btc_candle_body_abs_pct__sub,0.000488
xgb_gpu_engineered,z2_z_btc_bollinger_width_20d__z_btc_return_1d__div,0.000487
xgb_gpu_engineered,z2_z_btc_rolling_position_20d__z_btc_rolling_position_7d__div,0.000483
xgb_gpu_engineered,z2_z_btc_rsi_30__z_gold_return_7d__div,0.000483
xgb_gpu_engineered,z2_z_btc_rolling_position_20d__z_btc_rolling_mean_distance_30d__div,0.000482
xgb_gpu_engineered,z2_z_btc_bollinger_lower_distance_20d__z_gold_return_7d__add,0.00048
xgb_gpu_engineered,z2_z_btc_return_1d__z_btc_drawdown_120d__add,0.00048
xgb_gpu_engineered,z2_z_us10y_bp_chg_7d__z_btc_volume_diff_7d__add,0.00048
xgb_gpu_engineered,z2_z_sp500_return_1d__z_btc_candle_body_abs_pct__div,0.000479
xgb_gpu_engineered,z2_z_btc_rolling_position_60d__z_us5y_bp_chg_7d__mul,0.000478
xgb_gpu_engineered,z2_z_us5y_bp_chg_7d__z_btc_volume_diff_7d__sub,0.000478
xgb_gpu_engineered,z2_z_btc_bollinger_percent_b_20d__z_btc_return_1d__add,0.000477
xgb_gpu_engineered,z2_z_nasdaq_return_1d__z_btc_return_1d__add,0.000476
xgb_gpu_engineered,z2_z_btc_candle_range_pct__z_btc_log_volume__div,0.000475
xgb_gpu_engineered,z2_z_btc_candle_range_pct__z_btc_trend_sma7_above_sma30__add,0.000474
xgb_gpu_engineered,z2_z_btc_rolling_position_30d__z_btc_candle_range_pct__mul,0.000474
xgb_gpu_engineered,z2_z_us5y_bp_chg_7d__z_btc_volume_diff_7d__add,0.000473
xgb_gpu_engineered,z2_z_btc_candle_body_pct__z_btc_rolling_mean_distance_30d__sub,0.000472
xgb_gpu_engineered,z2_z_btc_trend_above_sma50__z_us10y_bp_chg_7d__div,0.000471
xgb_gpu_engineered,z2_z_btc_rolling_mean_distance_60d__z_btc_trend_strength_50_200__div,0.000471
xgb_gpu_engineered,z2_z_btc_bollinger_lower_distance_20d__z_btc_candle_body_pct__mul,0.000471
xgb_gpu_engineered,z2_z_btc_trend_sma7_above_sma30__z_btc_candle_body_pct__div,0.000471
xgb_gpu_engineered,z2_z_btc_rsi_14__z_btc_volume_diff_7d__mul,0.000469
xgb_gpu_engineered,z2_z_btc_bollinger_percent_b_20d__z_btc_trend_strength_50_200__div,0.000469
xgb_gpu_engineered,z2_z_btc_trend_above_sma50__z_btc_trend_strength_50_200__add,0.000468
xgb_gpu_engineered,z2_z_btc_rsi_7__z_btc_drawdown_120d__div,0.000468
xgb_gpu_engineered,z2_z_sp500_return_1d__z_btc_rolling_mean_distance_60d__add,0.000464
xgb_gpu_engineered,z2_z_btc_rolling_position_60d__z_btc_return_14d__sub,0.000464
xgb_gpu_engineered,z2_z_btc_rolling_position_30d__z_btc_rsi_30__div,0.000463
xgb_gpu_engineered,z2_z_us5y_bp_chg_7d__z_btc_candle_body_abs_pct__div,0.000463
xgb_gpu_engineered,z2_z_btc_rolling_position_20d__z_btc_rolling_mean_distance_60d__add,0.000462
xgb_gpu_engineered,z2_z_btc_bollinger_width_20d__z_btc_rolling_mean_distance_30d__sub,0.000462
xgb_gpu_engineered,z2_z_btc_rolling_position_7d__z_btc_rolling_mean_distance_30d__mul,0.000461
xgb_gpu_engineered,z2_z_btc_trend_above_sma20__z_btc_volume_diff_7d__div,0.000461
xgb_gpu_engineered,z2_z_btc_bollinger_percent_b_20d__z_btc_volume_z_20d__sub,0.000461
xgb_gpu_engineered,z2_z_btc_rolling_position_14d__z_btc_rolling_position_30d__div,0.00046
xgb_gpu_engineered,z2_z_btc_rolling_position_60d__z_btc_volume_diff_7d__div,0.00046
xgb_gpu_engineered,z2_z_btc_bollinger_percent_b_20d__z_sp500_return_1d__mul,0.000459
xgb_gpu_engineered,z2_z_btc_rolling_mean_distance_60d__z_btc_drawdown_120d__div,0.000459
xgb_gpu_engineered,z2_z_btc_rolling_position_14d__z_btc_trend_above_sma20__mul,0.000459
xgb_gpu_engineered,z2_z_btc_volume_pct_7d__z_btc_return_14d__div,0.000458
xgb_gpu_engineered,z2_z_us5y_bp_chg_7d__z_btc_rolling_mean_distance_60d__div,0.000457
xgb_gpu_engineered,z2_z_btc_rsi_14__z_btc_log_volume__add,0.000457
xgb_gpu_engineered,z2_z_btc_volume_pct_7d__z_btc_bollinger_percent_b_20d__add,0.000456
xgb_gpu_engineered,z2_z_us5y_bp_chg_7d__z_btc_trend_strength_20_50__mul,0.000455
xgb_gpu_engineered,z2_z_btc_rolling_position_14d__z_btc_rsi_7__sub,0.000454
xgb_gpu_engineered,z2_z_gold_return_7d__z_btc_log_volume__mul,0.000452
xgb_gpu_engineered,z2_z_btc_trend_sma50_above_sma200__z_btc_candle_body_pct__sub,0.000451
xgb_gpu_engineered,z2_z_btc_bollinger_lower_distance_20d__z_btc_trend_sma50_above_sma200__add,0.000451
xgb_gpu_engineered,z2_z_btc_bollinger_width_20d__z_btc_trend_strength_20_50__sub,0.00045
xgb_gpu_engineered,z2_z_gold_return_7d__z_btc_rolling_mean_distance_60d__sub,0.000448
xgb_gpu_engineered,z2_z_btc_bollinger_lower_distance_20d__z_nasdaq_return_1d__div,0.000448
xgb_gpu_engineered,z2_z_nasdaq_return_1d__z_us10y_bp_chg_7d__mul,0.000447
xgb_gpu_engineered,z2_z_btc_bollinger_lower_distance_20d__z_btc_candle_body_abs_pct__div,0.000447
xgb_gpu_engineered,z2_z_btc_volume_pct_7d__z_btc_rolling_position_60d__add,0.000447
xgb_gpu_engineered,z2_z_btc_rolling_position_14d__z_btc_rsi_30__mul,0.000446
xgb_gpu_engineered,z2_z_btc_rolling_position_14d__z_btc_rsi_14__div,0.000444
xgb_gpu_engineered,z2_z_btc_bollinger_percent_b_20d__z_btc_trend_sma7_above_sma30__mul,0.000442
xgb_gpu_engineered,z2_z_nasdaq_return_1d__z_gold_return_7d__mul,0.000442
xgb_gpu_engineered,z2_z_btc_rolling_position_60d__z_btc_return_1d__div,0.000441
xgb_gpu_engineered,z2_z_btc_candle_body_pct__z_btc_return_14d__div,0.000439
xgb_gpu_engineered,z2_z_btc_rolling_position_30d__z_btc_bollinger_percent_b_20d__mul,0.000439
xgb_gpu_engineered,z2_z_btc_trend_above_sma50__z_gold_return_7d__sub,0.000439
xgb_gpu_engineered,z2_z_btc_candle_body_pct__z_btc_volume_z_20d__sub,0.000438
xgb_gpu_engineered,z2_z_btc_candle_range_pct__z_btc_volume_diff_7d__add,0.000438
xgb_gpu_engineered,z2_z_btc_volume_pct_7d__z_btc_rsi_14__sub,0.000437
xgb_gpu_engineered,z2_z_btc_trend_above_sma50__z_btc_return_14d__div,0.000436
xgb_gpu_engineered,z2_z_btc_bollinger_width_20d__z_btc_candle_body_abs_pct__mul,0.000436
xgb_gpu_engineered,z2_z_btc_rolling_position_14d__z_nasdaq_return_1d__mul,0.000436
xgb_gpu_engineered,z2_z_btc_trend_sma7_above_sma30__z_btc_return_1d__add,0.000434
xgb_gpu_engineered,z2_z_sp500_return_1d__z_gold_return_7d__add,0.000433
xgb_gpu_engineered,z2_z_btc_trend_above_sma50__z_btc_candle_body_abs_pct__div,0.000432
xgb_gpu_engineered,z2_z_btc_rolling_position_20d__z_btc_volume_pct_7d__div,0.000431
xgb_gpu_engineered,z2_z_btc_bollinger_percent_b_20d__z_btc_rolling_position_60d__add,0.00043
xgb_gpu_engineered,z2_z_btc_volume_pct_7d__z_us5y_bp_chg_7d__div,0.000429
xgb_gpu_engineered,z_sp500_return_30d,0.000428
xgb_gpu_engineered,z2_z_btc_rsi_14__z_btc_candle_body_pct__sub,0.000426
xgb_gpu_engineered,z2_z_btc_trend_above_sma20__z_gold_return_7d__mul,0.000425
xgb_gpu_engineered,z2_z_sp500_return_1d__z_btc_trend_strength_20_50__add,0.000425
xgb_gpu_engineered,z2_z_gold_return_7d__z_btc_trend_sma7_above_sma30__sub,0.000424
xgb_gpu_engineered,z2_z_btc_volume_pct_7d__z_btc_candle_body_pct__mul,0.000424
xgb_gpu_engineered,z2_z_sp500_return_1d__z_btc_candle_body_abs_pct__sub,0.000423
xgb_gpu_engineered,z2_z_btc_rsi_14__z_sp500_return_1d__mul,0.000423
xgb_gpu_engineered,z2_z_btc_rolling_position_20d__z_btc_bollinger_lower_distance_20d__add,0.000422
xgb_gpu_engineered,z2_z_btc_rolling_position_14d__z_btc_bollinger_lower_distance_20d__sub,0.000421
xgb_gpu_engineered,z2_z_btc_rsi_7__z_btc_candle_body_abs_pct__sub,0.000421
xgb_gpu_engineered,z2_z_btc_return_1d__z_btc_trend_strength_20_50__div,0.000419
xgb_gpu_engineered,z_btc_volume_z_7d,0.000418
xgb_gpu_engineered,z2_z_btc_rsi_14__z_gold_return_7d__mul,0.000417
xgb_gpu_engineered,z2_z_btc_bollinger_width_20d__z_btc_trend_strength_20_50__div,0.000414
xgb_gpu_engineered,z2_z_btc_candle_range_pct__z_us10y_bp_chg_7d__div,0.000414
xgb_gpu_engineered,z2_z_btc_bollinger_width_20d__z_btc_trend_strength_50_200__add,0.000413
xgb_gpu_engineered,z2_z_btc_trend_above_sma20__z_btc_candle_range_pct__sub,0.000409
xgb_gpu_engineered,z2_z_btc_return_1d__z_btc_candle_body_pct__add,0.000409
xgb_gpu_engineered,z2_z_btc_rolling_position_20d__z_btc_trend_strength_20_50__add,0.000408
xgb_gpu_engineered,z2_z_btc_trend_above_sma50__z_btc_rolling_position_60d__mul,0.000405
xgb_gpu_engineered,z_nasdaq_return_30d,0.000404
xgb_gpu_engineered,z2_z_btc_volume_z_20d__z_btc_log_volume__mul,0.0004
xgb_gpu_engineered,z2_z_btc_rolling_position_14d__z_btc_candle_body_pct__div,0.0004
xgb_gpu_engineered,z2_z_btc_volume_pct_7d__z_gold_return_7d__sub,0.000396
xgb_gpu_engineered,z2_z_btc_candle_body_pct__z_btc_volume_z_20d__add,0.000395
xgb_gpu_engineered,z2_z_btc_rsi_14__z_gold_return_7d__add,0.000394
xgb_gpu_engineered,z_btc_return_7d,0.000392
xgb_gpu_engineered,z2_z_us5y_bp_chg_7d__z_btc_log_volume__add,0.000391
xgb_gpu_engineered,z2_z_btc_rolling_position_7d__z_btc_candle_body_pct__div,0.000391
xgb_gpu_engineered,z2_z_btc_rsi_7__z_btc_rolling_mean_distance_60d__mul,0.000389
xgb_gpu_engineered,z2_z_btc_rsi_30__z_btc_volume_z_20d__add,0.000389
xgb_gpu_engineered,z2_z_btc_rsi_14__z_btc_drawdown_120d__sub,0.000389
xgb_gpu_engineered,z2_z_btc_volume_diff_7d__z_btc_return_14d__add,0.000389
xgb_gpu_engineered,z2_z_btc_rolling_position_60d__z_gold_return_7d__div,0.000388
xgb_gpu_engineered,z2_z_btc_rsi_7__z_gold_return_7d__sub,0.000383
xgb_gpu_engineered,z2_z_btc_bollinger_width_20d__z_btc_log_volume__mul,0.000379
xgb_gpu_engineered,z2_z_btc_bollinger_lower_distance_20d__z_btc_return_1d__div,0.000379
xgb_gpu_engineered,z2_z_gold_return_7d__z_btc_volume_diff_7d__sub,0.000378
xgb_gpu_engineered,z2_z_btc_bollinger_percent_b_20d__z_btc_trend_sma7_above_sma30__div,0.000376
xgb_gpu_engineered,z2_z_us5y_bp_chg_7d__z_btc_rolling_mean_distance_30d__mul,0.000376
xgb_gpu_engineered,z2_z_btc_rolling_position_14d__z_btc_rolling_position_60d__div,0.000374
xgb_gpu_engineered,z2_z_btc_rolling_position_60d__z_btc_log_volume__div,0.000372
xgb_gpu_engineered,z2_z_btc_candle_body_pct__z_btc_log_volume__div,0.000372
xgb_gpu_engineered,z2_z_btc_rolling_position_30d__z_btc_volume_z_20d__sub,0.000371
xgb_gpu_engineered,z2_z_btc_rolling_position_7d__z_btc_rsi_7__sub,0.000371
xgb_gpu_engineered,z2_z_btc_trend_sma50_above_sma200__z_btc_return_1d__mul,0.000369
xgb_gpu_engineered,z2_z_btc_bollinger_percent_b_20d__z_btc_volume_diff_7d__mul,0.000368
xgb_gpu_engineered,z2_z_btc_bollinger_width_20d__z_btc_rolling_mean_distance_30d__div,0.000367
xgb_gpu_engineered,z2_z_btc_rolling_position_14d__z_btc_return_14d__mul,0.000365
xgb_gpu_engineered,z2_z_sp500_return_1d__z_us10y_bp_chg_7d__mul,0.000365
xgb_gpu_engineered,z2_z_btc_bollinger_width_20d__z_nasdaq_return_1d__sub,0.00036
xgb_gpu_engineered,z2_z_btc_rolling_position_20d__z_btc_rsi_7__sub,0.000357
xgb_gpu_engineered,z2_z_btc_volume_pct_7d__z_btc_bollinger_lower_distance_20d__div,0.000354
xgb_gpu_engineered,z2_z_btc_rolling_position_60d__z_us10y_bp_chg_7d__mul,0.000351
xgb_gpu_engineered,z2_z_btc_rsi_7__z_btc_candle_range_pct__add,0.000349
xgb_gpu_engineered,z2_z_btc_rsi_7__z_btc_rolling_mean_distance_60d__add,0.000349
xgb_gpu_engineered,z2_z_btc_volume_pct_7d__z_us10y_bp_chg_7d__add,0.000348
xgb_gpu_engineered,z2_z_nasdaq_return_1d__z_us10y_bp_chg_7d__div,0.000346
xgb_gpu_engineered,z2_z_sp500_return_1d__z_btc_log_volume__mul,0.000345
xgb_gpu_engineered,z2_z_btc_rolling_position_14d__z_btc_trend_above_sma20__sub,0.000342
xgb_gpu_engineered,z2_z_nasdaq_return_1d__z_us10y_bp_chg_7d__add,0.000335
xgb_gpu_engineered,z2_z_btc_bollinger_percent_b_20d__z_btc_rsi_14__sub,0.000333
xgb_gpu_engineered,z2_z_gold_return_7d__z_btc_return_14d__div,0.000329
xgb_gpu_engineered,z2_z_btc_rolling_position_20d__z_btc_candle_range_pct__div,0.000329
xgb_gpu_engineered,z_btc_rolling_mean_distance_20d,0.000329
xgb_gpu_engineered,z2_z_sp500_return_1d__z_btc_trend_strength_20_50__mul,0.000326
xgb_gpu_engineered,z2_z_btc_volume_pct_7d__z_us10y_bp_chg_7d__mul,0.000319
xgb_gpu_engineered,z2_z_btc_rolling_position_30d__z_us5y_bp_chg_7d__div,0.000318
xgb_gpu_engineered,z2_z_btc_trend_above_sma50__z_us10y_bp_chg_7d__mul,0.000318
xgb_gpu_engineered,z2_z_nasdaq_return_1d__z_btc_candle_range_pct__add,0.000316
xgb_gpu_engineered,z2_z_btc_trend_strength_50_200__z_btc_log_volume__add,0.000315
xgb_gpu_engineered,z2_z_btc_trend_sma7_above_sma30__z_btc_trend_strength_50_200__mul,0.000311
xgb_gpu_engineered,z2_z_btc_candle_body_abs_pct__z_btc_return_14d__add,0.000306
xgb_gpu_engineered,z2_z_nasdaq_return_1d__z_btc_return_1d__mul,0.000304
xgb_gpu_engineered,z2_z_btc_rolling_position_14d__z_btc_bollinger_percent_b_20d__div,0.000303
xgb_gpu_engineered,z2_z_btc_rolling_position_14d__z_us5y_bp_chg_7d__mul,0.000303
xgb_gpu_engineered,z2_z_btc_trend_above_sma50__z_btc_volume_z_20d__sub,0.0003
xgb_gpu_engineered,z2_z_btc_bollinger_lower_distance_20d__z_btc_candle_body_abs_pct__add,0.0003
xgb_gpu_engineered,z2_z_btc_rolling_position_20d__z_sp500_return_1d__add,0.000297
xgb_gpu_engineered,z_btc_rolling_volatility_7d,0.000289
xgb_gpu_engineered,z2_z_btc_bollinger_percent_b_20d__z_btc_trend_strength_20_50__mul,0.000286
xgb_gpu_engineered,z2_z_btc_trend_sma7_above_sma30__z_btc_volume_z_20d__sub,0.000286
xgb_gpu_engineered,z2_z_btc_rolling_position_60d__z_btc_trend_above_sma20__sub,0.000281
xgb_gpu_engineered,z2_z_btc_trend_above_sma50__z_btc_rsi_14__sub,0.000273
xgb_gpu_engineered,z2_z_btc_trend_strength_50_200__z_btc_volume_z_20d__add,0.000272
xgb_gpu_engineered,z2_z_btc_rolling_position_7d__z_btc_return_1d__sub,0.000265
xgb_gpu_engineered,z2_z_btc_bollinger_width_20d__z_btc_trend_sma50_above_sma200__div,0.000262
xgb_gpu_engineered,z2_z_btc_volume_z_20d__z_btc_return_14d__div,0.000261
xgb_gpu_engineered,z2_z_btc_trend_strength_50_200__z_btc_log_volume__div,0.00026
xgb_gpu_engineered,z2_z_sp500_return_1d__z_btc_trend_sma50_above_sma200__mul,0.000254
xgb_gpu_engineered,z2_z_btc_bollinger_width_20d__z_btc_trend_above_sma20__div,0.000252
xgb_gpu_engineered,z2_z_sp500_return_1d__z_btc_volume_z_20d__add,0.000247
xgb_gpu_engineered,z2_z_btc_volume_z_20d__z_btc_log_volume__sub,0.000246
xgb_gpu_engineered,z2_z_btc_rsi_14__z_sp500_return_1d__add,0.000245
xgb_gpu_engineered,z2_z_btc_rolling_position_14d__z_btc_volume_diff_7d__sub,0.000244
xgb_gpu_engineered,z2_z_us5y_bp_chg_7d__z_btc_candle_body_pct__mul,0.000242
xgb_gpu_engineered,z2_z_btc_trend_above_sma50__z_btc_bollinger_percent_b_20d__div,0.000232
xgb_gpu_engineered,z2_z_btc_rolling_position_60d__z_us5y_bp_chg_7d__add,0.000231
xgb_gpu_engineered,z2_z_btc_rolling_mean_distance_60d__z_btc_trend_strength_50_200__mul,0.00023
xgb_gpu_engineered,z2_z_btc_rsi_14__z_btc_rsi_7__div,0.000226
xgb_gpu_engineered,z_btc_rsi_30,0.000212
xgb_gpu_engineered,z2_z_btc_volume_pct_7d__z_btc_candle_range_pct__mul,0.000212
xgb_gpu_engineered,z2_z_btc_return_1d__z_btc_candle_body_abs_pct__mul,0.000212
xgb_gpu_engineered,z2_z_btc_volume_z_20d__z_us10y_bp_chg_7d__add,0.000209
xgb_gpu_engineered,z2_z_btc_trend_above_sma50__z_btc_rolling_mean_distance_60d__div,0.000207
xgb_gpu_engineered,z2_z_btc_rsi_14__z_gold_return_7d__sub,0.000206
xgb_gpu_engineered,z2_z_gold_return_7d__z_btc_volume_z_20d__add,0.000206
xgb_gpu_engineered,z2_z_btc_rolling_position_20d__z_us5y_bp_chg_7d__sub,0.000204
xgb_gpu_engineered,z2_z_btc_bollinger_width_20d__z_btc_rsi_14__mul,0.000201
xgb_gpu_engineered,z2_z_btc_candle_body_pct__z_btc_drawdown_120d__mul,0.000197
xgb_gpu_engineered,z2_z_btc_rolling_position_30d__z_btc_rsi_7__add,0.000193
xgb_gpu_engineered,z2_z_sp500_return_1d__z_nasdaq_return_1d__add,0.000193
xgb_gpu_engineered,z2_z_btc_trend_above_sma50__z_btc_rolling_position_60d__add,0.000182
xgb_gpu_engineered,z2_z_btc_bollinger_percent_b_20d__z_sp500_return_1d__sub,0.000178
xgb_gpu_engineered,z2_z_btc_trend_above_sma50__z_btc_volume_diff_7d__div,0.000175
xgb_gpu_engineered,z2_z_btc_bollinger_percent_b_20d__z_btc_candle_body_abs_pct__mul,0.00017
xgb_gpu_engineered,z2_z_sp500_return_1d__z_btc_volume_diff_7d__sub,0.000169
xgb_gpu_engineered,z2_z_us5y_bp_chg_7d__z_btc_return_1d__add,0.000149
xgb_gpu_engineered,z2_z_btc_trend_above_sma50__z_btc_return_1d__add,0.000144
xgb_gpu_engineered,z2_z_btc_rolling_position_14d__z_btc_rolling_position_60d__sub,0.000137
xgb_gpu_engineered,z2_z_btc_trend_sma50_above_sma200__z_gold_return_7d__add,0.000135
xgb_gpu_engineered,z2_z_btc_bollinger_width_20d__z_btc_volume_pct_7d__sub,0.00013
xgb_gpu_engineered,z2_z_btc_bollinger_percent_b_20d__z_btc_trend_strength_50_200__sub,0.000128
xgb_gpu_engineered,z2_z_btc_rsi_7__z_btc_return_14d__div,0.000122
xgb_gpu_engineered,z2_z_btc_candle_body_pct__z_btc_candle_body_abs_pct__mul,0.000113
xgb_gpu_engineered,z2_z_btc_trend_above_sma50__z_btc_drawdown_120d__mul,0.000112
xgb_gpu_engineered,z2_z_btc_candle_body_pct__z_us10y_bp_chg_7d__div,0.000101
xgb_gpu_engineered,z2_z_btc_rolling_mean_distance_60d__z_btc_volume_z_20d__sub,0.000101
xgb_gpu_engineered,z2_z_btc_rolling_position_30d__z_btc_candle_body_abs_pct__sub,0.0001
xgb_gpu_engineered,z2_z_btc_bollinger_width_20d__z_btc_trend_above_sma50__sub,7.6e-05
xgb_gpu_engineered,z2_z_sp500_return_1d__z_us10y_bp_chg_7d__add,6e-05
xgb_gpu_engineered,z2_z_btc_rolling_position_14d__z_us5y_bp_chg_7d__add,4.7e-05
xgb_gpu_engineered,z2_z_btc_rolling_position_30d__z_btc_drawdown_120d__div,4.3e-05
xgb_gpu_engineered,z2_z_btc_trend_sma7_above_sma30__z_btc_rolling_mean_distance_30d__div,4.1e-05
xgb_gpu_engineered,z2_z_btc_trend_strength_50_200__z_btc_log_volume__sub,3.8e-05
xgb_gpu_engineered,z2_z_btc_volume_pct_7d__z_nasdaq_return_1d__add,3e-05
xgb_gpu_engineered,z2_z_btc_log_volume__z_btc_return_14d__add,2.8e-05
xgb_gpu_engineered,z2_z_btc_rsi_14__z_btc_log_volume__div,2.7e-05
xgb_gpu_engineered,z2_z_btc_rolling_position_30d__z_btc_rolling_position_7d__sub,2.7e-05
xgb_gpu_engineered,z2_z_btc_rsi_7__z_btc_volume_diff_7d__sub,1.1e-05
xgb_gpu_engineered,z2_z_btc_trend_sma7_above_sma30__z_btc_candle_body_abs_pct__add,8e-06
xgb_gpu_engineered,z_btc_return_1d,0.0
xgb_gpu_engineered,z_btc_return_5d,0.0
xgb_gpu_engineered,z_btc_return_14d,0.0
xgb_gpu_engineered,z_btc_return_30d,0.0
xgb_gpu_engineered,z_btc_candle_range_pct,0.0
xgb_gpu_engineered,z_btc_candle_body_pct,0.0
xgb_gpu_engineered,z_btc_candle_body_abs_pct,0.0
xgb_gpu_engineered,z_btc_green_candle_flag,0.0
xgb_gpu_engineered,z_btc_volume_diff_7d,0.0
xgb_gpu_engineered,z_btc_volume_pct_7d,0.0
xgb_gpu_engineered,z_btc_volume_ratio_30d,0.0
xgb_gpu_engineered,z_btc_rolling_mean_distance_7d,0.0
xgb_gpu_engineered,z_btc_rolling_position_7d,0.0
xgb_gpu_engineered,z_btc_rolling_mean_distance_14d,0.0
xgb_gpu_engineered,z_btc_rolling_position_14d,0.0
xgb_gpu_engineered,z_btc_rolling_position_20d,0.0
xgb_gpu_engineered,z_btc_rolling_mean_distance_30d,0.0
xgb_gpu_engineered,z_btc_rolling_position_30d,0.0
xgb_gpu_engineered,z_btc_rolling_volatility_60d,0.0
xgb_gpu_engineered,z_btc_rolling_position_60d,0.0
xgb_gpu_engineered,z_btc_drawdown_30d,0.0
xgb_gpu_engineered,z_btc_drawdown_60d,0.0
xgb_gpu_engineered,z_btc_drawdown_120d,0.0
xgb_gpu_engineered,z_btc_rsi_7,0.0
xgb_gpu_engineered,z_btc_rsi_14,0.0
xgb_gpu_engineered,z_btc_trend_above_sma20,0.0
xgb_gpu_engineered,z_btc_trend_above_sma50,0.0
xgb_gpu_engineered,z_btc_trend_sma7_above_sma30,0.0
xgb_gpu_engineered,z_btc_trend_sma20_above_sma50,0.0
xgb_gpu_engineered,z_btc_trend_sma50_above_sma200,0.0
xgb_gpu_engineered,z_btc_golden_cross_20_50,0.0
xgb_gpu_engineered,z_btc_golden_cross_50_200,0.0
xgb_gpu_engineered,z_btc_death_cross_20_50,0.0
xgb_gpu_engineered,z_btc_bollinger_width_20d,0.0
xgb_gpu_engineered,z_btc_bollinger_percent_b_20d,0.0
xgb_gpu_engineered,z_btc_bollinger_upper_distance_20d,0.0
xgb_gpu_engineered,z_btc_bollinger_lower_distance_20d,0.0
xgb_gpu_engineered,z_sp500_return_1d,0.0
xgb_gpu_engineered,z_nasdaq_return_7d,0.0
xgb_gpu_engineered,z_gold_return_7d,0.0
xgb_gpu_engineered,z_us10y_bp_chg_1d,0.0
xgb_gpu_engineered,z_us10y_bp_chg_7d,0.0
xgb_gpu_engineered,z_us30y_bp_chg_7d,0.0
xgb_gpu_engineered,z2_z_btc_bollinger_width_20d__z_btc_rolling_position_20d__add,0.0
xgb_gpu_engineered,z2_z_btc_bollinger_width_20d__z_btc_volume_pct_7d__add,0.0
xgb_gpu_engineered,z2_z_btc_bollinger_width_20d__z_btc_rolling_position_14d__mul,0.0
xgb_gpu_engineered,z2_z_btc_bollinger_width_20d__z_btc_rolling_position_14d__add,0.0
xgb_gpu_engineered,z2_z_btc_bollinger_width_20d__z_btc_rolling_position_14d__sub,0.0
xgb_gpu_engineered,z2_z_btc_bollinger_width_20d__z_btc_rolling_position_30d__sub,0.0
xgb_gpu_engineered,z2_z_btc_bollinger_width_20d__z_btc_trend_above_sma50__mul,0.0
xgb_gpu_engineered,z2_z_btc_bollinger_width_20d__z_btc_trend_above_sma50__div,0.0
xgb_gpu_engineered,z2_z_btc_bollinger_width_20d__z_btc_bollinger_percent_b_20d__add,0.0
xgb_gpu_engineered,z2_z_btc_bollinger_width_20d__z_btc_bollinger_percent_b_20d__sub,0.0
xgb_gpu_engineered,z2_z_btc_bollinger_width_20d__z_btc_bollinger_lower_distance_20d__add,0.0
xgb_gpu_engineered,z2_z_btc_bollinger_width_20d__z_btc_bollinger_lower_distance_20d__sub,0.0
xgb_gpu_engineered,z2_z_btc_bollinger_width_20d__z_btc_rsi_30__mul,0.0
xgb_gpu_engineered,z2_z_btc_bollinger_width_20d__z_btc_rsi_30__add,0.0
xgb_gpu_engineered,z2_z_btc_bollinger_width_20d__z_btc_rsi_30__sub,0.0
xgb_gpu_engineered,z2_z_btc_bollinger_width_20d__z_btc_rolling_position_7d__add,0.0
xgb_gpu_engineered,z2_z_btc_bollinger_width_20d__z_btc_rolling_position_7d__sub,0.0
xgb_gpu_engineered,z2_z_btc_bollinger_width_20d__z_btc_rolling_position_60d__mul,0.0
xgb_gpu_engineered,z2_z_btc_bollinger_width_20d__z_btc_rolling_position_60d__add,0.0
xgb_gpu_engineered,z2_z_btc_bollinger_width_20d__z_btc_rolling_position_60d__sub,0.0
xgb_gpu_engineered,z2_z_btc_bollinger_width_20d__z_btc_rolling_position_60d__div,0.0
xgb_gpu_engineered,z2_z_btc_bollinger_width_20d__z_sp500_return_1d__sub,0.0
xgb_gpu_engineered,z2_z_btc_bollinger_width_20d__z_btc_trend_above_sma20__sub,0.0
xgb_gpu_engineered,z2_z_btc_bollinger_width_20d__z_btc_rsi_7__add,0.0
xgb_gpu_engineered,z2_z_btc_bollinger_width_20d__z_btc_rsi_7__div,0.0
xgb_gpu_engineered,z2_z_btc_bollinger_width_20d__z_btc_trend_sma50_above_sma200__mul,0.0
xgb_gpu_engineered,z2_z_btc_bollinger_width_20d__z_btc_trend_sma50_above_sma200__sub,0.0
xgb_gpu_engineered,z2_z_btc_bollinger_width_20d__z_btc_candle_range_pct__add,0.0
xgb_gpu_engineered,z2_z_btc_bollinger_width_20d__z_btc_trend_sma7_above_sma30__mul,0.0
xgb_gpu_engineered,z2_z_btc_bollinger_width_20d__z_btc_trend_sma7_above_sma30__div,0.0
xgb_gpu_engineered,z2_z_btc_bollinger_width_20d__z_btc_return_1d__sub,0.0
xgb_gpu_engineered,z2_z_btc_bollinger_width_20d__z_btc_rolling_mean_distance_60d__add,0.0
xgb_gpu_engineered,z2_z_btc_bollinger_width_20d__z_btc_candle_body_pct__add,0.0
xgb_gpu_engineered,z2_z_btc_bollinger_width_20d__z_btc_candle_body_pct__sub,0.0
xgb_gpu_engineered,z2_z_btc_bollinger_width_20d__z_btc_candle_body_abs_pct__sub,0.0
xgb_gpu_engineered,z2_z_btc_bollinger_width_20d__z_btc_trend_strength_50_200__mul,0.0
xgb_gpu_engineered,z2_z_btc_bollinger_width_20d__z_btc_trend_strength_50_200__sub,0.0
xgb_gpu_engineered,z2_z_btc_bollinger_width_20d__z_btc_volume_z_20d__sub,0.0
xgb_gpu_engineered,z2_z_btc_bollinger_width_20d__z_us10y_bp_chg_7d__add,0.0
xgb_gpu_engineered,z2_z_btc_bollinger_width_20d__z_btc_drawdown_120d__mul,0.0
xgb_gpu_engineered,z2_z_btc_bollinger_width_20d__z_btc_drawdown_120d__add,0.0
xgb_gpu_engineered,z2_z_btc_bollinger_width_20d__z_btc_drawdown_120d__sub,0.0
xgb_gpu_engineered,z2_z_btc_bollinger_width_20d__z_btc_log_volume__add,0.0
xgb_gpu_engineered,z2_z_btc_bollinger_width_20d__z_btc_volume_diff_7d__mul,0.0
xgb_gpu_engineered,z2_z_btc_bollinger_width_20d__z_btc_volume_diff_7d__sub,0.0
xgb_gpu_engineered,z2_z_btc_bollinger_width_20d__z_btc_volume_diff_7d__div,0.0
xgb_gpu_engineered,z2_z_btc_bollinger_width_20d__z_btc_trend_strength_20_50__mul,0.0
xgb_gpu_engineered,z2_z_btc_bollinger_width_20d__z_btc_trend_strength_20_50__add,0.0
xgb_gpu_engineered,z2_z_btc_bollinger_width_20d__z_btc_rolling_mean_distance_30d__mul,0.0
xgb_gpu_engineered,z2_z_btc_bollinger_width_20d__z_btc_rolling_mean_distance_30d__add,0.0
xgb_gpu_engineered,z2_z_btc_bollinger_width_20d__z_btc_return_14d__mul,0.0
xgb_gpu_engineered,z2_z_btc_rolling_position_20d__z_btc_volume_pct_7d__mul,0.0
xgb_gpu_engineered,z2_z_btc_rolling_position_20d__z_btc_volume_pct_7d__add,0.0
xgb_gpu_engineered,z2_z_btc_rolling_position_20d__z_btc_volume_pct_7d__sub,0.0
xgb_gpu_engineered,z2_z_btc_rolling_position_20d__z_btc_rolling_position_14d__add,0.0
xgb_gpu_engineered,z2_z_btc_rolling_position_20d__z_btc_rolling_position_14d__sub,0.0
xgb_gpu_engineered,z2_z_btc_rolling_position_20d__z_btc_rolling_position_30d__add,0.0
xgb_gpu_engineered,z2_z_btc_rolling_position_20d__z_btc_trend_above_sma50__mul,0.0
xgb_gpu_engineered,z2_z_btc_rolling_position_20d__z_btc_trend_above_sma50__add,0.0
xgb_gpu_engineered,z2_z_btc_rolling_position_20d__z_btc_trend_above_sma50__sub,0.0
xgb_gpu_engineered,z2_z_btc_rolling_position_20d__z_btc_trend_above_sma50__div,0.0
xgb_gpu_engineered,z2_z_btc_rolling_position_20d__z_btc_bollinger_percent_b_20d__add,0.0
xgb_gpu_engineered,z2_z_btc_rolling_position_20d__z_btc_rsi_30__mul,0.0
xgb_gpu_engineered,z2_z_btc_rolling_position_20d__z_btc_rsi_30__add,0.0
xgb_gpu_engineered,z2_z_btc_rolling_position_20d__z_btc_rsi_30__div,0.0
xgb_gpu_engineered,z2_z_btc_rolling_position_20d__z_btc_rolling_position_7d__add,0.0
xgb_gpu_engineered,z2_z_btc_rolling_position_20d__z_btc_rolling_position_7d__sub,0.0
xgb_gpu_engineered,z2_z_btc_rolling_position_20d__z_btc_rolling_position_60d__add,0.0
xgb_gpu_engineered,z2_z_btc_rolling_position_20d__z_btc_rolling_position_60d__sub,0.0
xgb_gpu_engineered,z2_z_btc_rolling_position_20d__z_btc_rsi_14__add,0.0
xgb_gpu_engineered,z2_z_btc_rolling_position_20d__z_btc_rsi_14__div,0.0
xgb_gpu_engineered,z2_z_btc_rolling_position_20d__z_sp500_return_1d__sub,0.0
xgb_gpu_engineered,z2_z_btc_rolling_position_20d__z_sp500_return_1d__div,0.0
xgb_gpu_engineered,z2_z_btc_rolling_position_20d__z_btc_trend_above_sma20__add,0.0
xgb_gpu_engineered,z2_z_btc_rolling_position_20d__z_btc_trend_above_sma20__div,0.0
xgb_gpu_engineered,z2_z_btc_rolling_position_20d__z_nasdaq_return_1d__mul,0.0
xgb_gpu_engineered,z2_z_btc_rolling_position_20d__z_nasdaq_return_1d__sub,0.0
xgb_gpu_engineered,z2_z_btc_rolling_position_20d__z_btc_rsi_7__mul,0.0
xgb_gpu_engineered,z2_z_btc_rolling_position_20d__z_btc_rsi_7__add,0.0
xgb_gpu_engineered,z2_z_btc_rolling_position_20d__z_btc_trend_sma50_above_sma200__mul,0.0
xgb_gpu_engineered,z2_z_btc_rolling_position_20d__z_btc_trend_sma50_above_sma200__add,0.0
xgb_gpu_engineered,z2_z_btc_rolling_position_20d__z_btc_trend_sma50_above_sma200__sub,0.0
xgb_gpu_engineered,z2_z_btc_rolling_position_20d__z_us5y_bp_chg_7d__mul,0.0
xgb_gpu_engineered,z2_z_btc_rolling_position_20d__z_gold_return_7d__mul,0.0
xgb_gpu_engineered,z2_z_btc_rolling_position_20d__z_gold_return_7d__div,0.0
xgb_gpu_engineered,z2_z_btc_rolling_position_20d__z_btc_candle_range_pct__add,0.0
xgb_gpu_engineered,z2_z_btc_rolling_position_20d__z_btc_trend_sma7_above_sma30__add,0.0
xgb_gpu_engineered,z2_z_btc_rolling_position_20d__z_btc_trend_sma7_above_sma30__sub,0.0
xgb_gpu_engineered,z2_z_btc_rolling_position_20d__z_btc_trend_sma7_above_sma30__div,0.0
xgb_gpu_engineered,z2_z_btc_rolling_position_20d__z_btc_return_1d__add,0.0
xgb_gpu_engineered,z2_z_btc_rolling_position_20d__z_btc_return_1d__sub,0.0
xgb_gpu_engineered,z2_z_btc_rolling_position_20d__z_btc_return_1d__div,0.0
xgb_gpu_engineered,z2_z_btc_rolling_position_20d__z_btc_rolling_mean_distance_60d__mul,0.0
xgb_gpu_engineered,z2_z_btc_rolling_position_20d__z_btc_rolling_mean_distance_60d__sub,0.0
xgb_gpu_engineered,z2_z_btc_rolling_position_20d__z_btc_rolling_mean_distance_60d__div,0.0
xgb_gpu_engineered,z2_z_btc_rolling_position_20d__z_btc_candle_body_pct__add,0.0
xgb_gpu_engineered,z2_z_btc_rolling_position_20d__z_btc_candle_body_pct__sub,0.0
xgb_gpu_engineered,z2_z_btc_rolling_position_20d__z_btc_candle_body_pct__div,0.0
xgb_gpu_engineered,z2_z_btc_rolling_position_20d__z_btc_candle_body_abs_pct__mul,0.0
xgb_gpu_engineered,z2_z_btc_rolling_position_20d__z_btc_candle_body_abs_pct__add,0.0
xgb_gpu_engineered,z2_z_btc_rolling_position_20d__z_btc_candle_body_abs_pct__sub,0.0
xgb_gpu_engineered,z2_z_btc_rolling_position_20d__z_btc_trend_strength_50_200__add,0.0
xgb_gpu_engineered,z2_z_btc_rolling_position_20d__z_btc_trend_strength_50_200__div,0.0
xgb_gpu_engineered,z2_z_btc_rolling_position_20d__z_btc_volume_z_20d__add,0.0
xgb_gpu_engineered,z2_z_btc_rolling_position_20d__z_btc_volume_z_20d__sub,0.0
xgb_gpu_engineered,z2_z_btc_rolling_position_20d__z_us10y_bp_chg_7d__mul,0.0
xgb_gpu_engineered,z2_z_btc_rolling_position_20d__z_btc_drawdown_120d__mul,0.0
xgb_gpu_engineered,z2_z_btc_rolling_position_20d__z_btc_drawdown_120d__sub,0.0
xgb_gpu_engineered,z2_z_btc_rolling_position_20d__z_btc_log_volume__add,0.0
xgb_gpu_engineered,z2_z_btc_rolling_position_20d__z_btc_log_volume__sub,0.0
xgb_gpu_engineered,z2_z_btc_rolling_position_20d__z_btc_log_volume__div,0.0
xgb_gpu_engineered,z2_z_btc_rolling_position_20d__z_btc_volume_diff_7d__sub,0.0
xgb_gpu_engineered,z2_z_btc_rolling_position_20d__z_btc_trend_strength_20_50__sub,0.0
xgb_gpu_engineered,z2_z_btc_rolling_position_20d__z_btc_trend_strength_20_50__div,0.0
xgb_gpu_engineered,z2_z_btc_rolling_position_20d__z_btc_rolling_mean_distance_30d__mul,0.0
xgb_gpu_engineered,z2_z_btc_rolling_position_20d__z_btc_rolling_mean_distance_30d__add,0.0
xgb_gpu_engineered,z2_z_btc_rolling_position_20d__z_btc_return_14d__add,0.0
xgb_gpu_engineered,z2_z_btc_rolling_position_20d__z_btc_return_14d__div,0.0
xgb_gpu_engineered,z2_z_btc_volume_pct_7d__z_btc_rolling_position_14d__sub,0.0
xgb_gpu_engineered,z2_z_btc_volume_pct_7d__z_btc_rolling_position_30d__div,0.0
xgb_gpu_engineered,z2_z_btc_volume_pct_7d__z_btc_trend_above_sma50__mul,0.0
xgb_gpu_engineered,z2_z_btc_volume_pct_7d__z_btc_bollinger_percent_b_20d__sub,0.0
xgb_gpu_engineered,z2_z_btc_volume_pct_7d__z_btc_bollinger_percent_b_20d__div,0.0
xgb_gpu_engineered,z2_z_btc_volume_pct_7d__z_btc_bollinger_lower_distance_20d__add,0.0
xgb_gpu_engineered,z2_z_btc_volume_pct_7d__z_btc_rsi_30__sub,0.0
xgb_gpu_engineered,z2_z_btc_volume_pct_7d__z_btc_rolling_position_7d__add,0.0
xgb_gpu_engineered,z2_z_btc_volume_pct_7d__z_btc_rolling_position_60d__sub,0.0
xgb_gpu_engineered,z2_z_btc_volume_pct_7d__z_sp500_return_1d__sub,0.0
xgb_gpu_engineered,z2_z_btc_volume_pct_7d__z_btc_trend_above_sma20__mul,0.0
xgb_gpu_engineered,z2_z_btc_volume_pct_7d__z_btc_trend_above_sma20__add,0.0
xgb_gpu_engineered,z2_z_btc_volume_pct_7d__z_btc_trend_above_sma20__div,0.0
xgb_gpu_engineered,z2_z_btc_volume_pct_7d__z_btc_rsi_7__mul,0.0
xgb_gpu_engineered,z2_z_btc_volume_pct_7d__z_btc_rsi_7__add,0.0
xgb_gpu_engineered,z2_z_btc_volume_pct_7d__z_btc_trend_sma50_above_sma200__mul,0.0
xgb_gpu_engineered,z2_z_btc_volume_pct_7d__z_btc_trend_sma50_above_sma200__add,0.0
xgb_gpu_engineered,z2_z_btc_volume_pct_7d__z_btc_trend_sma50_above_sma200__sub,0.0
xgb_gpu_engineered,z2_z_btc_volume_pct_7d__z_us5y_bp_chg_7d__sub,0.0
xgb_gpu_engineered,z2_z_btc_volume_pct_7d__z_gold_return_7d__add,0.0
xgb_gpu_engineered,z2_z_btc_volume_pct_7d__z_btc_candle_range_pct__add,0.0
xgb_gpu_engineered,z2_z_btc_volume_pct_7d__z_btc_trend_sma7_above_sma30__sub,0.0
xgb_gpu_engineered,z2_z_btc_volume_pct_7d__z_btc_trend_sma7_above_sma30__div,0.0
xgb_gpu_engineered,z2_z_btc_volume_pct_7d__z_btc_return_1d__add,0.0
xgb_gpu_engineered,z2_z_btc_volume_pct_7d__z_btc_rolling_mean_distance_60d__sub,0.0
xgb_gpu_engineered,z2_z_btc_volume_pct_7d__z_btc_candle_body_abs_pct__mul,0.0
xgb_gpu_engineered,z2_z_btc_volume_pct_7d__z_btc_trend_strength_50_200__sub,0.0
xgb_gpu_engineered,z2_z_btc_volume_pct_7d__z_btc_volume_z_20d__mul,0.0
xgb_gpu_engineered,z2_z_btc_volume_pct_7d__z_btc_volume_z_20d__add,0.0
xgb_gpu_engineered,z2_z_btc_volume_pct_7d__z_us10y_bp_chg_7d__sub,0.0
xgb_gpu_engineered,z2_z_btc_volume_pct_7d__z_btc_drawdown_120d__add,0.0
xgb_gpu_engineered,z2_z_btc_volume_pct_7d__z_btc_drawdown_120d__sub,0.0
xgb_gpu_engineered,z2_z_btc_volume_pct_7d__z_btc_drawdown_120d__div,0.0
xgb_gpu_engineered,z2_z_btc_volume_pct_7d__z_btc_log_volume__mul,0.0
xgb_gpu_engineered,z2_z_btc_volume_pct_7d__z_btc_log_volume__add,0.0
xgb_gpu_engineered,z2_z_btc_volume_pct_7d__z_btc_log_volume__div,0.0
xgb_gpu_engineered,z2_z_btc_volume_pct_7d__z_btc_trend_strength_20_50__mul,0.0
xgb_gpu_engineered,z2_z_btc_volume_pct_7d__z_btc_trend_strength_20_50__add,0.0
xgb_gpu_engineered,z2_z_btc_volume_pct_7d__z_btc_rolling_mean_distance_30d__add,0.0
xgb_gpu_engineered,z2_z_btc_rolling_position_14d__z_btc_rolling_position_30d__mul,0.0
xgb_gpu_engineered,z2_z_btc_rolling_position_14d__z_btc_rolling_position_30d__add,0.0
xgb_gpu_engineered,z2_z_btc_rolling_position_14d__z_btc_rolling_position_30d__sub,0.0
xgb_gpu_engineered,z2_z_btc_rolling_position_14d__z_btc_trend_above_sma50__sub,0.0
xgb_gpu_engineered,z2_z_btc_rolling_position_14d__z_btc_trend_above_sma50__div,0.0
xgb_gpu_engineered,z2_z_btc_rolling_position_14d__z_btc_bollinger_lower_distance_20d__add,0.0
xgb_gpu_engineered,z2_z_btc_rolling_position_14d__z_btc_rsi_30__add,0.0
xgb_gpu_engineered,z2_z_btc_rolling_position_14d__z_btc_rsi_30__sub,0.0
xgb_gpu_engineered,z2_z_btc_rolling_position_14d__z_btc_rsi_30__div,0.0
xgb_gpu_engineered,z2_z_btc_rolling_position_14d__z_btc_rolling_position_7d__add,0.0
xgb_gpu_engineered,z2_z_btc_rolling_position_14d__z_btc_rolling_position_60d__mul,0.0
xgb_gpu_engineered,z2_z_btc_rolling_position_14d__z_btc_rolling_position_60d__add,0.0
xgb_gpu_engineered,z2_z_btc_rolling_position_14d__z_btc_rsi_14__add,0.0
xgb_gpu_engineered,z2_z_btc_rolling_position_14d__z_sp500_return_1d__sub,0.0
xgb_gpu_engineered,z2_z_btc_rolling_position_14d__z_btc_trend_above_sma20__add,0.0
xgb_gpu_engineered,z2_z_btc_rolling_position_14d__z_nasdaq_return_1d__add,0.0
xgb_gpu_engineered,z2_z_btc_rolling_position_14d__z_nasdaq_return_1d__div,0.0
xgb_gpu_engineered,z2_z_btc_rolling_position_14d__z_btc_rsi_7__mul,0.0
xgb_gpu_engineered,z2_z_btc_rolling_position_14d__z_btc_trend_sma50_above_sma200__mul,0.0
xgb_gpu_engineered,z2_z_btc_rolling_position_14d__z_btc_trend_sma50_above_sma200__add,0.0
xgb_gpu_engineered,z2_z_btc_rolling_position_14d__z_btc_trend_sma50_above_sma200__sub,0.0
xgb_gpu_engineered,z2_z_btc_rolling_position_14d__z_btc_trend_sma50_above_sma200__div,0.0
xgb_gpu_engineered,z2_z_btc_rolling_position_14d__z_gold_return_7d__add,0.0
xgb_gpu_engineered,z2_z_btc_rolling_position_14d__z_btc_candle_range_pct__mul,0.0
xgb_gpu_engineered,z2_z_btc_rolling_position_14d__z_btc_candle_range_pct__add,0.0
xgb_gpu_engineered,z2_z_btc_rolling_position_14d__z_btc_candle_range_pct__sub,0.0
xgb_gpu_engineered,z2_z_btc_rolling_position_14d__z_btc_trend_sma7_above_sma30__add,0.0
xgb_gpu_engineered,z2_z_btc_rolling_position_14d__z_btc_trend_sma7_above_sma30__sub,0.0
xgb_gpu_engineered,z2_z_btc_rolling_position_14d__z_btc_trend_sma7_above_sma30__div,0.0
xgb_gpu_engineered,z2_z_btc_rolling_position_14d__z_btc_return_1d__mul,0.0
xgb_gpu_engineered,z2_z_btc_rolling_position_14d__z_btc_return_1d__add,0.0
xgb_gpu_engineered,z2_z_btc_rolling_position_14d__z_btc_return_1d__div,0.0
xgb_gpu_engineered,z2_z_btc_rolling_position_14d__z_btc_rolling_mean_distance_60d__mul,0.0
xgb_gpu_engineered,z2_z_btc_rolling_position_14d__z_btc_rolling_mean_distance_60d__sub,0.0
xgb_gpu_engineered,z2_z_btc_rolling_position_14d__z_btc_candle_body_pct__add,0.0
xgb_gpu_engineered,z2_z_btc_rolling_position_14d__z_btc_candle_body_pct__sub,0.0
xgb_gpu_engineered,z2_z_btc_rolling_position_14d__z_btc_candle_body_abs_pct__add,0.0
xgb_gpu_engineered,z2_z_btc_rolling_position_14d__z_btc_trend_strength_50_200__add,0.0
xgb_gpu_engineered,z2_z_btc_rolling_position_14d__z_btc_trend_strength_50_200__sub,0.0
xgb_gpu_engineered,z2_z_btc_rolling_position_14d__z_btc_trend_strength_50_200__div,0.0
xgb_gpu_engineered,z2_z_btc_rolling_position_14d__z_us10y_bp_chg_7d__add,0.0
xgb_gpu_engineered,z2_z_btc_rolling_position_14d__z_us10y_bp_chg_7d__sub,0.0
xgb_gpu_engineered,z2_z_btc_rolling_position_14d__z_btc_drawdown_120d__sub,0.0
xgb_gpu_engineered,z2_z_btc_rolling_position_14d__z_btc_drawdown_120d__div,0.0
xgb_gpu_engineered,z2_z_btc_rolling_position_14d__z_btc_log_volume__div,0.0
xgb_gpu_engineered,z2_z_btc_rolling_position_14d__z_btc_volume_diff_7d__mul,0.0
xgb_gpu_engineered,z2_z_btc_rolling_position_14d__z_btc_trend_strength_20_50__add,0.0
xgb_gpu_engineered,z2_z_btc_rolling_position_14d__z_btc_trend_strength_20_50__sub,0.0
xgb_gpu_engineered,z2_z_btc_rolling_position_14d__z_btc_rolling_mean_distance_30d__add,0.0
xgb_gpu_engineered,z2_z_btc_rolling_position_14d__z_btc_return_14d__add,0.0
xgb_gpu_engineered,z2_z_btc_rolling_position_30d__z_btc_trend_above_sma50__mul,0.0
xgb_gpu_engineered,z2_z_btc_rolling_position_30d__z_btc_trend_above_sma50__add,0.0
xgb_gpu_engineered,z2_z_btc_rolling_position_30d__z_btc_trend_above_sma50__sub,0.0
xgb_gpu_engineered,z2_z_btc_rolling_position_30d__z_btc_trend_above_sma50__div,0.0
xgb_gpu_engineered,z2_z_btc_rolling_position_30d__z_btc_bollinger_percent_b_20d__add,0.0
xgb_gpu_engineered,z2_z_btc_rolling_position_30d__z_btc_bollinger_percent_b_20d__div,0.0
xgb_gpu_engineered,z2_z_btc_rolling_position_30d__z_btc_bollinger_lower_distance_20d__mul,0.0
xgb_gpu_engineered,z2_z_btc_rolling_position_30d__z_btc_bollinger_lower_distance_20d__add,0.0
xgb_gpu_engineered,z2_z_btc_rolling_position_30d__z_btc_bollinger_lower_distance_20d__sub,0.0
xgb_gpu_engineered,z2_z_btc_rolling_position_30d__z_btc_rsi_30__mul,0.0
xgb_gpu_engineered,z2_z_btc_rolling_position_30d__z_btc_rsi_30__add,0.0
xgb_gpu_engineered,z2_z_btc_rolling_position_30d__z_btc_rolling_position_7d__add,0.0
xgb_gpu_engineered,z2_z_btc_rolling_position_30d__z_btc_rolling_position_60d__mul,0.0
xgb_gpu_engineered,z2_z_btc_rolling_position_30d__z_btc_rolling_position_60d__div,0.0
xgb_gpu_engineered,z2_z_btc_rolling_position_30d__z_btc_rsi_14__sub,0.0
xgb_gpu_engineered,z2_z_btc_rolling_position_30d__z_sp500_return_1d__mul,0.0
xgb_gpu_engineered,z2_z_btc_rolling_position_30d__z_sp500_return_1d__sub,0.0
xgb_gpu_engineered,z2_z_btc_rolling_position_30d__z_btc_trend_above_sma20__mul,0.0
xgb_gpu_engineered,z2_z_btc_rolling_position_30d__z_btc_trend_above_sma20__add,0.0
xgb_gpu_engineered,z2_z_btc_rolling_position_30d__z_btc_trend_above_sma20__sub,0.0
xgb_gpu_engineered,z2_z_btc_rolling_position_30d__z_btc_trend_above_sma20__div,0.0
xgb_gpu_engineered,z2_z_btc_rolling_position_30d__z_nasdaq_return_1d__mul,0.0
xgb_gpu_engineered,z2_z_btc_rolling_position_30d__z_nasdaq_return_1d__add,0.0
xgb_gpu_engineered,z2_z_btc_rolling_position_30d__z_nasdaq_return_1d__sub,0.0
xgb_gpu_engineered,z2_z_btc_rolling_position_30d__z_btc_trend_sma50_above_sma200__mul,0.0
xgb_gpu_engineered,z2_z_btc_rolling_position_30d__z_btc_trend_sma50_above_sma200__add,0.0
xgb_gpu_engineered,z2_z_btc_rolling_position_30d__z_btc_trend_sma50_above_sma200__sub,0.0
xgb_gpu_engineered,z2_z_btc_rolling_position_30d__z_btc_trend_sma50_above_sma200__div,0.0
xgb_gpu_engineered,z2_z_btc_rolling_position_30d__z_us5y_bp_chg_7d__add,0.0
xgb_gpu_engineered,z2_z_btc_rolling_position_30d__z_us5y_bp_chg_7d__sub,0.0
xgb_gpu_engineered,z2_z_btc_rolling_position_30d__z_gold_return_7d__add,0.0
xgb_gpu_engineered,z2_z_btc_rolling_position_30d__z_btc_candle_range_pct__add,0.0
xgb_gpu_engineered,z2_z_btc_rolling_position_30d__z_btc_trend_sma7_above_sma30__add,0.0
xgb_gpu_engineered,z2_z_btc_rolling_position_30d__z_btc_trend_sma7_above_sma30__div,0.0
xgb_gpu_engineered,z2_z_btc_rolling_position_30d__z_btc_return_1d__mul,0.0
xgb_gpu_engineered,z2_z_btc_rolling_position_30d__z_btc_return_1d__add,0.0
xgb_gpu_engineered,z2_z_btc_rolling_position_30d__z_btc_rolling_mean_distance_60d__mul,0.0
xgb_gpu_engineered,z2_z_btc_rolling_position_30d__z_btc_rolling_mean_distance_60d__add,0.0
xgb_gpu_engineered,z2_z_btc_rolling_position_30d__z_btc_rolling_mean_distance_60d__sub,0.0
xgb_gpu_engineered,z2_z_btc_rolling_position_30d__z_btc_candle_body_pct__add,0.0
xgb_gpu_engineered,z2_z_btc_rolling_position_30d__z_btc_candle_body_pct__sub,0.0
xgb_gpu_engineered,z2_z_btc_rolling_position_30d__z_btc_candle_body_abs_pct__mul,0.0
xgb_gpu_engineered,z2_z_btc_rolling_position_30d__z_btc_candle_body_abs_pct__add,0.0
xgb_gpu_engineered,z2_z_btc_rolling_position_30d__z_btc_trend_strength_50_200__add,0.0
xgb_gpu_engineered,z2_z_btc_rolling_position_30d__z_us10y_bp_chg_7d__add,0.0
xgb_gpu_engineered,z2_z_btc_rolling_position_30d__z_us10y_bp_chg_7d__sub,0.0
xgb_gpu_engineered,z2_z_btc_rolling_position_30d__z_us10y_bp_chg_7d__div,0.0
xgb_gpu_engineered,z2_z_btc_rolling_position_30d__z_btc_drawdown_120d__add,0.0
xgb_gpu_engineered,z2_z_btc_rolling_position_30d__z_btc_drawdown_120d__sub,0.0
xgb_gpu_engineered,z2_z_btc_rolling_position_30d__z_btc_log_volume__add,0.0
xgb_gpu_engineered,z2_z_btc_rolling_position_30d__z_btc_log_volume__sub,0.0
xgb_gpu_engineered,z2_z_btc_rolling_position_30d__z_btc_log_volume__div,0.0
xgb_gpu_engineered,z2_z_btc_rolling_position_30d__z_btc_volume_diff_7d__add,0.0
xgb_gpu_engineered,z2_z_btc_rolling_position_30d__z_btc_trend_strength_20_50__mul,0.0
xgb_gpu_engineered,z2_z_btc_rolling_position_30d__z_btc_trend_strength_20_50__add,0.0
xgb_gpu_engineered,z2_z_btc_rolling_position_30d__z_btc_trend_strength_20_50__sub,0.0
xgb_gpu_engineered,z2_z_btc_rolling_position_30d__z_btc_trend_strength_20_50__div,0.0
xgb_gpu_engineered,z2_z_btc_rolling_position_30d__z_btc_rolling_mean_distance_30d__mul,0.0
xgb_gpu_engineered,z2_z_btc_rolling_position_30d__z_btc_rolling_mean_distance_30d__add,0.0
xgb_gpu_engineered,z2_z_btc_rolling_position_30d__z_btc_return_14d__add,0.0
xgb_gpu_engineered,z2_z_btc_rolling_position_30d__z_btc_return_14d__div,0.0
xgb_gpu_engineered,z2_z_btc_trend_above_sma50__z_btc_bollinger_percent_b_20d__mul,0.0
xgb_gpu_engineered,z2_z_btc_trend_above_sma50__z_btc_bollinger_percent_b_20d__add,0.0
xgb_gpu_engineered,z2_z_btc_trend_above_sma50__z_btc_bollinger_percent_b_20d__sub,0.0
xgb_gpu_engineered,z2_z_btc_trend_above_sma50__z_btc_bollinger_lower_distance_20d__mul,0.0
xgb_gpu_engineered,z2_z_btc_trend_above_sma50__z_btc_bollinger_lower_distance_20d__add,0.0
xgb_gpu_engineered,z2_z_btc_trend_above_sma50__z_btc_rsi_30__add,0.0
xgb_gpu_engineered,z2_z_btc_trend_above_sma50__z_btc_rolling_position_7d__mul,0.0
xgb_gpu_engineered,z2_z_btc_trend_above_sma50__z_btc_rolling_position_7d__add,0.0
xgb_gpu_engineered,z2_z_btc_trend_above_sma50__z_btc_rolling_position_7d__sub,0.0
xgb_gpu_engineered,z2_z_btc_trend_above_sma50__z_btc_rolling_position_60d__div,0.0
xgb_gpu_engineered,z2_z_btc_trend_above_sma50__z_btc_rsi_14__add,0.0
xgb_gpu_engineered,z2_z_btc_trend_above_sma50__z_sp500_return_1d__div,0.0
xgb_gpu_engineered,z2_z_btc_trend_above_sma50__z_btc_trend_above_sma20__mul,0.0
xgb_gpu_engineered,z2_z_btc_trend_above_sma50__z_btc_trend_above_sma20__add,0.0
xgb_gpu_engineered,z2_z_btc_trend_above_sma50__z_btc_trend_above_sma20__sub,0.0
xgb_gpu_engineered,z2_z_btc_trend_above_sma50__z_btc_trend_above_sma20__div,0.0
xgb_gpu_engineered,z2_z_btc_trend_above_sma50__z_nasdaq_return_1d__add,0.0
xgb_gpu_engineered,z2_z_btc_trend_above_sma50__z_nasdaq_return_1d__div,0.0
xgb_gpu_engineered,z2_z_btc_trend_above_sma50__z_btc_rsi_7__add,0.0
xgb_gpu_engineered,z2_z_btc_trend_above_sma50__z_btc_rsi_7__sub,0.0
xgb_gpu_engineered,z2_z_btc_trend_above_sma50__z_btc_trend_sma50_above_sma200__mul,0.0
xgb_gpu_engineered,z2_z_btc_trend_above_sma50__z_btc_trend_sma50_above_sma200__add,0.0
xgb_gpu_engineered,z2_z_btc_trend_above_sma50__z_btc_trend_sma50_above_sma200__sub,0.0
xgb_gpu_engineered,z2_z_btc_trend_above_sma50__z_btc_trend_sma50_above_sma200__div,0.0
xgb_gpu_engineered,z2_z_btc_trend_above_sma50__z_us5y_bp_chg_7d__div,0.0
xgb_gpu_engineered,z2_z_btc_trend_above_sma50__z_btc_candle_range_pct__mul,0.0
xgb_gpu_engineered,z2_z_btc_trend_above_sma50__z_btc_candle_range_pct__add,0.0
xgb_gpu_engineered,z2_z_btc_trend_above_sma50__z_btc_candle_range_pct__sub,0.0
xgb_gpu_engineered,z2_z_btc_trend_above_sma50__z_btc_trend_sma7_above_sma30__mul,0.0
xgb_gpu_engineered,z2_z_btc_trend_above_sma50__z_btc_trend_sma7_above_sma30__add,0.0
xgb_gpu_engineered,z2_z_btc_trend_above_sma50__z_btc_trend_sma7_above_sma30__sub,0.0
xgb_gpu_engineered,z2_z_btc_trend_above_sma50__z_btc_trend_sma7_above_sma30__div,0.0
xgb_gpu_engineered,z2_z_btc_trend_above_sma50__z_btc_rolling_mean_distance_60d__mul,0.0
xgb_gpu_engineered,z2_z_btc_trend_above_sma50__z_btc_rolling_mean_distance_60d__add,0.0
xgb_gpu_engineered,z2_z_btc_trend_above_sma50__z_btc_candle_body_pct__add,0.0
xgb_gpu_engineered,z2_z_btc_trend_above_sma50__z_btc_candle_body_pct__sub,0.0
xgb_gpu_engineered,z2_z_btc_trend_above_sma50__z_btc_candle_body_abs_pct__mul,0.0
xgb_gpu_engineered,z2_z_btc_trend_above_sma50__z_btc_candle_body_abs_pct__sub,0.0
xgb_gpu_engineered,z2_z_btc_trend_above_sma50__z_btc_trend_strength_50_200__mul,0.0
xgb_gpu_engineered,z2_z_btc_trend_above_sma50__z_btc_trend_strength_50_200__div,0.0
xgb_gpu_engineered,z2_z_btc_trend_above_sma50__z_btc_volume_z_20d__mul,0.0
xgb_gpu_engineered,z2_z_btc_trend_above_sma50__z_us10y_bp_chg_7d__sub,0.0
xgb_gpu_engineered,z2_z_btc_trend_above_sma50__z_btc_log_volume__mul,0.0
xgb_gpu_engineered,z2_z_btc_trend_above_sma50__z_btc_log_volume__add,0.0
xgb_gpu_engineered,z2_z_btc_trend_above_sma50__z_btc_log_volume__div,0.0
xgb_gpu_engineered,z2_z_btc_trend_above_sma50__z_btc_volume_diff_7d__mul,0.0
xgb_gpu_engineered,z2_z_btc_trend_above_sma50__z_btc_volume_diff_7d__add,0.0
xgb_gpu_engineered,z2_z_btc_trend_above_sma50__z_btc_volume_diff_7d__sub,0.0
xgb_gpu_engineered,z2_z_btc_trend_above_sma50__z_btc_trend_strength_20_50__mul,0.0
xgb_gpu_engineered,z2_z_btc_trend_above_sma50__z_btc_trend_strength_20_50__add,0.0
xgb_gpu_engineered,z2_z_btc_trend_above_sma50__z_btc_rolling_mean_distance_30d__mul,0.0
xgb_gpu_engineered,z2_z_btc_trend_above_sma50__z_btc_rolling_mean_distance_30d__add,0.0
xgb_gpu_engineered,z2_z_btc_trend_above_sma50__z_btc_rolling_mean_distance_30d__div,0.0
xgb_gpu_engineered,z2_z_btc_trend_above_sma50__z_btc_return_14d__mul,0.0
xgb_gpu_engineered,z2_z_btc_trend_above_sma50__z_btc_return_14d__add,0.0
xgb_gpu_engineered,z2_z_btc_bollinger_percent_b_20d__z_btc_bollinger_lower_distance_20d__add,0.0
xgb_gpu_engineered,z2_z_btc_bollinger_percent_b_20d__z_btc_bollinger_lower_distance_20d__sub,0.0
xgb_gpu_engineered,z2_z_btc_bollinger_percent_b_20d__z_btc_rsi_30__add,0.0
xgb_gpu_engineered,z2_z_btc_bollinger_percent_b_20d__z_btc_rsi_30__div,0.0
xgb_gpu_engineered,z2_z_btc_bollinger_percent_b_20d__z_btc_rolling_position_7d__add,0.0
xgb_gpu_engineered,z2_z_btc_bollinger_percent_b_20d__z_btc_rolling_position_60d__sub,0.0
xgb_gpu_engineered,z2_z_btc_bollinger_percent_b_20d__z_sp500_return_1d__add,0.0
xgb_gpu_engineered,z2_z_btc_bollinger_percent_b_20d__z_btc_trend_above_sma20__mul,0.0
xgb_gpu_engineered,z2_z_btc_bollinger_percent_b_20d__z_btc_trend_above_sma20__add,0.0
xgb_gpu_engineered,z2_z_btc_bollinger_percent_b_20d__z_nasdaq_return_1d__mul,0.0
xgb_gpu_engineered,z2_z_btc_bollinger_percent_b_20d__z_nasdaq_return_1d__add,0.0
xgb_gpu_engineered,z2_z_btc_bollinger_percent_b_20d__z_nasdaq_return_1d__sub,0.0
xgb_gpu_engineered,z2_z_btc_bollinger_percent_b_20d__z_nasdaq_return_1d__div,0.0
xgb_gpu_engineered,z2_z_btc_bollinger_percent_b_20d__z_btc_rsi_7__add,0.0
xgb_gpu_engineered,z2_z_btc_bollinger_percent_b_20d__z_btc_trend_sma50_above_sma200__mul,0.0
xgb_gpu_engineered,z2_z_btc_bollinger_percent_b_20d__z_btc_trend_sma50_above_sma200__add,0.0
xgb_gpu_engineered,z2_z_btc_bollinger_percent_b_20d__z_btc_trend_sma50_above_sma200__sub,0.0
xgb_gpu_engineered,z2_z_btc_bollinger_percent_b_20d__z_btc_trend_sma50_above_sma200__div,0.0
xgb_gpu_engineered,z2_z_btc_bollinger_percent_b_20d__z_us5y_bp_chg_7d__mul,0.0
xgb_gpu_engineered,z2_z_btc_bollinger_percent_b_20d__z_us5y_bp_chg_7d__sub,0.0
xgb_gpu_engineered,z2_z_btc_bollinger_percent_b_20d__z_gold_return_7d__sub,0.0
xgb_gpu_engineered,z2_z_btc_bollinger_percent_b_20d__z_btc_candle_range_pct__mul,0.0
xgb_gpu_engineered,z2_z_btc_bollinger_percent_b_20d__z_btc_candle_range_pct__add,0.0
xgb_gpu_engineered,z2_z_btc_bollinger_percent_b_20d__z_btc_candle_range_pct__sub,0.0
xgb_gpu_engineered,z2_z_btc_bollinger_percent_b_20d__z_btc_return_1d__sub,0.0
xgb_gpu_engineered,z2_z_btc_bollinger_percent_b_20d__z_btc_rolling_mean_distance_60d__mul,0.0
xgb_gpu_engineered,z2_z_btc_bollinger_percent_b_20d__z_btc_rolling_mean_distance_60d__add,0.0
xgb_gpu_engineered,z2_z_btc_bollinger_percent_b_20d__z_btc_candle_body_pct__mul,0.0
xgb_gpu_engineered,z2_z_btc_bollinger_percent_b_20d__z_btc_candle_body_pct__add,0.0
xgb_gpu_engineered,z2_z_btc_bollinger_percent_b_20d__z_btc_candle_body_pct__sub,0.0
xgb_gpu_engineered,z2_z_btc_bollinger_percent_b_20d__z_btc_candle_body_abs_pct__div,0.0
xgb_gpu_engineered,z2_z_btc_bollinger_percent_b_20d__z_btc_trend_strength_50_200__mul,0.0
xgb_gpu_engineered,z2_z_btc_bollinger_percent_b_20d__z_btc_volume_z_20d__add,0.0
xgb_gpu_engineered,z2_z_btc_bollinger_percent_b_20d__z_us10y_bp_chg_7d__mul,0.0
xgb_gpu_engineered,z2_z_btc_bollinger_percent_b_20d__z_us10y_bp_chg_7d__sub,0.0
xgb_gpu_engineered,z2_z_btc_bollinger_percent_b_20d__z_btc_drawdown_120d__add,0.0
xgb_gpu_engineered,z2_z_btc_bollinger_percent_b_20d__z_btc_drawdown_120d__sub,0.0
xgb_gpu_engineered,z2_z_btc_bollinger_percent_b_20d__z_btc_drawdown_120d__div,0.0
xgb_gpu_engineered,z2_z_btc_bollinger_percent_b_20d__z_btc_log_volume__add,0.0
xgb_gpu_engineered,z2_z_btc_bollinger_percent_b_20d__z_btc_log_volume__sub,0.0
xgb_gpu_engineered,z2_z_btc_bollinger_percent_b_20d__z_btc_log_volume__div,0.0
xgb_gpu_engineered,z2_z_btc_bollinger_percent_b_20d__z_btc_volume_diff_7d__sub,0.0
xgb_gpu_engineered,z2_z_btc_bollinger_percent_b_20d__z_btc_trend_strength_20_50__add,0.0
xgb_gpu_engineered,z2_z_btc_bollinger_percent_b_20d__z_btc_rolling_mean_distance_30d__mul,0.0
xgb_gpu_engineered,z2_z_btc_bollinger_percent_b_20d__z_btc_rolling_mean_distance_30d__add,0.0
xgb_gpu_engineered,z2_z_btc_bollinger_percent_b_20d__z_btc_rolling_mean_distance_30d__div,0.0
xgb_gpu_engineered,z2_z_btc_bollinger_percent_b_20d__z_btc_return_14d__mul,0.0
xgb_gpu_engineered,z2_z_btc_bollinger_percent_b_20d__z_btc_return_14d__add,0.0
xgb_gpu_engineered,z2_z_btc_bollinger_lower_distance_20d__z_btc_rsi_30__add,0.0
xgb_gpu_engineered,z2_z_btc_bollinger_lower_distance_20d__z_btc_rolling_position_7d__mul,0.0
xgb_gpu_engineered,z2_z_btc_bollinger_lower_distance_20d__z_btc_rolling_position_7d__add,0.0
xgb_gpu_engineered,z2_z_btc_bollinger_lower_distance_20d__z_btc_rolling_position_60d__mul,0.0
xgb_gpu_engineered,z2_z_btc_bollinger_lower_distance_20d__z_btc_rolling_position_60d__add,0.0
xgb_gpu_engineered,z2_z_btc_bollinger_lower_distance_20d__z_btc_rolling_position_60d__sub,0.0
xgb_gpu_engineered,z2_z_btc_bollinger_lower_distance_20d__z_btc_rsi_14__mul,0.0
xgb_gpu_engineered,z2_z_btc_bollinger_lower_distance_20d__z_btc_rsi_14__add,0.0
xgb_gpu_engineered,z2_z_btc_bollinger_lower_distance_20d__z_sp500_return_1d__mul,0.0
xgb_gpu_engineered,z2_z_btc_bollinger_lower_distance_20d__z_sp500_return_1d__add,0.0
xgb_gpu_engineered,z2_z_btc_bollinger_lower_distance_20d__z_btc_trend_above_sma20__mul,0.0
xgb_gpu_engineered,z2_z_btc_bollinger_lower_distance_20d__z_btc_trend_above_sma20__add,0.0
xgb_gpu_engineered,z2_z_btc_bollinger_lower_distance_20d__z_nasdaq_return_1d__mul,0.0
xgb_gpu_engineered,z2_z_btc_bollinger_lower_distance_20d__z_nasdaq_return_1d__add,0.0
xgb_gpu_engineered,z2_z_btc_bollinger_lower_distance_20d__z_nasdaq_return_1d__sub,0.0
xgb_gpu_engineered,z2_z_btc_bollinger_lower_distance_20d__z_btc_rsi_7__mul,0.0
xgb_gpu_engineered,z2_z_btc_bollinger_lower_distance_20d__z_btc_rsi_7__add,0.0
xgb_gpu_engineered,z2_z_btc_bollinger_lower_distance_20d__z_btc_rsi_7__sub,0.0
xgb_gpu_engineered,z2_z_btc_bollinger_lower_distance_20d__z_btc_trend_sma50_above_sma200__mul,0.0
xgb_gpu_engineered,z2_z_btc_bollinger_lower_distance_20d__z_btc_trend_sma50_above_sma200__sub,0.0
xgb_gpu_engineered,z2_z_btc_bollinger_lower_distance_20d__z_btc_trend_sma50_above_sma200__div,0.0
xgb_gpu_engineered,z2_z_btc_bollinger_lower_distance_20d__z_us5y_bp_chg_7d__mul,0.0
xgb_gpu_engineered,z2_z_btc_bollinger_lower_distance_20d__z_us5y_bp_chg_7d__add,0.0
xgb_gpu_engineered,z2_z_btc_bollinger_lower_distance_20d__z_us5y_bp_chg_7d__sub,0.0
xgb_gpu_engineered,z2_z_btc_bollinger_lower_distance_20d__z_us5y_bp_chg_7d__div,0.0
xgb_gpu_engineered,z2_z_btc_bollinger_lower_distance_20d__z_btc_candle_range_pct__add,0.0
xgb_gpu_engineered,z2_z_btc_bollinger_lower_distance_20d__z_btc_candle_range_pct__sub,0.0
xgb_gpu_engineered,z2_z_btc_bollinger_lower_distance_20d__z_btc_trend_sma7_above_sma30__add,0.0
xgb_gpu_engineered,z2_z_btc_bollinger_lower_distance_20d__z_btc_trend_sma7_above_sma30__sub,0.0
xgb_gpu_engineered,z2_z_btc_bollinger_lower_distance_20d__z_btc_return_1d__add,0.0
xgb_gpu_engineered,z2_z_btc_bollinger_lower_distance_20d__z_btc_rolling_mean_distance_60d__mul,0.0
xgb_gpu_engineered,z2_z_btc_bollinger_lower_distance_20d__z_btc_rolling_mean_distance_60d__add,0.0
xgb_gpu_engineered,z2_z_btc_bollinger_lower_distance_20d__z_btc_rolling_mean_distance_60d__sub,0.0
xgb_gpu_engineered,z2_z_btc_bollinger_lower_distance_20d__z_btc_rolling_mean_distance_60d__div,0.0
xgb_gpu_engineered,z2_z_btc_bollinger_lower_distance_20d__z_btc_candle_body_pct__add,0.0
xgb_gpu_engineered,z2_z_btc_bollinger_lower_distance_20d__z_btc_candle_body_pct__sub,0.0
xgb_gpu_engineered,z2_z_btc_bollinger_lower_distance_20d__z_btc_candle_body_abs_pct__sub,0.0
xgb_gpu_engineered,z2_z_btc_bollinger_lower_distance_20d__z_btc_trend_strength_50_200__mul,0.0
xgb_gpu_engineered,z2_z_btc_bollinger_lower_distance_20d__z_btc_trend_strength_50_200__add,0.0
xgb_gpu_engineered,z2_z_btc_bollinger_lower_distance_20d__z_btc_trend_strength_50_200__div,0.0
xgb_gpu_engineered,z2_z_btc_bollinger_lower_distance_20d__z_btc_volume_z_20d__mul,0.0
xgb_gpu_engineered,z2_z_btc_bollinger_lower_distance_20d__z_us10y_bp_chg_7d__add,0.0
xgb_gpu_engineered,z2_z_btc_bollinger_lower_distance_20d__z_us10y_bp_chg_7d__div,0.0
xgb_gpu_engineered,z2_z_btc_bollinger_lower_distance_20d__z_btc_drawdown_120d__mul,0.0
xgb_gpu_engineered,z2_z_btc_bollinger_lower_distance_20d__z_btc_drawdown_120d__add,0.0
xgb_gpu_engineered,z2_z_btc_bollinger_lower_distance_20d__z_btc_drawdown_120d__sub,0.0
xgb_gpu_engineered,z2_z_btc_bollinger_lower_distance_20d__z_btc_log_volume__mul,0.0
xgb_gpu_engineered,z2_z_btc_bollinger_lower_distance_20d__z_btc_log_volume__add,0.0
xgb_gpu_engineered,z2_z_btc_bollinger_lower_distance_20d__z_btc_log_volume__sub,0.0
xgb_gpu_engineered,z2_z_btc_bollinger_lower_distance_20d__z_btc_log_volume__div,0.0
xgb_gpu_engineered,z2_z_btc_bollinger_lower_distance_20d__z_btc_volume_diff_7d__mul,0.0
xgb_gpu_engineered,z2_z_btc_bollinger_lower_distance_20d__z_btc_volume_diff_7d__add,0.0
xgb_gpu_engineered,z2_z_btc_bollinger_lower_distance_20d__z_btc_trend_strength_20_50__mul,0.0
xgb_gpu_engineered,z2_z_btc_bollinger_lower_distance_20d__z_btc_trend_strength_20_50__add,0.0
xgb_gpu_engineered,z2_z_btc_bollinger_lower_distance_20d__z_btc_rolling_mean_distance_30d__mul,0.0
xgb_gpu_engineered,z2_z_btc_bollinger_lower_distance_20d__z_btc_rolling_mean_distance_30d__add,0.0
xgb_gpu_engineered,z2_z_btc_bollinger_lower_distance_20d__z_btc_rolling_mean_distance_30d__sub,0.0
xgb_gpu_engineered,z2_z_btc_bollinger_lower_distance_20d__z_btc_return_14d__mul,0.0
xgb_gpu_engineered,z2_z_btc_bollinger_lower_distance_20d__z_btc_return_14d__add,0.0
xgb_gpu_engineered,z2_z_btc_rsi_30__z_btc_rolling_position_7d__mul,0.0
xgb_gpu_engineered,z2_z_btc_rsi_30__z_btc_rolling_position_7d__add,0.0
xgb_gpu_engineered,z2_z_btc_rsi_30__z_btc_rolling_position_60d__add,0.0
xgb_gpu_engineered,z2_z_btc_rsi_30__z_btc_rsi_14__mul,0.0
xgb_gpu_engineered,z2_z_btc_rsi_30__z_btc_rsi_14__div,0.0
xgb_gpu_engineered,z2_z_btc_rsi_30__z_sp500_return_1d__add,0.0
xgb_gpu_engineered,z2_z_btc_rsi_30__z_btc_trend_above_sma20__mul,0.0
xgb_gpu_engineered,z2_z_btc_rsi_30__z_btc_trend_above_sma20__add,0.0
xgb_gpu_engineered,z2_z_btc_rsi_30__z_btc_trend_above_sma20__sub,0.0
xgb_gpu_engineered,z2_z_btc_rsi_30__z_btc_trend_above_sma20__div,0.0
xgb_gpu_engineered,z2_z_btc_rsi_30__z_nasdaq_return_1d__sub,0.0
xgb_gpu_engineered,z2_z_btc_rsi_30__z_btc_rsi_7__mul,0.0
xgb_gpu_engineered,z2_z_btc_rsi_30__z_btc_rsi_7__add,0.0
xgb_gpu_engineered,z2_z_btc_rsi_30__z_btc_trend_sma50_above_sma200__add,0.0
xgb_gpu_engineered,z2_z_btc_rsi_30__z_btc_trend_sma50_above_sma200__sub,0.0
xgb_gpu_engineered,z2_z_btc_rsi_30__z_btc_trend_sma50_above_sma200__div,0.0
xgb_gpu_engineered,z2_z_btc_rsi_30__z_us5y_bp_chg_7d__sub,0.0
xgb_gpu_engineered,z2_z_btc_rsi_30__z_gold_return_7d__mul,0.0
xgb_gpu_engineered,z2_z_btc_rsi_30__z_gold_return_7d__sub,0.0
xgb_gpu_engineered,z2_z_btc_rsi_30__z_btc_candle_range_pct__mul,0.0
xgb_gpu_engineered,z2_z_btc_rsi_30__z_btc_candle_range_pct__add,0.0
xgb_gpu_engineered,z2_z_btc_rsi_30__z_btc_candle_range_pct__sub,0.0
xgb_gpu_engineered,z2_z_btc_rsi_30__z_btc_trend_sma7_above_sma30__add,0.0
xgb_gpu_engineered,z2_z_btc_rsi_30__z_btc_trend_sma7_above_sma30__div,0.0
xgb_gpu_engineered,z2_z_btc_rsi_30__z_btc_return_1d__add,0.0
xgb_gpu_engineered,z2_z_btc_rsi_30__z_btc_rolling_mean_distance_60d__add,0.0
xgb_gpu_engineered,z2_z_btc_rsi_30__z_btc_rolling_mean_distance_60d__sub,0.0
xgb_gpu_engineered,z2_z_btc_rsi_30__z_btc_candle_body_pct__mul,0.0
xgb_gpu_engineered,z2_z_btc_rsi_30__z_btc_candle_body_pct__add,0.0
xgb_gpu_engineered,z2_z_btc_rsi_30__z_btc_candle_body_pct__sub,0.0
xgb_gpu_engineered,z2_z_btc_rsi_30__z_btc_trend_strength_50_200__add,0.0
xgb_gpu_engineered,z2_z_btc_rsi_30__z_btc_trend_strength_50_200__div,0.0
xgb_gpu_engineered,z2_z_btc_rsi_30__z_btc_volume_z_20d__mul,0.0
xgb_gpu_engineered,z2_z_btc_rsi_30__z_btc_volume_z_20d__sub,0.0
xgb_gpu_engineered,z2_z_btc_rsi_30__z_us10y_bp_chg_7d__mul,0.0
xgb_gpu_engineered,z2_z_btc_rsi_30__z_us10y_bp_chg_7d__add,0.0
xgb_gpu_engineered,z2_z_btc_rsi_30__z_us10y_bp_chg_7d__sub,0.0
xgb_gpu_engineered,z2_z_btc_rsi_30__z_us10y_bp_chg_7d__div,0.0
xgb_gpu_engineered,z2_z_btc_rsi_30__z_btc_drawdown_120d__mul,0.0
xgb_gpu_engineered,z2_z_btc_rsi_30__z_btc_drawdown_120d__add,0.0
xgb_gpu_engineered,z2_z_btc_rsi_30__z_btc_volume_diff_7d__mul,0.0
xgb_gpu_engineered,z2_z_btc_rsi_30__z_btc_volume_diff_7d__add,0.0
xgb_gpu_engineered,z2_z_btc_rsi_30__z_btc_volume_diff_7d__sub,0.0
xgb_gpu_engineered,z2_z_btc_rsi_30__z_btc_volume_diff_7d__div,0.0
xgb_gpu_engineered,z2_z_btc_rsi_30__z_btc_trend_strength_20_50__sub,0.0
xgb_gpu_engineered,z2_z_btc_rsi_30__z_btc_rolling_mean_distance_30d__mul,0.0
xgb_gpu_engineered,z2_z_btc_rsi_30__z_btc_rolling_mean_distance_30d__add,0.0
xgb_gpu_engineered,z2_z_btc_rsi_30__z_btc_rolling_mean_distance_30d__div,0.0
xgb_gpu_engineered,z2_z_btc_rsi_30__z_btc_return_14d__mul,0.0
xgb_gpu_engineered,z2_z_btc_rsi_30__z_btc_return_14d__add,0.0
xgb_gpu_engineered,z2_z_btc_rolling_position_7d__z_btc_rolling_position_60d__add,0.0
xgb_gpu_engineered,z2_z_btc_rolling_position_7d__z_btc_rsi_14__add,0.0
xgb_gpu_engineered,z2_z_btc_rolling_position_7d__z_btc_trend_above_sma20__mul,0.0
xgb_gpu_engineered,z2_z_btc_rolling_position_7d__z_btc_trend_above_sma20__add,0.0
xgb_gpu_engineered,z2_z_btc_rolling_position_7d__z_btc_trend_above_sma20__sub,0.0
xgb_gpu_engineered,z2_z_btc_rolling_position_7d__z_btc_trend_above_sma20__div,0.0
xgb_gpu_engineered,z2_z_btc_rolling_position_7d__z_nasdaq_return_1d__mul,0.0
xgb_gpu_engineered,z2_z_btc_rolling_position_7d__z_nasdaq_return_1d__sub,0.0
xgb_gpu_engineered,z2_z_btc_rolling_position_7d__z_nasdaq_return_1d__div,0.0
xgb_gpu_engineered,z2_z_btc_rolling_position_7d__z_btc_rsi_7__add,0.0
xgb_gpu_engineered,z2_z_btc_rolling_position_7d__z_btc_trend_sma50_above_sma200__mul,0.0
xgb_gpu_engineered,z2_z_btc_rolling_position_7d__z_btc_trend_sma50_above_sma200__add,0.0
xgb_gpu_engineered,z2_z_btc_rolling_position_7d__z_btc_trend_sma50_above_sma200__sub,0.0
xgb_gpu_engineered,z2_z_btc_rolling_position_7d__z_btc_trend_sma50_above_sma200__div,0.0
xgb_gpu_engineered,z2_z_btc_rolling_position_7d__z_us5y_bp_chg_7d__sub,0.0
xgb_gpu_engineered,z2_z_btc_rolling_position_7d__z_gold_return_7d__sub,0.0
xgb_gpu_engineered,z2_z_btc_rolling_position_7d__z_gold_return_7d__div,0.0
xgb_gpu_engineered,z2_z_btc_rolling_position_7d__z_btc_candle_range_pct__mul,0.0
xgb_gpu_engineered,z2_z_btc_rolling_position_7d__z_btc_candle_range_pct__add,0.0
xgb_gpu_engineered,z2_z_btc_rolling_position_7d__z_btc_trend_sma7_above_sma30__mul,0.0
xgb_gpu_engineered,z2_z_btc_rolling_position_7d__z_btc_trend_sma7_above_sma30__add,0.0
xgb_gpu_engineered,z2_z_btc_rolling_position_7d__z_btc_trend_sma7_above_sma30__sub,0.0
xgb_gpu_engineered,z2_z_btc_rolling_position_7d__z_btc_return_1d__mul,0.0
xgb_gpu_engineered,z2_z_btc_rolling_position_7d__z_btc_return_1d__add,0.0
xgb_gpu_engineered,z2_z_btc_rolling_position_7d__z_btc_rolling_mean_distance_60d__mul,0.0
xgb_gpu_engineered,z2_z_btc_rolling_position_7d__z_btc_rolling_mean_distance_60d__add,0.0
xgb_gpu_engineered,z2_z_btc_rolling_position_7d__z_btc_rolling_mean_distance_60d__div,0.0
xgb_gpu_engineered,z2_z_btc_rolling_position_7d__z_btc_candle_body_pct__add,0.0
xgb_gpu_engineered,z2_z_btc_rolling_position_7d__z_btc_candle_body_pct__sub,0.0
xgb_gpu_engineered,z2_z_btc_rolling_position_7d__z_btc_candle_body_abs_pct__add,0.0
xgb_gpu_engineered,z2_z_btc_rolling_position_7d__z_btc_trend_strength_50_200__mul,0.0
xgb_gpu_engineered,z2_z_btc_rolling_position_7d__z_btc_trend_strength_50_200__add,0.0
xgb_gpu_engineered,z2_z_btc_rolling_position_7d__z_btc_trend_strength_50_200__sub,0.0
xgb_gpu_engineered,z2_z_btc_rolling_position_7d__z_btc_volume_z_20d__mul,0.0
xgb_gpu_engineered,z2_z_btc_rolling_position_7d__z_btc_volume_z_20d__add,0.0
xgb_gpu_engineered,z2_z_btc_rolling_position_7d__z_btc_volume_z_20d__sub,0.0
xgb_gpu_engineered,z2_z_btc_rolling_position_7d__z_btc_volume_z_20d__div,0.0
xgb_gpu_engineered,z2_z_btc_rolling_position_7d__z_us10y_bp_chg_7d__div,0.0
xgb_gpu_engineered,z2_z_btc_rolling_position_7d__z_btc_drawdown_120d__mul,0.0
xgb_gpu_engineered,z2_z_btc_rolling_position_7d__z_btc_drawdown_120d__sub,0.0
xgb_gpu_engineered,z2_z_btc_rolling_position_7d__z_btc_drawdown_120d__div,0.0
xgb_gpu_engineered,z2_z_btc_rolling_position_7d__z_btc_log_volume__add,0.0
xgb_gpu_engineered,z2_z_btc_rolling_position_7d__z_btc_volume_diff_7d__mul,0.0
xgb_gpu_engineered,z2_z_btc_rolling_position_7d__z_btc_trend_strength_20_50__add,0.0
xgb_gpu_engineered,z2_z_btc_rolling_position_7d__z_btc_trend_strength_20_50__sub,0.0
xgb_gpu_engineered,z2_z_btc_rolling_position_7d__z_btc_rolling_mean_distance_30d__add,0.0
xgb_gpu_engineered,z2_z_btc_rolling_position_7d__z_btc_return_14d__add,0.0
xgb_gpu_engineered,z2_z_btc_rolling_position_60d__z_btc_rsi_14__mul,0.0
xgb_gpu_engineered,z2_z_btc_rolling_position_60d__z_btc_rsi_14__add,0.0
xgb_gpu_engineered,z2_z_btc_rolling_position_60d__z_btc_rsi_14__sub,0.0
xgb_gpu_engineered,z2_z_btc_rolling_position_60d__z_sp500_return_1d__add,0.0
xgb_gpu_engineered,z2_z_btc_rolling_position_60d__z_sp500_return_1d__sub,0.0
xgb_gpu_engineered,z2_z_btc_rolling_position_60d__z_btc_trend_above_sma20__add,0.0
xgb_gpu_engineered,z2_z_btc_rolling_position_60d__z_btc_trend_above_sma20__div,0.0
xgb_gpu_engineered,z2_z_btc_rolling_position_60d__z_btc_rsi_7__add,0.0
xgb_gpu_engineered,z2_z_btc_rolling_position_60d__z_btc_trend_sma50_above_sma200__mul,0.0
xgb_gpu_engineered,z2_z_btc_rolling_position_60d__z_btc_trend_sma50_above_sma200__add,0.0
xgb_gpu_engineered,z2_z_btc_rolling_position_60d__z_btc_trend_sma50_above_sma200__sub,0.0
xgb_gpu_engineered,z2_z_btc_rolling_position_60d__z_btc_trend_sma50_above_sma200__div,0.0
xgb_gpu_engineered,z2_z_btc_rolling_position_60d__z_us5y_bp_chg_7d__sub,0.0
xgb_gpu_engineered,z2_z_btc_rolling_position_60d__z_btc_candle_range_pct__mul,0.0
xgb_gpu_engineered,z2_z_btc_rolling_position_60d__z_btc_candle_range_pct__add,0.0
xgb_gpu_engineered,z2_z_btc_rolling_position_60d__z_btc_candle_range_pct__sub,0.0
xgb_gpu_engineered,z2_z_btc_rolling_position_60d__z_btc_candle_range_pct__div,0.0
xgb_gpu_engineered,z2_z_btc_rolling_position_60d__z_btc_trend_sma7_above_sma30__add,0.0
xgb_gpu_engineered,z2_z_btc_rolling_position_60d__z_btc_trend_sma7_above_sma30__div,0.0
xgb_gpu_engineered,z2_z_btc_rolling_position_60d__z_btc_return_1d__mul,0.0
xgb_gpu_engineered,z2_z_btc_rolling_position_60d__z_btc_return_1d__add,0.0
xgb_gpu_engineered,z2_z_btc_rolling_position_60d__z_btc_rolling_mean_distance_60d__add,0.0
xgb_gpu_engineered,z2_z_btc_rolling_position_60d__z_btc_candle_body_pct__mul,0.0
xgb_gpu_engineered,z2_z_btc_rolling_position_60d__z_btc_candle_body_pct__sub,0.0
xgb_gpu_engineered,z2_z_btc_rolling_position_60d__z_btc_candle_body_abs_pct__add,0.0
xgb_gpu_engineered,z2_z_btc_rolling_position_60d__z_btc_candle_body_abs_pct__sub,0.0
xgb_gpu_engineered,z2_z_btc_rolling_position_60d__z_btc_trend_strength_50_200__mul,0.0
xgb_gpu_engineered,z2_z_btc_rolling_position_60d__z_btc_trend_strength_50_200__add,0.0
xgb_gpu_engineered,z2_z_btc_rolling_position_60d__z_btc_trend_strength_50_200__sub,0.0
xgb_gpu_engineered,z2_z_btc_rolling_position_60d__z_us10y_bp_chg_7d__add,0.0
xgb_gpu_engineered,z2_z_btc_rolling_position_60d__z_btc_drawdown_120d__add,0.0
xgb_gpu_engineered,z2_z_btc_rolling_position_60d__z_btc_drawdown_120d__sub,0.0
xgb_gpu_engineered,z2_z_btc_rolling_position_60d__z_btc_log_volume__sub,0.0
xgb_gpu_engineered,z2_z_btc_rolling_position_60d__z_btc_volume_diff_7d__add,0.0
xgb_gpu_engineered,z2_z_btc_rolling_position_60d__z_btc_trend_strength_20_50__add,0.0
xgb_gpu_engineered,z2_z_btc_rolling_position_60d__z_btc_rolling_mean_distance_30d__add,0.0
xgb_gpu_engineered,z2_z_btc_rolling_position_60d__z_btc_rolling_mean_distance_30d__div,0.0
xgb_gpu_engineered,z2_z_btc_rolling_position_60d__z_btc_return_14d__div,0.0
xgb_gpu_engineered,z2_z_btc_rsi_14__z_btc_trend_above_sma20__mul,0.0
xgb_gpu_engineered,z2_z_btc_rsi_14__z_btc_trend_above_sma20__add,0.0
xgb_gpu_engineered,z2_z_btc_rsi_14__z_btc_trend_above_sma20__sub,0.0
xgb_gpu_engineered,z2_z_btc_rsi_14__z_nasdaq_return_1d__sub,0.0
xgb_gpu_engineered,z2_z_btc_rsi_14__z_btc_rsi_7__mul,0.0
xgb_gpu_engineered,z2_z_btc_rsi_14__z_btc_rsi_7__add,0.0
xgb_gpu_engineered,z2_z_btc_rsi_14__z_btc_trend_sma50_above_sma200__mul,0.0
xgb_gpu_engineered,z2_z_btc_rsi_14__z_btc_trend_sma50_above_sma200__div,0.0
xgb_gpu_engineered,z2_z_btc_rsi_14__z_us5y_bp_chg_7d__mul,0.0
xgb_gpu_engineered,z2_z_btc_rsi_14__z_us5y_bp_chg_7d__sub,0.0
xgb_gpu_engineered,z2_z_btc_rsi_14__z_btc_candle_range_pct__sub,0.0
xgb_gpu_engineered,z2_z_btc_rsi_14__z_btc_trend_sma7_above_sma30__mul,0.0
xgb_gpu_engineered,z2_z_btc_rsi_14__z_btc_trend_sma7_above_sma30__add,0.0
xgb_gpu_engineered,z2_z_btc_rsi_14__z_btc_trend_sma7_above_sma30__sub,0.0
xgb_gpu_engineered,z2_z_btc_rsi_14__z_btc_trend_sma7_above_sma30__div,0.0
xgb_gpu_engineered,z2_z_btc_rsi_14__z_btc_return_1d__add,0.0
xgb_gpu_engineered,z2_z_btc_rsi_14__z_btc_return_1d__sub,0.0
xgb_gpu_engineered,z2_z_btc_rsi_14__z_btc_rolling_mean_distance_60d__add,0.0
xgb_gpu_engineered,z2_z_btc_rsi_14__z_btc_rolling_mean_distance_60d__sub,0.0
xgb_gpu_engineered,z2_z_btc_rsi_14__z_btc_candle_body_pct__add,0.0
xgb_gpu_engineered,z2_z_btc_rsi_14__z_btc_candle_body_abs_pct__mul,0.0
xgb_gpu_engineered,z2_z_btc_rsi_14__z_btc_candle_body_abs_pct__sub,0.0
xgb_gpu_engineered,z2_z_btc_rsi_14__z_btc_candle_body_abs_pct__div,0.0
xgb_gpu_engineered,z2_z_btc_rsi_14__z_btc_trend_strength_50_200__mul,0.0
xgb_gpu_engineered,z2_z_btc_rsi_14__z_btc_volume_z_20d__sub,0.0
xgb_gpu_engineered,z2_z_btc_rsi_14__z_btc_volume_z_20d__div,0.0
xgb_gpu_engineered,z2_z_btc_rsi_14__z_us10y_bp_chg_7d__mul,0.0
xgb_gpu_engineered,z2_z_btc_rsi_14__z_us10y_bp_chg_7d__sub,0.0
xgb_gpu_engineered,z2_z_btc_rsi_14__z_btc_drawdown_120d__add,0.0
xgb_gpu_engineered,z2_z_btc_rsi_14__z_btc_log_volume__sub,0.0
xgb_gpu_engineered,z2_z_btc_rsi_14__z_btc_volume_diff_7d__add,0.0
xgb_gpu_engineered,z2_z_btc_rsi_14__z_btc_volume_diff_7d__sub,0.0
xgb_gpu_engineered,z2_z_btc_rsi_14__z_btc_trend_strength_20_50__mul,0.0
xgb_gpu_engineered,z2_z_btc_rsi_14__z_btc_trend_strength_20_50__sub,0.0
xgb_gpu_engineered,z2_z_btc_rsi_14__z_btc_rolling_mean_distance_30d__mul,0.0
xgb_gpu_engineered,z2_z_btc_rsi_14__z_btc_rolling_mean_distance_30d__add,0.0
xgb_gpu_engineered,z2_z_btc_rsi_14__z_btc_rolling_mean_distance_30d__sub,0.0
xgb_gpu_engineered,z2_z_btc_rsi_14__z_btc_return_14d__add,0.0
xgb_gpu_engineered,z2_z_sp500_return_1d__z_btc_trend_above_sma20__sub,0.0
xgb_gpu_engineered,z2_z_sp500_return_1d__z_nasdaq_return_1d__mul,0.0
xgb_gpu_engineered,z2_z_sp500_return_1d__z_btc_rsi_7__div,0.0
xgb_gpu_engineered,z2_z_sp500_return_1d__z_btc_trend_sma50_above_sma200__add,0.0
xgb_gpu_engineered,z2_z_sp500_return_1d__z_btc_trend_sma50_above_sma200__sub,0.0
xgb_gpu_engineered,z2_z_sp500_return_1d__z_btc_trend_sma50_above_sma200__div,0.0
xgb_gpu_engineered,z2_z_sp500_return_1d__z_us5y_bp_chg_7d__sub,0.0
xgb_gpu_engineered,z2_z_sp500_return_1d__z_btc_candle_range_pct__add,0.0
xgb_gpu_engineered,z2_z_sp500_return_1d__z_btc_trend_sma7_above_sma30__add,0.0
xgb_gpu_engineered,z2_z_sp500_return_1d__z_btc_trend_sma7_above_sma30__sub,0.0
xgb_gpu_engineered,z2_z_sp500_return_1d__z_btc_trend_sma7_above_sma30__div,0.0
xgb_gpu_engineered,z2_z_sp500_return_1d__z_btc_return_1d__sub,0.0
xgb_gpu_engineered,z2_z_sp500_return_1d__z_btc_return_1d__div,0.0
xgb_gpu_engineered,z2_z_sp500_return_1d__z_btc_rolling_mean_distance_60d__mul,0.0
xgb_gpu_engineered,z2_z_sp500_return_1d__z_btc_rolling_mean_distance_60d__sub,0.0
xgb_gpu_engineered,z2_z_sp500_return_1d__z_btc_candle_body_pct__add,0.0
xgb_gpu_engineered,z2_z_sp500_return_1d__z_btc_candle_body_pct__sub,0.0
xgb_gpu_engineered,z2_z_sp500_return_1d__z_btc_candle_body_abs_pct__add,0.0
xgb_gpu_engineered,z2_z_sp500_return_1d__z_btc_volume_z_20d__mul,0.0
xgb_gpu_engineered,z2_z_sp500_return_1d__z_btc_drawdown_120d__mul,0.0
xgb_gpu_engineered,z2_z_sp500_return_1d__z_btc_drawdown_120d__sub,0.0
xgb_gpu_engineered,z2_z_sp500_return_1d__z_btc_drawdown_120d__div,0.0
xgb_gpu_engineered,z2_z_sp500_return_1d__z_btc_log_volume__add,0.0
xgb_gpu_engineered,z2_z_sp500_return_1d__z_btc_log_volume__div,0.0
xgb_gpu_engineered,z2_z_sp500_return_1d__z_btc_volume_diff_7d__add,0.0
xgb_gpu_engineered,z2_z_sp500_return_1d__z_btc_trend_strength_20_50__div,0.0
xgb_gpu_engineered,z2_z_sp500_return_1d__z_btc_rolling_mean_distance_30d__mul,0.0
xgb_gpu_engineered,z2_z_sp500_return_1d__z_btc_rolling_mean_distance_30d__add,0.0
xgb_gpu_engineered,z2_z_sp500_return_1d__z_btc_rolling_mean_distance_30d__sub,0.0
xgb_gpu_engineered,z2_z_btc_trend_above_sma20__z_nasdaq_return_1d__mul,0.0
xgb_gpu_engineered,z2_z_btc_trend_above_sma20__z_nasdaq_return_1d__sub,0.0
xgb_gpu_engineered,z2_z_btc_trend_above_sma20__z_nasdaq_return_1d__div,0.0
xgb_gpu_engineered,z2_z_btc_trend_above_sma20__z_btc_rsi_7__add,0.0
xgb_gpu_engineered,z2_z_btc_trend_above_sma20__z_btc_trend_sma50_above_sma200__mul,0.0
xgb_gpu_engineered,z2_z_btc_trend_above_sma20__z_btc_trend_sma50_above_sma200__add,0.0
xgb_gpu_engineered,z2_z_btc_trend_above_sma20__z_btc_trend_sma50_above_sma200__sub,0.0
xgb_gpu_engineered,z2_z_btc_trend_above_sma20__z_btc_trend_sma50_above_sma200__div,0.0
xgb_gpu_engineered,z2_z_btc_trend_above_sma20__z_us5y_bp_chg_7d__add,0.0
xgb_gpu_engineered,z2_z_btc_trend_above_sma20__z_btc_candle_range_pct__div,0.0
xgb_gpu_engineered,z2_z_btc_trend_above_sma20__z_btc_trend_sma7_above_sma30__mul,0.0
xgb_gpu_engineered,z2_z_btc_trend_above_sma20__z_btc_trend_sma7_above_sma30__add,0.0
xgb_gpu_engineered,z2_z_btc_trend_above_sma20__z_btc_trend_sma7_above_sma30__sub,0.0
xgb_gpu_engineered,z2_z_btc_trend_above_sma20__z_btc_trend_sma7_above_sma30__div,0.0
xgb_gpu_engineered,z2_z_btc_trend_above_sma20__z_btc_return_1d__div,0.0
xgb_gpu_engineered,z2_z_btc_trend_above_sma20__z_btc_rolling_mean_distance_60d__mul,0.0
xgb_gpu_engineered,z2_z_btc_trend_above_sma20__z_btc_rolling_mean_distance_60d__add,0.0
xgb_gpu_engineered,z2_z_btc_trend_above_sma20__z_btc_candle_body_pct__add,0.0
xgb_gpu_engineered,z2_z_btc_trend_above_sma20__z_btc_candle_body_abs_pct__mul,0.0
xgb_gpu_engineered,z2_z_btc_trend_above_sma20__z_btc_candle_body_abs_pct__sub,0.0
xgb_gpu_engineered,z2_z_btc_trend_above_sma20__z_btc_trend_strength_50_200__add,0.0
xgb_gpu_engineered,z2_z_btc_trend_above_sma20__z_btc_volume_z_20d__add,0.0
xgb_gpu_engineered,z2_z_btc_trend_above_sma20__z_btc_volume_z_20d__sub,0.0
xgb_gpu_engineered,z2_z_btc_trend_above_sma20__z_us10y_bp_chg_7d__mul,0.0
xgb_gpu_engineered,z2_z_btc_trend_above_sma20__z_us10y_bp_chg_7d__add,0.0
xgb_gpu_engineered,z2_z_btc_trend_above_sma20__z_us10y_bp_chg_7d__div,0.0
xgb_gpu_engineered,z2_z_btc_trend_above_sma20__z_btc_drawdown_120d__mul,0.0
xgb_gpu_engineered,z2_z_btc_trend_above_sma20__z_btc_drawdown_120d__add,0.0
xgb_gpu_engineered,z2_z_btc_trend_above_sma20__z_btc_drawdown_120d__div,0.0
xgb_gpu_engineered,z2_z_btc_trend_above_sma20__z_btc_log_volume__add,0.0
xgb_gpu_engineered,z2_z_btc_trend_above_sma20__z_btc_log_volume__sub,0.0
xgb_gpu_engineered,z2_z_btc_trend_above_sma20__z_btc_trend_strength_20_50__sub,0.0
xgb_gpu_engineered,z2_z_btc_trend_above_sma20__z_btc_trend_strength_20_50__div,0.0
xgb_gpu_engineered,z2_z_btc_trend_above_sma20__z_btc_rolling_mean_distance_30d__mul,0.0
xgb_gpu_engineered,z2_z_btc_trend_above_sma20__z_btc_rolling_mean_distance_30d__add,0.0
xgb_gpu_engineered,z2_z_btc_trend_above_sma20__z_btc_return_14d__mul,0.0
xgb_gpu_engineered,z2_z_btc_trend_above_sma20__z_btc_return_14d__add,0.0
xgb_gpu_engineered,z2_z_nasdaq_return_1d__z_btc_rsi_7__add,0.0
xgb_gpu_engineered,z2_z_nasdaq_return_1d__z_btc_trend_sma50_above_sma200__mul,0.0
xgb_gpu_engineered,z2_z_nasdaq_return_1d__z_btc_trend_sma50_above_sma200__add,0.0
xgb_gpu_engineered,z2_z_nasdaq_return_1d__z_btc_trend_sma50_above_sma200__div,0.0
xgb_gpu_engineered,z2_z_nasdaq_return_1d__z_us5y_bp_chg_7d__mul,0.0
xgb_gpu_engineered,z2_z_nasdaq_return_1d__z_gold_return_7d__add,0.0
xgb_gpu_engineered,z2_z_nasdaq_return_1d__z_btc_candle_range_pct__sub,0.0
xgb_gpu_engineered,z2_z_nasdaq_return_1d__z_btc_trend_sma7_above_sma30__sub,0.0
xgb_gpu_engineered,z2_z_nasdaq_return_1d__z_btc_rolling_mean_distance_60d__add,0.0
xgb_gpu_engineered,z2_z_nasdaq_return_1d__z_btc_rolling_mean_distance_60d__sub,0.0
xgb_gpu_engineered,z2_z_nasdaq_return_1d__z_btc_candle_body_pct__add,0.0
xgb_gpu_engineered,z2_z_nasdaq_return_1d__z_btc_candle_body_pct__sub,0.0
xgb_gpu_engineered,z2_z_nasdaq_return_1d__z_btc_candle_body_abs_pct__sub,0.0
xgb_gpu_engineered,z2_z_nasdaq_return_1d__z_btc_candle_body_abs_pct__div,0.0
xgb_gpu_engineered,z2_z_nasdaq_return_1d__z_us10y_bp_chg_7d__sub,0.0
xgb_gpu_engineered,z2_z_nasdaq_return_1d__z_btc_drawdown_120d__sub,0.0
xgb_gpu_engineered,z2_z_nasdaq_return_1d__z_btc_drawdown_120d__div,0.0
xgb_gpu_engineered,z2_z_nasdaq_return_1d__z_btc_log_volume__add,0.0
xgb_gpu_engineered,z2_z_nasdaq_return_1d__z_btc_log_volume__sub,0.0
xgb_gpu_engineered,z2_z_nasdaq_return_1d__z_btc_volume_diff_7d__add,0.0
xgb_gpu_engineered,z2_z_nasdaq_return_1d__z_btc_rolling_mean_distance_30d__sub,0.0
xgb_gpu_engineered,z2_z_nasdaq_return_1d__z_btc_return_14d__mul,0.0
xgb_gpu_engineered,z2_z_nasdaq_return_1d__z_btc_return_14d__sub,0.0
xgb_gpu_engineered,z2_z_btc_rsi_7__z_btc_trend_sma50_above_sma200__mul,0.0
xgb_gpu_engineered,z2_z_btc_rsi_7__z_btc_trend_sma50_above_sma200__div,0.0
xgb_gpu_engineered,z2_z_btc_rsi_7__z_us5y_bp_chg_7d__mul,0.0
xgb_gpu_engineered,z2_z_btc_rsi_7__z_us5y_bp_chg_7d__add,0.0
xgb_gpu_engineered,z2_z_btc_rsi_7__z_us5y_bp_chg_7d__sub,0.0
xgb_gpu_engineered,z2_z_btc_rsi_7__z_btc_trend_sma7_above_sma30__add,0.0
xgb_gpu_engineered,z2_z_btc_rsi_7__z_btc_return_1d__add,0.0
xgb_gpu_engineered,z2_z_btc_rsi_7__z_btc_rolling_mean_distance_60d__sub,0.0
xgb_gpu_engineered,z2_z_btc_rsi_7__z_btc_rolling_mean_distance_60d__div,0.0
xgb_gpu_engineered,z2_z_btc_rsi_7__z_btc_candle_body_pct__add,0.0
xgb_gpu_engineered,z2_z_btc_rsi_7__z_btc_trend_strength_50_200__div,0.0
xgb_gpu_engineered,z2_z_btc_rsi_7__z_us10y_bp_chg_7d__add,0.0
xgb_gpu_engineered,z2_z_btc_rsi_7__z_btc_drawdown_120d__add,0.0
xgb_gpu_engineered,z2_z_btc_rsi_7__z_btc_drawdown_120d__sub,0.0
xgb_gpu_engineered,z2_z_btc_rsi_7__z_btc_log_volume__add,0.0
xgb_gpu_engineered,z2_z_btc_rsi_7__z_btc_log_volume__sub,0.0
xgb_gpu_engineered,z2_z_btc_rsi_7__z_btc_log_volume__div,0.0
xgb_gpu_engineered,z2_z_btc_rsi_7__z_btc_volume_diff_7d__div,0.0
xgb_gpu_engineered,z2_z_btc_rsi_7__z_btc_trend_strength_20_50__mul,0.0
xgb_gpu_engineered,z2_z_btc_rsi_7__z_btc_trend_strength_20_50__add,0.0
xgb_gpu_engineered,z2_z_btc_rsi_7__z_btc_trend_strength_20_50__sub,0.0
xgb_gpu_engineered,z2_z_btc_rsi_7__z_btc_rolling_mean_distance_30d__add,0.0
xgb_gpu_engineered,z2_z_btc_rsi_7__z_btc_return_14d__add,0.0
xgb_gpu_engineered,z2_z_btc_rsi_7__z_btc_return_14d__sub,0.0
xgb_gpu_engineered,z2_z_btc_trend_sma50_above_sma200__z_us5y_bp_chg_7d__add,0.0
xgb_gpu_engineered,z2_z_btc_trend_sma50_above_sma200__z_us5y_bp_chg_7d__sub,0.0
xgb_gpu_engineered,z2_z_btc_trend_sma50_above_sma200__z_gold_return_7d__mul,0.0
xgb_gpu_engineered,z2_z_btc_trend_sma50_above_sma200__z_gold_return_7d__sub,0.0
xgb_gpu_engineered,z2_z_btc_trend_sma50_above_sma200__z_btc_candle_range_pct__mul,0.0
xgb_gpu_engineered,z2_z_btc_trend_sma50_above_sma200__z_btc_candle_range_pct__div,0.0
xgb_gpu_engineered,z2_z_btc_trend_sma50_above_sma200__z_btc_trend_sma7_above_sma30__mul,0.0
xgb_gpu_engineered,z2_z_btc_trend_sma50_above_sma200__z_btc_trend_sma7_above_sma30__add,0.0
xgb_gpu_engineered,z2_z_btc_trend_sma50_above_sma200__z_btc_trend_sma7_above_sma30__sub,0.0
xgb_gpu_engineered,z2_z_btc_trend_sma50_above_sma200__z_btc_trend_sma7_above_sma30__div,0.0
xgb_gpu_engineered,z2_z_btc_trend_sma50_above_sma200__z_btc_return_1d__add,0.0
xgb_gpu_engineered,z2_z_btc_trend_sma50_above_sma200__z_btc_return_1d__sub,0.0
xgb_gpu_engineered,z2_z_btc_trend_sma50_above_sma200__z_btc_return_1d__div,0.0
xgb_gpu_engineered,z2_z_btc_trend_sma50_above_sma200__z_btc_rolling_mean_distance_60d__add,0.0
xgb_gpu_engineered,z2_z_btc_trend_sma50_above_sma200__z_btc_rolling_mean_distance_60d__sub,0.0
xgb_gpu_engineered,z2_z_btc_trend_sma50_above_sma200__z_btc_candle_body_pct__mul,0.0
xgb_gpu_engineered,z2_z_btc_trend_sma50_above_sma200__z_btc_candle_body_abs_pct__mul,0.0
xgb_gpu_engineered,z2_z_btc_trend_sma50_above_sma200__z_btc_candle_body_abs_pct__add,0.0
xgb_gpu_engineered,z2_z_btc_trend_sma50_above_sma200__z_btc_trend_strength_50_200__mul,0.0
xgb_gpu_engineered,z2_z_btc_trend_sma50_above_sma200__z_btc_trend_strength_50_200__add,0.0
xgb_gpu_engineered,z2_z_btc_trend_sma50_above_sma200__z_btc_trend_strength_50_200__sub,0.0
xgb_gpu_engineered,z2_z_btc_trend_sma50_above_sma200__z_btc_volume_z_20d__sub,0.0
xgb_gpu_engineered,z2_z_btc_trend_sma50_above_sma200__z_us10y_bp_chg_7d__add,0.0
xgb_gpu_engineered,z2_z_btc_trend_sma50_above_sma200__z_us10y_bp_chg_7d__sub,0.0
xgb_gpu_engineered,z2_z_btc_trend_sma50_above_sma200__z_btc_drawdown_120d__add,0.0
xgb_gpu_engineered,z2_z_btc_trend_sma50_above_sma200__z_btc_log_volume__mul,0.0
xgb_gpu_engineered,z2_z_btc_trend_sma50_above_sma200__z_btc_log_volume__add,0.0
xgb_gpu_engineered,z2_z_btc_trend_sma50_above_sma200__z_btc_log_volume__sub,0.0
xgb_gpu_engineered,z2_z_btc_trend_sma50_above_sma200__z_btc_volume_diff_7d__mul,0.0
xgb_gpu_engineered,z2_z_btc_trend_sma50_above_sma200__z_btc_trend_strength_20_50__add,0.0
xgb_gpu_engineered,z2_z_btc_trend_sma50_above_sma200__z_btc_trend_strength_20_50__sub,0.0
xgb_gpu_engineered,z2_z_btc_trend_sma50_above_sma200__z_btc_rolling_mean_distance_30d__add,0.0
xgb_gpu_engineered,z2_z_btc_trend_sma50_above_sma200__z_btc_rolling_mean_distance_30d__sub,0.0
xgb_gpu_engineered,z2_z_btc_trend_sma50_above_sma200__z_btc_return_14d__sub,0.0
xgb_gpu_engineered,z2_z_us5y_bp_chg_7d__z_btc_candle_range_pct__mul,0.0
xgb_gpu_engineered,z2_z_us5y_bp_chg_7d__z_btc_candle_range_pct__add,0.0
xgb_gpu_engineered,z2_z_us5y_bp_chg_7d__z_btc_candle_range_pct__sub,0.0
xgb_gpu_engineered,z2_z_us5y_bp_chg_7d__z_btc_trend_sma7_above_sma30__add,0.0
xgb_gpu_engineered,z2_z_us5y_bp_chg_7d__z_btc_rolling_mean_distance_60d__mul,0.0
xgb_gpu_engineered,z2_z_us5y_bp_chg_7d__z_btc_rolling_mean_distance_60d__sub,0.0
xgb_gpu_engineered,z2_z_us5y_bp_chg_7d__z_btc_candle_body_pct__sub,0.0
xgb_gpu_engineered,z2_z_us5y_bp_chg_7d__z_btc_candle_body_abs_pct__sub,0.0
xgb_gpu_engineered,z2_z_us5y_bp_chg_7d__z_btc_trend_strength_50_200__sub,0.0
xgb_gpu_engineered,z2_z_us5y_bp_chg_7d__z_us10y_bp_chg_7d__mul,0.0
xgb_gpu_engineered,z2_z_us5y_bp_chg_7d__z_us10y_bp_chg_7d__add,0.0
xgb_gpu_engineered,z2_z_us5y_bp_chg_7d__z_btc_drawdown_120d__sub,0.0
xgb_gpu_engineered,z2_z_us5y_bp_chg_7d__z_btc_log_volume__sub,0.0
xgb_gpu_engineered,z2_z_us5y_bp_chg_7d__z_btc_trend_strength_20_50__sub,0.0
xgb_gpu_engineered,z2_z_us5y_bp_chg_7d__z_btc_return_14d__add,0.0
xgb_gpu_engineered,z2_z_us5y_bp_chg_7d__z_btc_return_14d__sub,0.0
xgb_gpu_engineered,z2_z_gold_return_7d__z_btc_trend_sma7_above_sma30__mul,0.0
xgb_gpu_engineered,z2_z_gold_return_7d__z_btc_rolling_mean_distance_60d__mul,0.0
xgb_gpu_engineered,z2_z_gold_return_7d__z_btc_rolling_mean_distance_60d__add,0.0
xgb_gpu_engineered,z2_z_gold_return_7d__z_btc_candle_body_pct__sub,0.0
xgb_gpu_engineered,z2_z_gold_return_7d__z_btc_candle_body_abs_pct__add,0.0
xgb_gpu_engineered,z2_z_gold_return_7d__z_btc_candle_body_abs_pct__sub,0.0
xgb_gpu_engineered,z2_z_gold_return_7d__z_btc_trend_strength_50_200__mul,0.0
xgb_gpu_engineered,z2_z_gold_return_7d__z_btc_trend_strength_50_200__add,0.0
xgb_gpu_engineered,z2_z_gold_return_7d__z_btc_volume_z_20d__sub,0.0
xgb_gpu_engineered,z2_z_gold_return_7d__z_us10y_bp_chg_7d__add,0.0
xgb_gpu_engineered,z2_z_gold_return_7d__z_us10y_bp_chg_7d__sub,0.0
xgb_gpu_engineered,z2_z_gold_return_7d__z_btc_drawdown_120d__sub,0.0
xgb_gpu_engineered,z2_z_gold_return_7d__z_btc_rolling_mean_distance_30d__mul,0.0
xgb_gpu_engineered,z2_z_gold_return_7d__z_btc_rolling_mean_distance_30d__add,0.0
xgb_gpu_engineered,z2_z_gold_return_7d__z_btc_rolling_mean_distance_30d__div,0.0
xgb_gpu_engineered,z2_z_gold_return_7d__z_btc_return_14d__mul,0.0
xgb_gpu_engineered,z2_z_btc_candle_range_pct__z_btc_trend_sma7_above_sma30__mul,0.0
xgb_gpu_engineered,z2_z_btc_candle_range_pct__z_btc_trend_sma7_above_sma30__sub,0.0
xgb_gpu_engineered,z2_z_btc_candle_range_pct__z_btc_trend_sma7_above_sma30__div,0.0
xgb_gpu_engineered,z2_z_btc_candle_range_pct__z_btc_return_1d__add,0.0
xgb_gpu_engineered,z2_z_btc_candle_range_pct__z_btc_return_1d__sub,0.0
xgb_gpu_engineered,z2_z_btc_candle_range_pct__z_btc_rolling_mean_distance_60d__add,0.0
xgb_gpu_engineered,z2_z_btc_candle_range_pct__z_btc_rolling_mean_distance_60d__sub,0.0
xgb_gpu_engineered,z2_z_btc_candle_range_pct__z_btc_candle_body_pct__add,0.0
xgb_gpu_engineered,z2_z_btc_candle_range_pct__z_btc_candle_body_pct__sub,0.0
xgb_gpu_engineered,z2_z_btc_candle_range_pct__z_btc_candle_body_abs_pct__mul,0.0
xgb_gpu_engineered,z2_z_btc_candle_range_pct__z_btc_trend_strength_50_200__add,0.0
xgb_gpu_engineered,z2_z_btc_candle_range_pct__z_btc_trend_strength_50_200__sub,0.0
xgb_gpu_engineered,z2_z_btc_candle_range_pct__z_btc_volume_z_20d__mul,0.0
xgb_gpu_engineered,z2_z_btc_candle_range_pct__z_btc_volume_z_20d__sub,0.0
xgb_gpu_engineered,z2_z_btc_candle_range_pct__z_us10y_bp_chg_7d__sub,0.0
xgb_gpu_engineered,z2_z_btc_candle_range_pct__z_btc_drawdown_120d__add,0.0
xgb_gpu_engineered,z2_z_btc_candle_range_pct__z_btc_log_volume__add,0.0
xgb_gpu_engineered,z2_z_btc_candle_range_pct__z_btc_trend_strength_20_50__add,0.0
xgb_gpu_engineered,z2_z_btc_candle_range_pct__z_btc_rolling_mean_distance_30d__div,0.0
xgb_gpu_engineered,z2_z_btc_candle_range_pct__z_btc_return_14d__mul,0.0
xgb_gpu_engineered,z2_z_btc_candle_range_pct__z_btc_return_14d__add,0.0
xgb_gpu_engineered,z2_z_btc_trend_sma7_above_sma30__z_btc_return_1d__sub,0.0
xgb_gpu_engineered,z2_z_btc_trend_sma7_above_sma30__z_btc_rolling_mean_distance_60d__mul,0.0
xgb_gpu_engineered,z2_z_btc_trend_sma7_above_sma30__z_btc_rolling_mean_distance_60d__add,0.0
xgb_gpu_engineered,z2_z_btc_trend_sma7_above_sma30__z_btc_rolling_mean_distance_60d__sub,0.0
xgb_gpu_engineered,z2_z_btc_trend_sma7_above_sma30__z_btc_candle_body_pct__mul,0.0
xgb_gpu_engineered,z2_z_btc_trend_sma7_above_sma30__z_btc_candle_body_pct__add,0.0
xgb_gpu_engineered,z2_z_btc_trend_sma7_above_sma30__z_btc_candle_body_pct__sub,0.0
xgb_gpu_engineered,z2_z_btc_trend_sma7_above_sma30__z_btc_candle_body_abs_pct__sub,0.0
xgb_gpu_engineered,z2_z_btc_trend_sma7_above_sma30__z_btc_trend_strength_50_200__add,0.0
xgb_gpu_engineered,z2_z_btc_trend_sma7_above_sma30__z_btc_trend_strength_50_200__sub,0.0
xgb_gpu_engineered,z2_z_btc_trend_sma7_above_sma30__z_btc_trend_strength_50_200__div,0.0
xgb_gpu_engineered,z2_z_btc_trend_sma7_above_sma30__z_btc_volume_z_20d__add,0.0
xgb_gpu_engineered,z2_z_btc_trend_sma7_above_sma30__z_btc_volume_z_20d__div,0.0
xgb_gpu_engineered,z2_z_btc_trend_sma7_above_sma30__z_us10y_bp_chg_7d__add,0.0
xgb_gpu_engineered,z2_z_btc_trend_sma7_above_sma30__z_us10y_bp_chg_7d__sub,0.0
xgb_gpu_engineered,z2_z_btc_trend_sma7_above_sma30__z_us10y_bp_chg_7d__div,0.0
xgb_gpu_engineered,z2_z_btc_trend_sma7_above_sma30__z_btc_drawdown_120d__add,0.0
xgb_gpu_engineered,z2_z_btc_trend_sma7_above_sma30__z_btc_drawdown_120d__sub,0.0
xgb_gpu_engineered,z2_z_btc_trend_sma7_above_sma30__z_btc_drawdown_120d__div,0.0
xgb_gpu_engineered,z2_z_btc_trend_sma7_above_sma30__z_btc_log_volume__add,0.0
xgb_gpu_engineered,z2_z_btc_trend_sma7_above_sma30__z_btc_volume_diff_7d__add,0.0
xgb_gpu_engineered,z2_z_btc_trend_sma7_above_sma30__z_btc_volume_diff_7d__sub,0.0
xgb_gpu_engineered,z2_z_btc_trend_sma7_above_sma30__z_btc_volume_diff_7d__div,0.0
xgb_gpu_engineered,z2_z_btc_trend_sma7_above_sma30__z_btc_trend_strength_20_50__add,0.0
xgb_gpu_engineered,z2_z_btc_trend_sma7_above_sma30__z_btc_trend_strength_20_50__sub,0.0
xgb_gpu_engineered,z2_z_btc_trend_sma7_above_sma30__z_btc_rolling_mean_distance_30d__mul,0.0
xgb_gpu_engineered,z2_z_btc_trend_sma7_above_sma30__z_btc_rolling_mean_distance_30d__add,0.0
xgb_gpu_engineered,z2_z_btc_trend_sma7_above_sma30__z_btc_return_14d__mul,0.0
xgb_gpu_engineered,z2_z_btc_trend_sma7_above_sma30__z_btc_return_14d__add,0.0
xgb_gpu_engineered,z2_z_btc_trend_sma7_above_sma30__z_btc_return_14d__sub,0.0
xgb_gpu_engineered,z2_z_btc_return_1d__z_btc_rolling_mean_distance_60d__add,0.0
xgb_gpu_engineered,z2_z_btc_return_1d__z_btc_candle_body_abs_pct__sub,0.0
xgb_gpu_engineered,z2_z_btc_return_1d__z_btc_trend_strength_50_200__mul,0.0
xgb_gpu_engineered,z2_z_btc_return_1d__z_btc_trend_strength_50_200__add,0.0
xgb_gpu_engineered,z2_z_btc_return_1d__z_btc_volume_z_20d__mul,0.0
xgb_gpu_engineered,z2_z_btc_return_1d__z_us10y_bp_chg_7d__sub,0.0
xgb_gpu_engineered,z2_z_btc_return_1d__z_btc_volume_diff_7d__add,0.0
xgb_gpu_engineered,z2_z_btc_return_1d__z_btc_volume_diff_7d__sub,0.0
xgb_gpu_engineered,z2_z_btc_return_1d__z_btc_volume_diff_7d__div,0.0
xgb_gpu_engineered,z2_z_btc_return_1d__z_btc_trend_strength_20_50__mul,0.0
xgb_gpu_engineered,z2_z_btc_return_1d__z_btc_trend_strength_20_50__add,0.0
xgb_gpu_engineered,z2_z_btc_return_1d__z_btc_rolling_mean_distance_30d__mul,0.0
xgb_gpu_engineered,z2_z_btc_return_1d__z_btc_rolling_mean_distance_30d__add,0.0
xgb_gpu_engineered,z2_z_btc_return_1d__z_btc_rolling_mean_distance_30d__sub,0.0
xgb_gpu_engineered,z2_z_btc_return_1d__z_btc_rolling_mean_distance_30d__div,0.0
xgb_gpu_engineered,z2_z_btc_return_1d__z_btc_return_14d__mul,0.0
xgb_gpu_engineered,z2_z_btc_return_1d__z_btc_return_14d__sub,0.0
xgb_gpu_engineered,z2_z_btc_return_1d__z_btc_return_14d__div,0.0
xgb_gpu_engineered,z2_z_btc_rolling_mean_distance_60d__z_btc_candle_body_pct__mul,0.0
xgb_gpu_engineered,z2_z_btc_rolling_mean_distance_60d__z_btc_candle_body_pct__add,0.0
xgb_gpu_engineered,z2_z_btc_rolling_mean_distance_60d__z_btc_candle_body_abs_pct__mul,0.0
xgb_gpu_engineered,z2_z_btc_rolling_mean_distance_60d__z_btc_candle_body_abs_pct__sub,0.0
xgb_gpu_engineered,z2_z_btc_rolling_mean_distance_60d__z_btc_trend_strength_50_200__add,0.0
xgb_gpu_engineered,z2_z_btc_rolling_mean_distance_60d__z_btc_volume_z_20d__mul,0.0
xgb_gpu_engineered,z2_z_btc_rolling_mean_distance_60d__z_us10y_bp_chg_7d__sub,0.0
xgb_gpu_engineered,z2_z_btc_rolling_mean_distance_60d__z_btc_drawdown_120d__add,0.0
xgb_gpu_engineered,z2_z_btc_rolling_mean_distance_60d__z_btc_drawdown_120d__sub,0.0
xgb_gpu_engineered,z2_z_btc_rolling_mean_distance_60d__z_btc_log_volume__mul,0.0
xgb_gpu_engineered,z2_z_btc_rolling_mean_distance_60d__z_btc_volume_diff_7d__add,0.0
xgb_gpu_engineered,z2_z_btc_rolling_mean_distance_60d__z_btc_trend_strength_20_50__mul,0.0
xgb_gpu_engineered,z2_z_btc_rolling_mean_distance_60d__z_btc_trend_strength_20_50__add,0.0
xgb_gpu_engineered,z2_z_btc_rolling_mean_distance_60d__z_btc_trend_strength_20_50__div,0.0
xgb_gpu_engineered,z2_z_btc_rolling_mean_distance_60d__z_btc_rolling_mean_distance_30d__mul,0.0
xgb_gpu_engineered,z2_z_btc_rolling_mean_distance_60d__z_btc_rolling_mean_distance_30d__add,0.0
xgb_gpu_engineered,z2_z_btc_rolling_mean_distance_60d__z_btc_rolling_mean_distance_30d__sub,0.0
xgb_gpu_engineered,z2_z_btc_rolling_mean_distance_60d__z_btc_return_14d__add,0.0
xgb_gpu_engineered,z2_z_btc_rolling_mean_distance_60d__z_btc_return_14d__div,0.0
xgb_gpu_engineered,z2_z_btc_candle_body_pct__z_btc_candle_body_abs_pct__add,0.0
xgb_gpu_engineered,z2_z_btc_candle_body_pct__z_btc_trend_strength_50_200__add,0.0
xgb_gpu_engineered,z2_z_btc_candle_body_pct__z_btc_volume_z_20d__mul,0.0
xgb_gpu_engineered,z2_z_btc_candle_body_pct__z_btc_volume_z_20d__div,0.0
xgb_gpu_engineered,z2_z_btc_candle_body_pct__z_btc_drawdown_120d__add,0.0
xgb_gpu_engineered,z2_z_btc_candle_body_pct__z_btc_log_volume__add,0.0
xgb_gpu_engineered,z2_z_btc_candle_body_pct__z_btc_volume_diff_7d__sub,0.0
xgb_gpu_engineered,z2_z_btc_candle_body_pct__z_btc_trend_strength_20_50__mul,0.0
xgb_gpu_engineered,z2_z_btc_candle_body_pct__z_btc_trend_strength_20_50__add,0.0
xgb_gpu_engineered,z2_z_btc_candle_body_pct__z_btc_rolling_mean_distance_30d__mul,0.0
xgb_gpu_engineered,z2_z_btc_candle_body_pct__z_btc_rolling_mean_distance_30d__add,0.0
xgb_gpu_engineered,z2_z_btc_candle_body_pct__z_btc_return_14d__mul,0.0
xgb_gpu_engineered,z2_z_btc_candle_body_pct__z_btc_return_14d__add,0.0
xgb_gpu_engineered,z2_z_btc_candle_body_pct__z_btc_return_14d__sub,0.0
xgb_gpu_engineered,z2_z_btc_candle_body_abs_pct__z_btc_trend_strength_50_200__mul,0.0
xgb_gpu_engineered,z2_z_btc_candle_body_abs_pct__z_us10y_bp_chg_7d__add,0.0
xgb_gpu_engineered,z2_z_btc_candle_body_abs_pct__z_btc_drawdown_120d__add,0.0
xgb_gpu_engineered,z2_z_btc_candle_body_abs_pct__z_btc_drawdown_120d__sub,0.0
xgb_gpu_engineered,z2_z_btc_candle_body_abs_pct__z_btc_volume_diff_7d__add,0.0
xgb_gpu_engineered,z2_z_btc_candle_body_abs_pct__z_btc_volume_diff_7d__sub,0.0
xgb_gpu_engineered,z2_z_btc_candle_body_abs_pct__z_btc_trend_strength_20_50__add,0.0
xgb_gpu_engineered,z2_z_btc_candle_body_abs_pct__z_btc_trend_strength_20_50__sub,0.0
xgb_gpu_engineered,z2_z_btc_candle_body_abs_pct__z_btc_rolling_mean_distance_30d__add,0.0
xgb_gpu_engineered,z2_z_btc_trend_strength_50_200__z_btc_volume_z_20d__mul,0.0
xgb_gpu_engineered,z2_z_btc_trend_strength_50_200__z_btc_drawdown_120d__mul,0.0
xgb_gpu_engineered,z2_z_btc_trend_strength_50_200__z_btc_drawdown_120d__add,0.0
xgb_gpu_engineered,z2_z_btc_trend_strength_50_200__z_btc_drawdown_120d__sub,0.0
xgb_gpu_engineered,z2_z_btc_trend_strength_50_200__z_btc_volume_diff_7d__sub,0.0
xgb_gpu_engineered,z2_z_btc_trend_strength_50_200__z_btc_volume_diff_7d__div,0.0
xgb_gpu_engineered,z2_z_btc_trend_strength_50_200__z_btc_trend_strength_20_50__mul,0.0
xgb_gpu_engineered,z2_z_btc_trend_strength_50_200__z_btc_trend_strength_20_50__add,0.0
xgb_gpu_engineered,z2_z_btc_trend_strength_50_200__z_btc_trend_strength_20_50__sub,0.0
xgb_gpu_engineered,z2_z_btc_trend_strength_50_200__z_btc_trend_strength_20_50__div,0.0
xgb_gpu_engineered,z2_z_btc_trend_strength_50_200__z_btc_rolling_mean_distance_30d__mul,0.0
xgb_gpu_engineered,z2_z_btc_trend_strength_50_200__z_btc_rolling_mean_distance_30d__add,0.0
xgb_gpu_engineered,z2_z_btc_trend_strength_50_200__z_btc_rolling_mean_distance_30d__div,0.0
xgb_gpu_engineered,z2_z_btc_trend_strength_50_200__z_btc_return_14d__mul,0.0
xgb_gpu_engineered,z2_z_btc_trend_strength_50_200__z_btc_return_14d__add,0.0
xgb_gpu_engineered,z2_z_btc_volume_z_20d__z_btc_drawdown_120d__mul,0.0
xgb_gpu_engineered,z2_z_btc_volume_z_20d__z_btc_drawdown_120d__add,0.0
xgb_gpu_engineered,z2_z_btc_volume_z_20d__z_btc_log_volume__add,0.0
xgb_gpu_engineered,z2_z_btc_volume_z_20d__z_btc_volume_diff_7d__mul,0.0
xgb_gpu_engineered,z2_z_btc_volume_z_20d__z_btc_trend_strength_20_50__add,0.0
xgb_gpu_engineered,z2_z_btc_volume_z_20d__z_btc_rolling_mean_distance_30d__add,0.0
xgb_gpu_engineered,z2_z_btc_volume_z_20d__z_btc_rolling_mean_distance_30d__div,0.0
xgb_gpu_engineered,z2_z_btc_volume_z_20d__z_btc_return_14d__mul,0.0
xgb_gpu_engineered,z2_z_btc_volume_z_20d__z_btc_return_14d__add,0.0
xgb_gpu_engineered,z2_z_btc_volume_z_20d__z_btc_return_14d__sub,0.0
xgb_gpu_engineered,z2_z_us10y_bp_chg_7d__z_btc_drawdown_120d__add,0.0
xgb_gpu_engineered,z2_z_us10y_bp_chg_7d__z_btc_log_volume__add,0.0
xgb_gpu_engineered,z2_z_us10y_bp_chg_7d__z_btc_log_volume__sub,0.0
xgb_gpu_engineered,z2_z_us10y_bp_chg_7d__z_btc_log_volume__div,0.0
xgb_gpu_engineered,z2_z_us10y_bp_chg_7d__z_btc_trend_strength_20_50__sub,0.0
xgb_gpu_engineered,z2_z_us10y_bp_chg_7d__z_btc_rolling_mean_distance_30d__sub,0.0
xgb_gpu_engineered,z2_z_us10y_bp_chg_7d__z_btc_return_14d__mul,0.0
xgb_gpu_engineered,z2_z_us10y_bp_chg_7d__z_btc_return_14d__add,0.0
xgb_gpu_engineered,z2_z_us10y_bp_chg_7d__z_btc_return_14d__sub,0.0
xgb_gpu_engineered,z2_z_btc_drawdown_120d__z_btc_log_volume__sub,0.0
xgb_gpu_engineered,z2_z_btc_drawdown_120d__z_btc_volume_diff_7d__add,0.0
xgb_gpu_engineered,z2_z_btc_drawdown_120d__z_btc_trend_strength_20_50__add,0.0
xgb_gpu_engineered,z2_z_btc_drawdown_120d__z_btc_trend_strength_20_50__div,0.0
xgb_gpu_engineered,z2_z_btc_drawdown_120d__z_btc_rolling_mean_distance_30d__mul,0.0
xgb_gpu_engineered,z2_z_btc_drawdown_120d__z_btc_rolling_mean_distance_30d__add,0.0
xgb_gpu_engineered,z2_z_btc_drawdown_120d__z_btc_rolling_mean_distance_30d__div,0.0
xgb_gpu_engineered,z2_z_btc_drawdown_120d__z_btc_return_14d__add,0.0
xgb_gpu_engineered,z2_z_btc_drawdown_120d__z_btc_return_14d__sub,0.0
xgb_gpu_engineered,z2_z_btc_log_volume__z_btc_volume_diff_7d__mul,0.0
xgb_gpu_engineered,z2_z_btc_log_volume__z_btc_trend_strength_20_50__add,0.0
xgb_gpu_engineered,z2_z_btc_log_volume__z_btc_trend_strength_20_50__sub,0.0
xgb_gpu_engineered,z2_z_btc_log_volume__z_btc_rolling_mean_distance_30d__sub,0.0
xgb_gpu_engineered,z2_z_btc_log_volume__z_btc_return_14d__sub,0.0
xgb_gpu_engineered,z2_z_btc_volume_diff_7d__z_btc_rolling_mean_distance_30d__mul,0.0
xgb_gpu_engineered,z2_z_btc_volume_diff_7d__z_btc_rolling_mean_distance_30d__add,0.0
xgb_gpu_engineered,z2_z_btc_volume_diff_7d__z_btc_rolling_mean_distance_30d__sub,0.0
xgb_gpu_engineered,z2_z_btc_trend_strength_20_50__z_btc_rolling_mean_distance_30d__mul,0.0
xgb_gpu_engineered,z2_z_btc_trend_strength_20_50__z_btc_rolling_mean_distance_30d__add,0.0
xgb_gpu_engineered,z2_z_btc_trend_strength_20_50__z_btc_return_14d__mul,0.0
xgb_gpu_engineered,z2_z_btc_trend_strength_20_50__z_btc_return_14d__add,0.0
xgb_gpu_engineered,z2_z_btc_trend_strength_20_50__z_btc_return_14d__sub,0.0
xgb_gpu_engineered,z2_z_btc_trend_strength_20_50__z_btc_return_14d__div,0.0
xgb_gpu_engineered,z2_z_btc_rolling_mean_distance_30d__z_btc_return_14d__mul,0.0
xgb_gpu_engineered,z2_z_btc_rolling_mean_distance_30d__z_btc_return_14d__add,0.0
xgb_gpu_engineered,z2_z_btc_rolling_mean_distance_30d__z_btc_return_14d__div,0.0
extra_trees_engineered,z2_z_btc_trend_above_sma50__z_btc_rsi_7__div,0.009503
extra_trees_engineered,z2_z_btc_rsi_30__z_btc_volume_z_20d__div,0.005229
extra_trees_engineered,z2_z_gold_return_7d__z_btc_trend_strength_50_200__sub,0.005109
extra_trees_engineered,z2_z_btc_return_1d__z_btc_candle_body_abs_pct__div,0.005051
extra_trees_engineered,z2_z_btc_candle_body_pct__z_btc_candle_body_abs_pct__div,0.004516
extra_trees_engineered,z2_z_btc_volume_pct_7d__z_btc_trend_above_sma50__add,0.0042
extra_trees_engineered,z2_z_btc_rolling_position_7d__z_btc_rsi_7__mul,0.00414
extra_trees_engineered,z2_z_btc_trend_above_sma50__z_btc_rsi_30__sub,0.004114
extra_trees_engineered,z2_z_us10y_bp_chg_7d__z_btc_trend_strength_20_50__add,0.004064
extra_trees_engineered,z2_z_btc_rolling_position_7d__z_btc_rsi_7__div,0.003526
extra_trees_engineered,z2_z_btc_bollinger_width_20d__z_gold_return_7d__sub,0.003517
extra_trees_engineered,z2_z_btc_volume_pct_7d__z_us10y_bp_chg_7d__div,0.003507
extra_trees_engineered,z2_z_btc_trend_sma7_above_sma30__z_btc_candle_body_abs_pct__div,0.003202
extra_trees_engineered,z2_z_btc_rsi_30__z_btc_trend_strength_20_50__div,0.003069
extra_trees_engineered,z2_z_btc_trend_strength_50_200__z_us10y_bp_chg_7d__mul,0.003032
extra_trees_engineered,z2_z_btc_trend_above_sma50__z_gold_return_7d__sub,0.002909
extra_trees_engineered,z2_z_btc_candle_range_pct__z_btc_candle_body_pct__div,0.002784
extra_trees_engineered,z2_z_btc_trend_sma50_above_sma200__z_btc_drawdown_120d__div,0.002731
extra_trees_engineered,z2_z_btc_rsi_30__z_us5y_bp_chg_7d__div,0.00269
extra_trees_engineered,z2_z_btc_rolling_position_60d__z_btc_rsi_7__div,0.002638
extra_trees_engineered,z2_z_btc_trend_sma7_above_sma30__z_btc_log_volume__mul,0.002597
extra_trees_engineered,z2_z_btc_rolling_position_7d__z_btc_rolling_position_60d__mul,0.002535
extra_trees_engineered,z2_z_btc_trend_above_sma50__z_gold_return_7d__mul,0.002524
extra_trees_engineered,z2_z_gold_return_7d__z_btc_candle_range_pct__div,0.002474
extra_trees_engineered,z2_z_btc_rolling_position_20d__z_btc_rolling_position_60d__mul,0.002473
extra_trees_engineered,z2_z_btc_rsi_30__z_btc_rolling_position_60d__div,0.00238
extra_trees_engineered,z_btc_green_candle_flag,0.002293
extra_trees_engineered,z2_z_btc_rsi_30__z_btc_trend_strength_20_50__add,0.002259
extra_trees_engineered,z2_z_btc_volume_pct_7d__z_nasdaq_return_1d__div,0.002125
extra_trees_engineered,z2_z_btc_trend_above_sma20__z_btc_rolling_mean_distance_60d__div,0.00209
extra_trees_engineered,z2_z_btc_trend_sma50_above_sma200__z_us10y_bp_chg_7d__div,0.002046
extra_trees_engineered,z2_z_btc_volume_pct_7d__z_btc_rsi_30__mul,0.002042
extra_trees_engineered,z2_z_btc_trend_above_sma50__z_btc_volume_diff_7d__add,0.002041
extra_trees_engineered,z2_z_btc_bollinger_percent_b_20d__z_btc_rsi_7__sub,0.002027
extra_trees_engineered,z2_z_btc_rolling_position_30d__z_btc_log_volume__mul,0.002012
extra_trees_engineered,z2_z_btc_rolling_position_60d__z_btc_volume_diff_7d__div,0.001929
extra_trees_engineered,z2_z_btc_rolling_position_30d__z_btc_volume_z_20d__div,0.001905
extra_trees_engineered,z2_z_btc_return_1d__z_btc_trend_strength_20_50__sub,0.001897
extra_trees_engineered,z2_z_us10y_bp_chg_7d__z_btc_drawdown_120d__div,0.001849
extra_trees_engineered,z2_z_btc_trend_sma7_above_sma30__z_btc_log_volume__sub,0.001822
extra_trees_engineered,z2_z_btc_log_volume__z_btc_rolling_mean_distance_30d__mul,0.001819
extra_trees_engineered,z2_z_btc_volume_pct_7d__z_btc_volume_diff_7d__div,0.001802
extra_trees_engineered,z2_z_us5y_bp_chg_7d__z_btc_trend_strength_20_50__add,0.00179
extra_trees_engineered,z2_z_btc_volume_pct_7d__z_btc_return_1d__sub,0.00179
extra_trees_engineered,z2_z_btc_trend_sma7_above_sma30__z_btc_log_volume__div,0.001786
extra_trees_engineered,z2_z_btc_trend_above_sma20__z_btc_log_volume__mul,0.001786
extra_trees_engineered,z2_z_btc_rsi_30__z_btc_rolling_position_60d__sub,0.001757
extra_trees_engineered,z2_z_btc_bollinger_lower_distance_20d__z_gold_return_7d__sub,0.001665
extra_trees_engineered,z2_z_btc_trend_above_sma20__z_btc_volume_z_20d__div,0.001601
extra_trees_engineered,z2_z_btc_trend_sma7_above_sma30__z_btc_return_1d__div,0.00158
extra_trees_engineered,z2_z_btc_trend_sma50_above_sma200__z_btc_rolling_mean_distance_60d__div,0.001567
extra_trees_engineered,z2_z_btc_rolling_position_7d__z_us5y_bp_chg_7d__div,0.00151
extra_trees_engineered,z2_z_us5y_bp_chg_7d__z_btc_trend_sma7_above_sma30__mul,0.001499
extra_trees_engineered,z2_z_btc_candle_body_pct__z_btc_trend_strength_50_200__sub,0.001499
extra_trees_engineered,z2_z_btc_candle_range_pct__z_btc_return_1d__div,0.001497
extra_trees_engineered,z2_z_btc_trend_strength_50_200__z_us10y_bp_chg_7d__add,0.001489
extra_trees_engineered,z2_z_btc_volume_pct_7d__z_btc_volume_diff_7d__sub,0.001486
extra_trees_engineered,z2_z_btc_rolling_position_30d__z_btc_rsi_7__div,0.001471
extra_trees_engineered,z2_z_btc_rolling_position_20d__z_btc_volume_z_20d__div,0.001466
extra_trees_engineered,z2_z_btc_volume_pct_7d__z_btc_candle_body_abs_pct__div,0.001439
extra_trees_engineered,z2_z_btc_volume_pct_7d__z_btc_log_volume__sub,0.001438
extra_trees_engineered,z2_z_gold_return_7d__z_btc_trend_strength_20_50__div,0.001416
extra_trees_engineered,z2_z_gold_return_7d__z_btc_rolling_mean_distance_60d__div,0.001395
extra_trees_engineered,z2_z_btc_rolling_position_60d__z_btc_volume_z_20d__div,0.001387
extra_trees_engineered,z2_z_btc_rsi_30__z_btc_log_volume__mul,0.001372
extra_trees_engineered,z2_z_btc_rolling_position_14d__z_btc_return_14d__mul,0.001367
extra_trees_engineered,z2_z_btc_trend_above_sma50__z_btc_candle_body_pct__sub,0.001344
extra_trees_engineered,z2_z_btc_trend_above_sma50__z_us10y_bp_chg_7d__add,0.001325
extra_trees_engineered,z2_z_btc_volume_pct_7d__z_btc_candle_body_pct__sub,0.001318
extra_trees_engineered,z2_z_btc_rolling_position_20d__z_btc_rsi_14__sub,0.001315
extra_trees_engineered,z2_z_btc_trend_sma7_above_sma30__z_btc_candle_body_pct__div,0.001301
extra_trees_engineered,z2_z_btc_rolling_position_30d__z_btc_rsi_30__sub,0.001282
extra_trees_engineered,z2_z_btc_trend_above_sma50__z_gold_return_7d__div,0.001281
extra_trees_engineered,z2_z_us10y_bp_chg_7d__z_btc_trend_strength_20_50__div,0.001271
extra_trees_engineered,z2_z_btc_bollinger_width_20d__z_btc_log_volume__add,0.001264
extra_trees_engineered,z2_z_btc_trend_sma50_above_sma200__z_us10y_bp_chg_7d__mul,0.001256
extra_trees_engineered,z2_z_sp500_return_1d__z_btc_return_14d__div,0.001254
extra_trees_engineered,z2_z_btc_volume_pct_7d__z_btc_trend_strength_50_200__add,0.001253
extra_trees_engineered,z2_z_btc_bollinger_lower_distance_20d__z_btc_trend_strength_50_200__sub,0.001253
extra_trees_engineered,z2_z_us5y_bp_chg_7d__z_btc_trend_sma7_above_sma30__div,0.001245
extra_trees_engineered,z2_z_btc_trend_sma7_above_sma30__z_btc_trend_strength_20_50__add,0.001243
extra_trees_engineered,z2_z_us5y_bp_chg_7d__z_btc_drawdown_120d__div,0.001235
extra_trees_engineered,z2_z_btc_rolling_position_30d__z_gold_return_7d__div,0.001231
extra_trees_engineered,z2_z_btc_rsi_7__z_btc_volume_z_20d__div,0.001219
extra_trees_engineered,z2_z_btc_rolling_position_20d__z_btc_bollinger_lower_distance_20d__div,0.001218
extra_trees_engineered,z2_z_btc_return_1d__z_btc_drawdown_120d__sub,0.001215
extra_trees_engineered,z2_z_btc_rolling_position_7d__z_btc_log_volume__div,0.001215
extra_trees_engineered,z2_z_btc_rolling_position_14d__z_btc_candle_range_pct__div,0.001208
extra_trees_engineered,z2_z_btc_rolling_position_7d__z_btc_rolling_position_60d__sub,0.001203
extra_trees_engineered,z2_z_btc_trend_above_sma50__z_btc_volume_z_20d__add,0.0012
extra_trees_engineered,z2_z_btc_rolling_position_30d__z_us5y_bp_chg_7d__div,0.001192
extra_trees_engineered,z2_z_btc_log_volume__z_btc_trend_strength_20_50__add,0.001186
extra_trees_engineered,z2_z_btc_trend_sma50_above_sma200__z_us5y_bp_chg_7d__add,0.001186
extra_trees_engineered,z2_z_us5y_bp_chg_7d__z_btc_trend_strength_50_200__add,0.001178
extra_trees_engineered,z2_z_btc_rolling_position_20d__z_btc_volume_diff_7d__div,0.001167
extra_trees_engineered,z2_z_btc_rolling_position_7d__z_btc_return_1d__div,0.001163
extra_trees_engineered,z2_z_btc_rolling_position_7d__z_us10y_bp_chg_7d__div,0.001161
extra_trees_engineered,z2_z_btc_rsi_30__z_us5y_bp_chg_7d__add,0.001153
extra_trees_engineered,z2_z_btc_rolling_position_7d__z_nasdaq_return_1d__div,0.00114
extra_trees_engineered,z2_z_btc_trend_sma7_above_sma30__z_btc_candle_body_pct__sub,0.001125
extra_trees_engineered,z_us30y_bp_chg_30d,0.001121
extra_trees_engineered,z2_z_btc_rolling_position_30d__z_btc_bollinger_lower_distance_20d__div,0.001109
extra_trees_engineered,z2_z_btc_rsi_30__z_btc_drawdown_120d__mul,0.001103
extra_trees_engineered,z2_z_btc_bollinger_percent_b_20d__z_btc_rsi_7__div,0.001101
extra_trees_engineered,z2_z_btc_rolling_position_7d__z_btc_trend_strength_20_50__mul,0.0011
extra_trees_engineered,z_us30y_bp_chg_1d,0.001097
extra_trees_engineered,z2_z_btc_rolling_mean_distance_60d__z_us10y_bp_chg_7d__add,0.001091
extra_trees_engineered,z2_z_us10y_bp_chg_7d__z_btc_volume_diff_7d__div,0.00109
extra_trees_engineered,z2_z_us5y_bp_chg_7d__z_btc_return_1d__div,0.00109
extra_trees_engineered,z2_z_btc_drawdown_120d__z_btc_volume_diff_7d__div,0.001089
extra_trees_engineered,z2_z_btc_volume_pct_7d__z_btc_trend_strength_20_50__sub,0.001079
extra_trees_engineered,z2_z_btc_rsi_30__z_btc_rolling_position_60d__mul,0.001076
extra_trees_engineered,z2_z_sp500_return_1d__z_btc_candle_body_pct__div,0.001071
extra_trees_engineered,z2_z_btc_rolling_position_20d__z_btc_return_14d__mul,0.001065
extra_trees_engineered,z2_z_btc_trend_sma50_above_sma200__z_us5y_bp_chg_7d__div,0.001056
extra_trees_engineered,z2_z_btc_rolling_position_14d__z_us5y_bp_chg_7d__div,0.001037
extra_trees_engineered,z2_z_btc_bollinger_lower_distance_20d__z_btc_rsi_14__div,0.001036
extra_trees_engineered,z2_z_btc_rsi_30__z_gold_return_7d__add,0.001031
extra_trees_engineered,z2_z_btc_rsi_30__z_btc_candle_range_pct__div,0.001028
extra_trees_engineered,z2_z_btc_rolling_mean_distance_30d__z_btc_return_14d__sub,0.001026
extra_trees_engineered,z2_z_btc_trend_above_sma50__z_btc_return_1d__sub,0.001026
extra_trees_engineered,z2_z_btc_rolling_mean_distance_60d__z_btc_rolling_mean_distance_30d__sub,0.001018
extra_trees_engineered,z2_z_btc_volume_diff_7d__z_btc_trend_strength_20_50__div,0.001017
extra_trees_engineered,z2_z_btc_candle_body_pct__z_btc_drawdown_120d__div,0.001007
extra_trees_engineered,z2_z_btc_rsi_7__z_gold_return_7d__div,0.001006
extra_trees_engineered,z2_z_btc_bollinger_percent_b_20d__z_btc_log_volume__mul,0.001005
extra_trees_engineered,z2_z_btc_trend_sma50_above_sma200__z_btc_volume_diff_7d__div,0.001
extra_trees_engineered,z2_z_btc_rolling_position_20d__z_btc_rolling_position_60d__div,0.000992
extra_trees_engineered,z2_z_btc_trend_above_sma50__z_nasdaq_return_1d__div,0.00099
extra_trees_engineered,z2_z_btc_candle_body_pct__z_btc_trend_strength_20_50__sub,0.00099
extra_trees_engineered,z2_z_btc_rolling_position_60d__z_gold_return_7d__sub,0.000989
extra_trees_engineered,z2_z_btc_trend_sma7_above_sma30__z_btc_return_14d__div,0.000985
extra_trees_engineered,z2_z_btc_bollinger_percent_b_20d__z_btc_rolling_position_60d__div,0.000979
extra_trees_engineered,z2_z_btc_return_1d__z_btc_trend_strength_50_200__sub,0.000976
extra_trees_engineered,z2_z_btc_trend_above_sma20__z_us5y_bp_chg_7d__div,0.000976
extra_trees_engineered,z2_z_btc_trend_sma50_above_sma200__z_us10y_bp_chg_7d__add,0.000975
extra_trees_engineered,z2_z_gold_return_7d__z_btc_trend_strength_50_200__mul,0.000972
extra_trees_engineered,z2_z_btc_rolling_position_7d__z_btc_candle_range_pct__div,0.000969
extra_trees_engineered,z2_z_btc_rolling_position_30d__z_nasdaq_return_1d__div,0.000969
extra_trees_engineered,z2_z_btc_bollinger_percent_b_20d__z_sp500_return_1d__div,0.000968
extra_trees_engineered,z2_z_btc_bollinger_percent_b_20d__z_btc_volume_diff_7d__div,0.000966
extra_trees_engineered,z2_z_btc_volume_pct_7d__z_btc_candle_range_pct__sub,0.000953
extra_trees_engineered,z2_z_btc_trend_above_sma20__z_btc_log_volume__sub,0.000947
extra_trees_engineered,z2_z_btc_trend_strength_50_200__z_us10y_bp_chg_7d__div,0.000935
extra_trees_engineered,z2_z_btc_trend_above_sma50__z_us5y_bp_chg_7d__div,0.000935
extra_trees_engineered,z2_z_btc_log_volume__z_btc_return_14d__div,0.000933
extra_trees_engineered,z2_z_btc_trend_sma50_above_sma200__z_btc_candle_body_pct__mul,0.000929
extra_trees_engineered,z2_z_us5y_bp_chg_7d__z_us10y_bp_chg_7d__mul,0.000926
extra_trees_engineered,z2_z_gold_return_7d__z_btc_candle_body_abs_pct__sub,0.000924
extra_trees_engineered,z2_z_btc_trend_above_sma20__z_btc_log_volume__div,0.000924
extra_trees_engineered,z2_z_btc_trend_above_sma50__z_btc_volume_z_20d__div,0.000923
extra_trees_engineered,z2_z_btc_rsi_7__z_btc_candle_body_abs_pct__div,0.000919
extra_trees_engineered,z2_z_btc_trend_above_sma20__z_btc_rsi_7__div,0.000917
extra_trees_engineered,z2_z_us5y_bp_chg_7d__z_btc_volume_z_20d__div,0.000915
extra_trees_engineered,z2_z_btc_rolling_position_7d__z_btc_rolling_position_60d__div,0.000914
extra_trees_engineered,z2_z_btc_bollinger_percent_b_20d__z_btc_rsi_30__sub,0.000913
extra_trees_engineered,z2_z_btc_volume_pct_7d__z_sp500_return_1d__sub,0.000912
extra_trees_engineered,z2_z_btc_rolling_position_7d__z_btc_return_1d__sub,0.00091
extra_trees_engineered,z2_z_btc_candle_body_abs_pct__z_btc_trend_strength_20_50__div,0.000903
extra_trees_engineered,z2_z_gold_return_7d__z_btc_trend_strength_50_200__div,0.000902
extra_trees_engineered,z2_z_btc_bollinger_width_20d__z_us5y_bp_chg_7d__mul,0.000895
extra_trees_engineered,z2_z_btc_trend_sma7_above_sma30__z_btc_volume_z_20d__div,0.000889
extra_trees_engineered,z2_z_btc_volume_pct_7d__z_us5y_bp_chg_7d__add,0.000885
extra_trees_engineered,z2_z_btc_bollinger_width_20d__z_sp500_return_1d__div,0.000885
extra_trees_engineered,z2_z_btc_rolling_position_30d__z_btc_return_1d__div,0.000883
extra_trees_engineered,z2_z_btc_rsi_7__z_btc_rolling_mean_distance_60d__div,0.000882
extra_trees_engineered,z2_z_btc_rsi_14__z_btc_rsi_7__sub,0.000881
extra_trees_engineered,z2_z_btc_rolling_position_7d__z_btc_volume_diff_7d__div,0.000879
extra_trees_engineered,z2_z_btc_rolling_position_20d__z_btc_rsi_7__div,0.000874
extra_trees_engineered,z2_z_btc_rsi_30__z_btc_trend_sma7_above_sma30__div,0.000874
extra_trees_engineered,z2_z_btc_trend_above_sma20__z_btc_return_1d__div,0.000866
extra_trees_engineered,z2_z_btc_bollinger_width_20d__z_btc_candle_body_pct__mul,0.000865
extra_trees_engineered,z2_z_btc_volume_pct_7d__z_btc_rsi_30__add,0.000863
extra_trees_engineered,z2_z_btc_rolling_position_14d__z_btc_return_1d__div,0.000863
extra_trees_engineered,z2_z_btc_rolling_position_60d__z_btc_return_1d__div,0.000862
extra_trees_engineered,z2_z_btc_bollinger_width_20d__z_btc_drawdown_120d__mul,0.000858
extra_trees_engineered,z2_z_btc_volume_pct_7d__z_btc_trend_sma50_above_sma200__div,0.000857
extra_trees_engineered,z2_z_btc_rolling_position_20d__z_btc_return_14d__add,0.000856
extra_trees_engineered,z2_z_btc_bollinger_lower_distance_20d__z_sp500_return_1d__div,0.000853
extra_trees_engineered,z2_z_btc_rsi_7__z_btc_return_1d__sub,0.00085
extra_trees_engineered,z2_z_gold_return_7d__z_btc_trend_sma7_above_sma30__sub,0.000844
extra_trees_engineered,z2_z_btc_rsi_7__z_btc_candle_body_pct__div,0.000843
extra_trees_engineered,z2_z_us5y_bp_chg_7d__z_btc_log_volume__mul,0.000843
extra_trees_engineered,z2_z_btc_volume_pct_7d__z_btc_rolling_position_14d__add,0.000843
extra_trees_engineered,z_btc_close_location,0.000842
extra_trees_engineered,z2_z_btc_rolling_position_14d__z_btc_bollinger_lower_distance_20d__div,0.000841
extra_trees_engineered,z_gold_return_1d,0.000839
extra_trees_engineered,z2_z_btc_trend_above_sma50__z_btc_volume_diff_7d__div,0.000838
extra_trees_engineered,z2_z_btc_rsi_30__z_btc_trend_sma7_above_sma30__add,0.000838
extra_trees_engineered,z2_z_btc_rolling_mean_distance_60d__z_btc_candle_body_pct__sub,0.000836
extra_trees_engineered,z2_z_btc_bollinger_width_20d__z_btc_rolling_mean_distance_30d__div,0.000834
extra_trees_engineered,z2_z_btc_rsi_30__z_btc_trend_above_sma20__div,0.000833
extra_trees_engineered,z2_z_btc_volume_pct_7d__z_btc_rolling_position_60d__div,0.000833
extra_trees_engineered,z2_z_btc_bollinger_percent_b_20d__z_btc_volume_z_20d__div,0.000833
extra_trees_engineered,z2_z_btc_return_1d__z_btc_candle_body_pct__div,0.000832
extra_trees_engineered,z2_z_btc_volume_pct_7d__z_btc_return_1d__div,0.000832
extra_trees_engineered,z2_z_btc_trend_sma50_above_sma200__z_btc_volume_z_20d__div,0.000831
extra_trees_engineered,z2_z_btc_trend_sma50_above_sma200__z_btc_return_14d__div,0.000831
extra_trees_engineered,z2_z_btc_return_1d__z_btc_rolling_mean_distance_60d__sub,0.000828
extra_trees_engineered,z2_z_btc_volume_pct_7d__z_btc_candle_body_abs_pct__sub,0.000827
extra_trees_engineered,z2_z_us10y_bp_chg_7d__z_btc_return_14d__div,0.000826
extra_trees_engineered,z2_z_btc_rsi_14__z_sp500_return_1d__div,0.000825
extra_trees_engineered,z2_z_us5y_bp_chg_7d__z_btc_rolling_mean_distance_60d__add,0.000819
extra_trees_engineered,z2_z_nasdaq_return_1d__z_btc_rolling_mean_distance_30d__add,0.000818
extra_trees_engineered,z2_z_btc_rolling_position_14d__z_btc_return_14d__add,0.000813
extra_trees_engineered,z2_z_btc_trend_above_sma50__z_us5y_bp_chg_7d__sub,0.000812
extra_trees_engineered,z2_z_btc_bollinger_percent_b_20d__z_btc_rolling_position_7d__mul,0.000812
extra_trees_engineered,z2_z_btc_volume_pct_7d__z_btc_bollinger_lower_distance_20d__add,0.00081
extra_trees_engineered,z_btc_upper_wick_pct,0.000804
extra_trees_engineered,z2_z_btc_trend_above_sma50__z_btc_rsi_30__add,0.000803
extra_trees_engineered,z2_z_btc_volume_pct_7d__z_btc_trend_strength_20_50__div,0.000802
extra_trees_engineered,z2_z_btc_rolling_position_14d__z_btc_return_1d__sub,0.000796
extra_trees_engineered,z2_z_btc_rolling_position_14d__z_btc_rsi_7__div,0.000795
extra_trees_engineered,z2_z_btc_rsi_30__z_btc_rsi_7__sub,0.000794
extra_trees_engineered,z2_z_btc_rsi_14__z_btc_trend_above_sma20__sub,0.000791
extra_trees_engineered,z2_z_btc_bollinger_width_20d__z_btc_rolling_mean_distance_60d__div,0.00079
extra_trees_engineered,z2_z_btc_candle_body_pct__z_btc_drawdown_120d__sub,0.000789
extra_trees_engineered,z2_z_btc_trend_above_sma50__z_us10y_bp_chg_7d__sub,0.000788
extra_trees_engineered,z2_z_btc_rsi_30__z_btc_trend_sma7_above_sma30__sub,0.000788
extra_trees_engineered,z2_z_btc_rolling_position_20d__z_btc_volume_pct_7d__div,0.000788
extra_trees_engineered,z2_z_btc_rolling_position_7d__z_btc_drawdown_120d__mul,0.000788
extra_trees_engineered,z2_z_btc_log_volume__z_btc_return_14d__mul,0.000785
extra_trees_engineered,z2_z_btc_volume_pct_7d__z_btc_rsi_14__mul,0.000784
extra_trees_engineered,z2_z_btc_bollinger_width_20d__z_btc_volume_z_20d__mul,0.000781
extra_trees_engineered,z2_z_btc_rsi_14__z_btc_volume_diff_7d__div,0.00078
extra_trees_engineered,z2_z_btc_rolling_position_20d__z_btc_log_volume__mul,0.000777
extra_trees_engineered,z2_z_btc_rolling_position_14d__z_btc_rolling_mean_distance_60d__div,0.000775
extra_trees_engineered,z2_z_btc_bollinger_width_20d__z_sp500_return_1d__mul,0.000774
extra_trees_engineered,z2_z_btc_bollinger_percent_b_20d__z_btc_bollinger_lower_distance_20d__div,0.000772
extra_trees_engineered,z2_z_btc_volume_pct_7d__z_btc_trend_sma7_above_sma30__add,0.000768
extra_trees_engineered,z2_z_btc_trend_above_sma20__z_btc_return_1d__sub,0.000767
extra_trees_engineered,z2_z_btc_trend_above_sma50__z_btc_candle_body_abs_pct__div,0.000764
extra_trees_engineered,z2_z_us5y_bp_chg_7d__z_btc_volume_diff_7d__div,0.000761
extra_trees_engineered,z2_z_btc_trend_above_sma50__z_btc_rsi_30__mul,0.000761
extra_trees_engineered,z2_z_btc_rsi_14__z_btc_log_volume__mul,0.000759
extra_trees_engineered,z2_z_btc_rolling_mean_distance_60d__z_btc_log_volume__mul,0.000759
extra_trees_engineered,z2_z_btc_rolling_position_7d__z_btc_rsi_14__sub,0.000757
extra_trees_engineered,z2_z_btc_rsi_7__z_us10y_bp_chg_7d__div,0.000754
extra_trees_engineered,z2_z_us5y_bp_chg_7d__z_btc_candle_body_pct__div,0.000754
extra_trees_engineered,z2_z_btc_trend_sma50_above_sma200__z_gold_return_7d__sub,0.000753
extra_trees_engineered,z2_z_btc_rolling_position_60d__z_gold_return_7d__div,0.000752
extra_trees_engineered,z2_z_us5y_bp_chg_7d__z_btc_return_14d__div,0.000749
extra_trees_engineered,z2_z_btc_rolling_position_14d__z_btc_rsi_30__mul,0.000747
extra_trees_engineered,z2_z_gold_return_7d__z_btc_trend_strength_20_50__sub,0.000745
extra_trees_engineered,z2_z_btc_volume_pct_7d__z_btc_rolling_position_60d__mul,0.000745
extra_trees_engineered,z2_z_btc_trend_sma50_above_sma200__z_btc_trend_strength_20_50__div,0.000745
extra_trees_engineered,z2_z_btc_bollinger_lower_distance_20d__z_btc_rolling_mean_distance_30d__div,0.000744
extra_trees_engineered,z2_z_btc_volume_pct_7d__z_btc_drawdown_120d__mul,0.000744
extra_trees_engineered,z2_z_us5y_bp_chg_7d__z_btc_trend_strength_20_50__mul,0.000742
extra_trees_engineered,z2_z_sp500_return_1d__z_btc_return_1d__sub,0.00074
extra_trees_engineered,z2_z_btc_rolling_position_20d__z_nasdaq_return_1d__div,0.000739
extra_trees_engineered,z2_z_btc_rolling_position_60d__z_btc_candle_body_abs_pct__div,0.000739
extra_trees_engineered,z2_z_btc_rolling_position_20d__z_btc_bollinger_percent_b_20d__sub,0.000738
extra_trees_engineered,z2_z_btc_candle_range_pct__z_btc_drawdown_120d__div,0.000738
extra_trees_engineered,z2_z_btc_rolling_position_7d__z_btc_return_14d__add,0.000737
extra_trees_engineered,z2_z_btc_volume_pct_7d__z_btc_bollinger_percent_b_20d__add,0.000735
extra_trees_engineered,z_us5y_bp_chg_30d,0.000734
extra_trees_engineered,z2_z_btc_rsi_14__z_btc_volume_z_20d__add,0.000734
extra_trees_engineered,z2_z_btc_volume_pct_7d__z_sp500_return_1d__mul,0.000732
extra_trees_engineered,z2_z_btc_volume_pct_7d__z_btc_rolling_mean_distance_60d__add,0.000732
extra_trees_engineered,z2_z_btc_return_1d__z_btc_volume_z_20d__add,0.000731
extra_trees_engineered,z2_z_btc_trend_sma50_above_sma200__z_btc_candle_body_pct__sub,0.00073
extra_trees_engineered,z2_z_btc_trend_above_sma50__z_btc_trend_strength_20_50__sub,0.000725
extra_trees_engineered,z2_z_btc_rolling_position_7d__z_btc_volume_z_20d__div,0.000725
extra_trees_engineered,z2_z_btc_rsi_30__z_gold_return_7d__sub,0.000724
extra_trees_engineered,z2_z_btc_volume_pct_7d__z_btc_return_14d__sub,0.000722
extra_trees_engineered,z2_z_btc_rolling_position_30d__z_btc_volume_diff_7d__mul,0.000722
extra_trees_engineered,z2_z_btc_rolling_position_14d__z_btc_volume_z_20d__div,0.00072
extra_trees_engineered,z2_z_btc_return_1d__z_btc_volume_diff_7d__div,0.00072
extra_trees_engineered,z2_z_btc_return_1d__z_btc_candle_body_pct__sub,0.00072
extra_trees_engineered,z2_z_btc_rolling_position_20d__z_btc_candle_body_pct__div,0.000719
extra_trees_engineered,z2_z_btc_trend_sma7_above_sma30__z_btc_volume_diff_7d__div,0.000719
extra_trees_engineered,z2_z_nasdaq_return_1d__z_btc_candle_range_pct__div,0.000719
extra_trees_engineered,z2_z_btc_rolling_position_14d__z_btc_volume_diff_7d__div,0.000718
extra_trees_engineered,z2_z_btc_rolling_position_20d__z_gold_return_7d__sub,0.000718
extra_trees_engineered,z2_z_btc_rolling_position_14d__z_nasdaq_return_1d__div,0.000715
extra_trees_engineered,z2_z_btc_volume_pct_7d__z_btc_volume_diff_7d__add,0.000715
extra_trees_engineered,z2_z_btc_rolling_position_20d__z_btc_return_1d__div,0.000713
extra_trees_engineered,z2_z_btc_rsi_30__z_btc_candle_body_pct__div,0.000713
extra_trees_engineered,z2_z_btc_candle_body_abs_pct__z_btc_drawdown_120d__div,0.000709
extra_trees_engineered,z2_z_btc_bollinger_width_20d__z_us10y_bp_chg_7d__div,0.000708
extra_trees_engineered,z2_z_btc_trend_sma50_above_sma200__z_btc_candle_body_abs_pct__div,0.000705
extra_trees_engineered,z2_z_btc_volume_z_20d__z_us10y_bp_chg_7d__sub,0.000705
extra_trees_engineered,z2_z_btc_rolling_position_30d__z_btc_trend_strength_20_50__div,0.000704
extra_trees_engineered,z2_z_btc_rolling_position_14d__z_btc_rsi_14__sub,0.000701
extra_trees_engineered,z2_z_btc_rsi_14__z_us5y_bp_chg_7d__div,0.0007
extra_trees_engineered,z2_z_btc_bollinger_width_20d__z_btc_return_1d__mul,0.0007
extra_trees_engineered,z_btc_return_lag_30,0.000699
extra_trees_engineered,z2_z_btc_rolling_position_7d__z_btc_candle_body_pct__div,0.000698
extra_trees_engineered,z2_z_btc_rolling_position_20d__z_btc_rolling_mean_distance_30d__sub,0.000698
extra_trees_engineered,z2_z_btc_bollinger_percent_b_20d__z_btc_trend_strength_50_200__add,0.000698
extra_trees_engineered,z2_z_btc_rolling_position_30d__z_us10y_bp_chg_7d__add,0.000693
extra_trees_engineered,z2_z_btc_rsi_7__z_btc_candle_body_pct__sub,0.000693
extra_trees_engineered,z2_z_btc_rsi_14__z_btc_candle_body_abs_pct__div,0.000692
extra_trees_engineered,z2_z_btc_trend_sma7_above_sma30__z_btc_trend_strength_20_50__div,0.000692
extra_trees_engineered,z2_z_gold_return_7d__z_btc_volume_diff_7d__add,0.00069
extra_trees_engineered,z2_z_btc_bollinger_width_20d__z_btc_rolling_position_7d__mul,0.000689
extra_trees_engineered,z2_z_btc_drawdown_120d__z_btc_log_volume__mul,0.000689
extra_trees_engineered,z2_z_btc_volume_pct_7d__z_nasdaq_return_1d__add,0.000688
extra_trees_engineered,z2_z_btc_trend_sma7_above_sma30__z_us10y_bp_chg_7d__div,0.000687
extra_trees_engineered,z2_z_nasdaq_return_1d__z_btc_rolling_mean_distance_30d__div,0.000687
extra_trees_engineered,z2_z_us5y_bp_chg_7d__z_gold_return_7d__add,0.000683
extra_trees_engineered,z2_z_btc_rsi_7__z_btc_candle_body_abs_pct__mul,0.000682
extra_trees_engineered,z2_z_gold_return_7d__z_btc_drawdown_120d__div,0.000682
extra_trees_engineered,z2_z_btc_volume_pct_7d__z_btc_rolling_mean_distance_30d__sub,0.000681
extra_trees_engineered,z2_z_btc_rolling_position_20d__z_gold_return_7d__div,0.00068
extra_trees_engineered,z2_z_btc_bollinger_width_20d__z_nasdaq_return_1d__div,0.000679
extra_trees_engineered,z2_z_btc_rolling_position_30d__z_btc_return_14d__mul,0.000674
extra_trees_engineered,z2_z_gold_return_7d__z_btc_log_volume__add,0.000674
extra_trees_engineered,z2_z_gold_return_7d__z_btc_log_volume__div,0.000673
extra_trees_engineered,z_nasdaq_return_7d,0.000673
extra_trees_engineered,z2_z_btc_bollinger_lower_distance_20d__z_btc_rsi_7__div,0.000673
extra_trees_engineered,z2_z_nasdaq_return_1d__z_btc_trend_strength_50_200__div,0.000672
extra_trees_engineered,z2_z_btc_return_1d__z_btc_volume_z_20d__sub,0.000672
extra_trees_engineered,z2_z_btc_rolling_position_14d__z_btc_trend_sma7_above_sma30__mul,0.000672
extra_trees_engineered,z2_z_btc_rolling_position_30d__z_btc_rsi_14__sub,0.00067
extra_trees_engineered,z2_z_us5y_bp_chg_7d__z_btc_rolling_mean_distance_30d__sub,0.000668
extra_trees_engineered,z_btc_volume_z_60d,0.000667
extra_trees_engineered,z2_z_us5y_bp_chg_7d__z_btc_log_volume__add,0.000665
extra_trees_engineered,z2_z_us5y_bp_chg_7d__z_btc_rolling_mean_distance_30d__add,0.000665
extra_trees_engineered,z2_z_btc_trend_above_sma20__z_btc_rolling_mean_distance_30d__div,0.000664
extra_trees_engineered,z2_z_btc_rolling_position_60d__z_nasdaq_return_1d__div,0.000664
extra_trees_engineered,z2_z_btc_bollinger_width_20d__z_btc_rolling_mean_distance_60d__sub,0.000663
extra_trees_engineered,z2_z_btc_rolling_position_30d__z_us5y_bp_chg_7d__add,0.000663
extra_trees_engineered,z2_z_btc_trend_above_sma50__z_us10y_bp_chg_7d__div,0.000662
extra_trees_engineered,z2_z_btc_rolling_position_60d__z_btc_trend_strength_20_50__sub,0.000661
extra_trees_engineered,z2_z_btc_bollinger_width_20d__z_btc_volume_z_20d__div,0.00066
extra_trees_engineered,z2_z_btc_bollinger_width_20d__z_nasdaq_return_1d__mul,0.000658
extra_trees_engineered,z2_z_btc_rsi_7__z_btc_volume_diff_7d__add,0.000658
extra_trees_engineered,z2_z_btc_volume_pct_7d__z_nasdaq_return_1d__sub,0.000657
extra_trees_engineered,z2_z_nasdaq_return_1d__z_btc_candle_range_pct__add,0.000656
extra_trees_engineered,z2_z_btc_rolling_position_30d__z_btc_candle_body_pct__sub,0.000652
extra_trees_engineered,z2_z_btc_rolling_position_14d__z_sp500_return_1d__div,0.000652
extra_trees_engineered,z2_z_btc_rsi_30__z_btc_rsi_14__sub,0.000652
extra_trees_engineered,z2_z_btc_rolling_position_30d__z_btc_candle_body_pct__div,0.000651
extra_trees_engineered,z2_z_sp500_return_1d__z_btc_trend_sma50_above_sma200__add,0.000651
extra_trees_engineered,z2_z_btc_rolling_position_14d__z_gold_return_7d__div,0.000651
extra_trees_engineered,z2_z_btc_bollinger_width_20d__z_us10y_bp_chg_7d__add,0.000651
extra_trees_engineered,z2_z_btc_trend_above_sma20__z_btc_return_14d__div,0.00065
extra_trees_engineered,z2_z_us5y_bp_chg_7d__z_btc_rolling_mean_distance_60d__div,0.000649
extra_trees_engineered,z2_z_us5y_bp_chg_7d__z_us10y_bp_chg_7d__sub,0.000648
extra_trees_engineered,z2_z_btc_trend_strength_20_50__z_btc_rolling_mean_distance_30d__div,0.000648
extra_trees_engineered,z2_z_btc_rolling_position_30d__z_btc_volume_z_20d__add,0.000648
extra_trees_engineered,z2_z_us5y_bp_chg_7d__z_btc_log_volume__div,0.000647
extra_trees_engineered,z2_z_btc_trend_above_sma50__z_sp500_return_1d__div,0.000646
extra_trees_engineered,z2_z_btc_rsi_7__z_gold_return_7d__mul,0.000645
extra_trees_engineered,z2_z_sp500_return_1d__z_us5y_bp_chg_7d__add,0.000645
extra_trees_engineered,z2_z_btc_rolling_position_7d__z_btc_rolling_position_60d__add,0.000645
extra_trees_engineered,z2_z_btc_candle_body_pct__z_btc_rolling_mean_distance_30d__sub,0.000643
extra_trees_engineered,z2_z_btc_rolling_position_20d__z_us5y_bp_chg_7d__sub,0.000643
extra_trees_engineered,z_us10y_bp_chg_7d,0.000642
extra_trees_engineered,z2_z_btc_rolling_position_30d__z_btc_log_volume__add,0.000642
extra_trees_engineered,z2_z_btc_volume_pct_7d__z_btc_rolling_position_60d__add,0.000642
extra_trees_engineered,z2_z_btc_return_1d__z_us10y_bp_chg_7d__mul,0.000641
extra_trees_engineered,z2_z_sp500_return_1d__z_us5y_bp_chg_7d__div,0.000641
extra_trees_engineered,z2_z_btc_volume_z_20d__z_btc_volume_diff_7d__sub,0.00064
extra_trees_engineered,z2_z_btc_bollinger_percent_b_20d__z_btc_rolling_position_7d__sub,0.00064
extra_trees_engineered,z2_z_btc_trend_above_sma50__z_btc_return_1d__div,0.000639
extra_trees_engineered,z2_z_btc_rolling_position_20d__z_us10y_bp_chg_7d__mul,0.000639
extra_trees_engineered,z2_z_gold_return_7d__z_btc_volume_diff_7d__div,0.000638
extra_trees_engineered,z2_z_btc_rsi_7__z_btc_return_1d__mul,0.000638
extra_trees_engineered,z2_z_us5y_bp_chg_7d__z_btc_volume_z_20d__mul,0.000637
extra_trees_engineered,z2_z_btc_bollinger_percent_b_20d__z_btc_rolling_position_7d__div,0.000636
extra_trees_engineered,z2_z_btc_rsi_30__z_btc_trend_sma7_above_sma30__mul,0.000635
extra_trees_engineered,z2_z_btc_rsi_14__z_gold_return_7d__div,0.000635
extra_trees_engineered,z2_z_btc_trend_strength_50_200__z_btc_volume_z_20d__div,0.000635
extra_trees_engineered,z2_z_btc_rolling_position_30d__z_us5y_bp_chg_7d__sub,0.000634
extra_trees_engineered,z2_z_us5y_bp_chg_7d__z_btc_return_1d__mul,0.000634
extra_trees_engineered,z2_z_btc_trend_sma50_above_sma200__z_btc_return_1d__sub,0.000632
extra_trees_engineered,z_btc_return_3d,0.000631
extra_trees_engineered,z2_z_btc_bollinger_width_20d__z_us5y_bp_chg_7d__add,0.00063
extra_trees_engineered,z2_z_btc_rolling_position_20d__z_btc_volume_diff_7d__mul,0.00063
extra_trees_engineered,z2_z_btc_rolling_position_20d__z_btc_rolling_position_7d__mul,0.00063
extra_trees_engineered,z2_z_btc_bollinger_width_20d__z_btc_drawdown_120d__sub,0.00063
extra_trees_engineered,z2_z_btc_rsi_30__z_btc_return_1d__div,0.000629
extra_trees_engineered,z2_z_btc_rolling_position_30d__z_btc_rolling_mean_distance_60d__div,0.000627
extra_trees_engineered,z2_z_btc_volume_pct_7d__z_btc_volume_z_20d__sub,0.000625
extra_trees_engineered,z2_z_btc_return_1d__z_btc_rolling_mean_distance_60d__div,0.000624
extra_trees_engineered,z2_z_btc_bollinger_lower_distance_20d__z_btc_rsi_7__sub,0.000624
extra_trees_engineered,z2_z_btc_candle_body_pct__z_btc_volume_diff_7d__add,0.000624
extra_trees_engineered,z2_z_btc_trend_above_sma50__z_btc_rolling_position_60d__mul,0.000624
extra_trees_engineered,z2_z_btc_volume_z_20d__z_us10y_bp_chg_7d__div,0.000623
extra_trees_engineered,z2_z_btc_trend_above_sma20__z_btc_candle_body_abs_pct__div,0.000622
extra_trees_engineered,z2_z_btc_trend_above_sma50__z_btc_bollinger_lower_distance_20d__div,0.000621
extra_trees_engineered,z2_z_btc_log_volume__z_btc_volume_diff_7d__div,0.000621
extra_trees_engineered,z2_z_btc_trend_strength_50_200__z_btc_rolling_mean_distance_30d__sub,0.000619
extra_trees_engineered,z2_z_btc_rsi_7__z_btc_volume_z_20d__sub,0.000618
extra_trees_engineered,z2_z_btc_candle_body_abs_pct__z_us10y_bp_chg_7d__mul,0.000618
extra_trees_engineered,z2_z_nasdaq_return_1d__z_btc_candle_body_pct__div,0.000617
extra_trees_engineered,z2_z_btc_rolling_position_20d__z_btc_trend_sma7_above_sma30__mul,0.000616
extra_trees_engineered,z2_z_btc_bollinger_width_20d__z_btc_candle_body_abs_pct__div,0.000613
extra_trees_engineered,z2_z_btc_rsi_7__z_btc_candle_body_pct__mul,0.000612
extra_trees_engineered,z2_z_gold_return_7d__z_btc_rolling_mean_distance_60d__add,0.000611
extra_trees_engineered,z2_z_btc_bollinger_lower_distance_20d__z_btc_volume_z_20d__div,0.000609
extra_trees_engineered,z2_z_btc_rolling_position_30d__z_btc_trend_above_sma20__div,0.000607
extra_trees_engineered,z2_z_btc_trend_strength_50_200__z_btc_log_volume__sub,0.000607
extra_trees_engineered,z2_z_btc_rolling_position_20d__z_btc_rolling_mean_distance_60d__div,0.000606
extra_trees_engineered,z2_z_btc_rolling_position_7d__z_btc_trend_above_sma20__div,0.000606
extra_trees_engineered,z2_z_btc_trend_above_sma50__z_btc_rolling_position_60d__div,0.000604
extra_trees_engineered,z2_z_sp500_return_1d__z_gold_return_7d__sub,0.000604
extra_trees_engineered,z_btc_return_5d,0.000602
extra_trees_engineered,z2_z_us5y_bp_chg_7d__z_btc_trend_strength_50_200__mul,0.000601
extra_trees_engineered,z2_z_btc_bollinger_width_20d__z_btc_trend_above_sma50__add,0.000601
extra_trees_engineered,z2_z_btc_trend_above_sma50__z_btc_rolling_position_7d__div,0.0006
extra_trees_engineered,z2_z_nasdaq_return_1d__z_gold_return_7d__div,0.000598
extra_trees_engineered,z2_z_btc_rolling_position_7d__z_btc_log_volume__add,0.000597
extra_trees_engineered,z2_z_btc_rsi_14__z_btc_trend_strength_20_50__add,0.000597
extra_trees_engineered,z2_z_btc_rolling_mean_distance_60d__z_btc_trend_strength_20_50__sub,0.000596
extra_trees_engineered,z2_z_btc_bollinger_width_20d__z_btc_rolling_position_20d__mul,0.000595
extra_trees_engineered,z2_z_btc_drawdown_120d__z_btc_return_14d__mul,0.000595
extra_trees_engineered,z2_z_btc_bollinger_width_20d__z_btc_rolling_position_14d__div,0.000594
extra_trees_engineered,z2_z_btc_trend_strength_50_200__z_btc_log_volume__mul,0.000593
extra_trees_engineered,z2_z_btc_rsi_7__z_btc_volume_diff_7d__div,0.000593
extra_trees_engineered,z_us10y_bp_chg_30d,0.000592
extra_trees_engineered,z2_z_btc_rolling_position_14d__z_btc_drawdown_120d__add,0.000592
extra_trees_engineered,z2_z_btc_trend_above_sma50__z_btc_trend_strength_20_50__div,0.000592
extra_trees_engineered,z2_z_btc_rolling_position_30d__z_btc_volume_diff_7d__div,0.00059
extra_trees_engineered,z2_z_btc_trend_strength_50_200__z_btc_volume_z_20d__sub,0.00059
extra_trees_engineered,z2_z_gold_return_7d__z_btc_trend_sma7_above_sma30__add,0.000589
extra_trees_engineered,z2_z_btc_bollinger_width_20d__z_btc_return_14d__div,0.000589
extra_trees_engineered,z2_z_btc_volume_pct_7d__z_btc_trend_strength_20_50__add,0.000589
extra_trees_engineered,z2_z_nasdaq_return_1d__z_btc_return_1d__div,0.000588
extra_trees_engineered,z2_z_btc_volume_pct_7d__z_btc_rolling_position_30d__sub,0.000587
extra_trees_engineered,z2_z_btc_drawdown_120d__z_btc_volume_diff_7d__mul,0.000587
extra_trees_engineered,z2_z_btc_trend_above_sma20__z_us10y_bp_chg_7d__mul,0.000587
extra_trees_engineered,z2_z_btc_rolling_position_20d__z_btc_volume_z_20d__mul,0.000585
extra_trees_engineered,z2_z_btc_trend_above_sma50__z_us5y_bp_chg_7d__add,0.000584
extra_trees_engineered,z2_z_btc_trend_above_sma50__z_btc_candle_range_pct__add,0.000583
extra_trees_engineered,z2_z_btc_rolling_position_14d__z_btc_bollinger_percent_b_20d__mul,0.000582
extra_trees_engineered,z2_z_sp500_return_1d__z_btc_candle_body_abs_pct__div,0.000582
extra_trees_engineered,z2_z_nasdaq_return_1d__z_btc_trend_strength_20_50__div,0.00058
extra_trees_engineered,z2_z_gold_return_7d__z_btc_candle_body_pct__sub,0.000579
extra_trees_engineered,z2_z_btc_rolling_position_14d__z_btc_candle_body_pct__div,0.000579
extra_trees_engineered,z2_z_btc_trend_strength_50_200__z_btc_trend_strength_20_50__div,0.000577
extra_trees_engineered,z2_z_btc_rsi_14__z_btc_volume_diff_7d__mul,0.000577
extra_trees_engineered,z2_z_btc_rolling_position_14d__z_btc_rolling_position_7d__mul,0.000576
extra_trees_engineered,z2_z_btc_candle_body_pct__z_btc_trend_strength_50_200__div,0.000576
extra_trees_engineered,z2_z_btc_rsi_14__z_btc_volume_z_20d__sub,0.000576
extra_trees_engineered,z2_z_btc_volume_pct_7d__z_btc_rolling_mean_distance_60d__div,0.000575
extra_trees_engineered,z2_z_btc_rolling_position_60d__z_btc_trend_strength_20_50__mul,0.000575
extra_trees_engineered,z2_z_btc_volume_pct_7d__z_nasdaq_return_1d__mul,0.000575
extra_trees_engineered,z2_z_btc_rsi_7__z_us5y_bp_chg_7d__div,0.000573
extra_trees_engineered,z_btc_rsi_30,0.000573
extra_trees_engineered,z2_z_us10y_bp_chg_7d__z_btc_log_volume__add,0.000573
extra_trees_engineered,z2_z_gold_return_7d__z_btc_volume_diff_7d__sub,0.000572
extra_trees_engineered,z2_z_btc_bollinger_lower_distance_20d__z_us10y_bp_chg_7d__mul,0.000572
extra_trees_engineered,z2_z_gold_return_7d__z_btc_candle_range_pct__sub,0.000572
extra_trees_engineered,z2_z_btc_rolling_position_60d__z_btc_candle_body_abs_pct__add,0.00057
extra_trees_engineered,z2_z_btc_bollinger_lower_distance_20d__z_btc_return_14d__sub,0.00057
extra_trees_engineered,z2_z_btc_rsi_14__z_btc_trend_strength_50_200__sub,0.000569
extra_trees_engineered,z2_z_btc_rolling_position_30d__z_btc_candle_range_pct__div,0.000569
extra_trees_engineered,z2_z_btc_candle_body_pct__z_btc_return_14d__mul,0.000569
extra_trees_engineered,z2_z_btc_rsi_14__z_btc_return_1d__sub,0.000568
extra_trees_engineered,z2_z_btc_rsi_30__z_btc_candle_body_abs_pct__sub,0.000568
extra_trees_engineered,z2_z_gold_return_7d__z_btc_drawdown_120d__mul,0.000567
extra_trees_engineered,z2_z_btc_rolling_position_14d__z_us10y_bp_chg_7d__div,0.000566
extra_trees_engineered,z2_z_btc_rolling_position_14d__z_btc_candle_body_pct__sub,0.000566
extra_trees_engineered,z2_z_btc_bollinger_width_20d__z_gold_return_7d__div,0.000565
extra_trees_engineered,z2_z_btc_rsi_30__z_sp500_return_1d__add,0.000565
extra_trees_engineered,z2_z_btc_bollinger_width_20d__z_btc_trend_strength_20_50__add,0.000565
extra_trees_engineered,z2_z_btc_trend_above_sma50__z_btc_rolling_mean_distance_60d__sub,0.000563
extra_trees_engineered,z2_z_btc_rolling_position_60d__z_btc_candle_body_pct__div,0.000563
extra_trees_engineered,z2_z_btc_trend_sma50_above_sma200__z_btc_candle_body_pct__div,0.000562
extra_trees_engineered,z2_z_btc_rolling_mean_distance_30d__z_btc_return_14d__div,0.000562
extra_trees_engineered,z2_z_btc_bollinger_lower_distance_20d__z_btc_candle_body_pct__div,0.000561
extra_trees_engineered,z2_z_gold_return_7d__z_btc_return_14d__div,0.00056
extra_trees_engineered,z2_z_us10y_bp_chg_7d__z_btc_rolling_mean_distance_30d__div,0.000559
extra_trees_engineered,z2_z_btc_bollinger_percent_b_20d__z_btc_candle_body_pct__sub,0.000558
extra_trees_engineered,z2_z_btc_rsi_7__z_btc_candle_range_pct__div,0.000558
extra_trees_engineered,z_btc_bollinger_upper_distance_20d,0.000558
extra_trees_engineered,z2_z_btc_trend_sma7_above_sma30__z_btc_rolling_mean_distance_60d__div,0.000557
extra_trees_engineered,z_btc_lower_wick_pct,0.000557
extra_trees_engineered,z2_z_btc_volume_pct_7d__z_btc_trend_above_sma50__mul,0.000557
extra_trees_engineered,z2_z_btc_rsi_30__z_btc_drawdown_120d__add,0.000557
extra_trees_engineered,z2_z_btc_rolling_position_60d__z_btc_rsi_14__div,0.000557
extra_trees_engineered,z2_z_us5y_bp_chg_7d__z_btc_trend_sma7_above_sma30__sub,0.000556
extra_trees_engineered,z2_z_nasdaq_return_1d__z_btc_return_14d__div,0.000554
extra_trees_engineered,z2_z_btc_rsi_30__z_us10y_bp_chg_7d__add,0.000554
extra_trees_engineered,z2_z_btc_rolling_position_7d__z_btc_trend_sma50_above_sma200__div,0.000554
extra_trees_engineered,z2_z_btc_bollinger_width_20d__z_nasdaq_return_1d__add,0.000553
extra_trees_engineered,z2_z_btc_trend_sma50_above_sma200__z_gold_return_7d__div,0.000552
extra_trees_engineered,z2_z_btc_rsi_30__z_btc_rsi_7__mul,0.000552
extra_trees_engineered,z2_z_btc_volume_pct_7d__z_btc_rolling_position_7d__sub,0.000552
extra_trees_engineered,z2_z_btc_bollinger_lower_distance_20d__z_btc_candle_body_abs_pct__sub,0.000551
extra_trees_engineered,z2_z_btc_trend_sma7_above_sma30__z_btc_return_14d__sub,0.000551
extra_trees_engineered,z2_z_btc_rolling_position_60d__z_btc_rolling_mean_distance_30d__sub,0.00055
extra_trees_engineered,z2_z_btc_trend_above_sma50__z_btc_log_volume__sub,0.000548
extra_trees_engineered,z2_z_gold_return_7d__z_btc_candle_body_abs_pct__div,0.000548
extra_trees_engineered,z2_z_btc_rsi_7__z_btc_candle_range_pct__mul,0.000548
extra_trees_engineered,z2_z_btc_rolling_position_14d__z_btc_rolling_mean_distance_30d__div,0.000547
extra_trees_engineered,z2_z_btc_volume_pct_7d__z_btc_log_volume__mul,0.000547
extra_trees_engineered,z2_z_btc_rsi_30__z_btc_trend_above_sma20__sub,0.000547
extra_trees_engineered,z2_z_btc_bollinger_width_20d__z_btc_candle_body_abs_pct__mul,0.000546
extra_trees_engineered,z2_z_btc_rolling_position_7d__z_btc_volume_z_20d__mul,0.000546
extra_trees_engineered,z2_z_us5y_bp_chg_7d__z_btc_return_14d__sub,0.000545
extra_trees_engineered,z2_z_btc_bollinger_lower_distance_20d__z_btc_rolling_position_60d__div,0.000545
extra_trees_engineered,z2_z_us5y_bp_chg_7d__z_btc_volume_z_20d__sub,0.000544
extra_trees_engineered,z2_z_btc_rolling_position_7d__z_btc_candle_range_pct__mul,0.000543
extra_trees_engineered,z2_z_btc_rolling_position_20d__z_btc_return_1d__mul,0.000543
extra_trees_engineered,z2_z_btc_bollinger_width_20d__z_btc_volume_z_20d__add,0.000542
extra_trees_engineered,z2_z_btc_volume_pct_7d__z_btc_candle_body_pct__div,0.000541
extra_trees_engineered,z2_z_btc_rolling_position_30d__z_btc_trend_above_sma20__mul,0.00054
extra_trees_engineered,z2_z_btc_trend_strength_50_200__z_btc_log_volume__add,0.00054
extra_trees_engineered,z2_z_gold_return_7d__z_btc_drawdown_120d__add,0.00054
extra_trees_engineered,z2_z_btc_bollinger_percent_b_20d__z_gold_return_7d__sub,0.00054
extra_trees_engineered,z2_z_btc_rolling_position_60d__z_btc_trend_strength_20_50__div,0.000538
extra_trees_engineered,z2_z_btc_rsi_7__z_btc_return_1d__div,0.000538
extra_trees_engineered,z2_z_btc_volume_pct_7d__z_btc_rolling_mean_distance_60d__sub,0.000538
extra_trees_engineered,z2_z_btc_bollinger_width_20d__z_sp500_return_1d__add,0.000538
extra_trees_engineered,z2_z_btc_bollinger_percent_b_20d__z_us5y_bp_chg_7d__div,0.000538
extra_trees_engineered,z2_z_btc_trend_above_sma20__z_btc_volume_diff_7d__add,0.000537
extra_trees_engineered,z2_z_nasdaq_return_1d__z_btc_trend_strength_20_50__add,0.000537
extra_trees_engineered,z2_z_btc_bollinger_width_20d__z_btc_rsi_14__div,0.000537
extra_trees_engineered,z2_z_btc_drawdown_120d__z_btc_return_14d__div,0.000537
extra_trees_engineered,z2_z_btc_volume_diff_7d__z_btc_trend_strength_20_50__sub,0.000537
extra_trees_engineered,z2_z_btc_log_volume__z_btc_trend_strength_20_50__mul,0.000536
extra_trees_engineered,z2_z_btc_volume_z_20d__z_btc_volume_diff_7d__div,0.000536
extra_trees_engineered,z2_z_btc_trend_above_sma20__z_nasdaq_return_1d__add,0.000536
extra_trees_engineered,z2_z_us5y_bp_chg_7d__z_btc_log_volume__sub,0.000534
extra_trees_engineered,z_btc_return_30d,0.000533
extra_trees_engineered,z2_z_nasdaq_return_1d__z_btc_rsi_7__div,0.000533
extra_trees_engineered,z2_z_btc_rolling_position_30d__z_us10y_bp_chg_7d__sub,0.000532
extra_trees_engineered,z2_z_btc_candle_body_abs_pct__z_btc_volume_z_20d__div,0.000532
extra_trees_engineered,z2_z_btc_rolling_position_60d__z_btc_volume_diff_7d__sub,0.000532
extra_trees_engineered,z2_z_btc_bollinger_width_20d__z_btc_trend_strength_20_50__div,0.000532
extra_trees_engineered,z_gold_return_30d,0.000531
extra_trees_engineered,z2_z_gold_return_7d__z_btc_trend_sma7_above_sma30__div,0.000531
extra_trees_engineered,z2_z_gold_return_7d__z_btc_rolling_mean_distance_60d__mul,0.00053
extra_trees_engineered,z2_z_btc_rolling_position_60d__z_btc_trend_above_sma20__mul,0.00053
extra_trees_engineered,z2_z_btc_volume_pct_7d__z_btc_drawdown_120d__sub,0.00053
extra_trees_engineered,z2_z_btc_rsi_30__z_btc_trend_sma50_above_sma200__div,0.000529
extra_trees_engineered,z2_z_btc_candle_range_pct__z_us10y_bp_chg_7d__sub,0.000529
extra_trees_engineered,z2_z_btc_rolling_position_30d__z_btc_trend_strength_20_50__mul,0.000529
extra_trees_engineered,z2_z_btc_rsi_7__z_gold_return_7d__sub,0.000528
extra_trees_engineered,z2_z_btc_bollinger_width_20d__z_btc_bollinger_lower_distance_20d__div,0.000526
extra_trees_engineered,z2_z_btc_rsi_30__z_btc_return_1d__sub,0.000526
extra_trees_engineered,z2_z_btc_bollinger_width_20d__z_btc_trend_strength_50_200__sub,0.000526
extra_trees_engineered,z2_z_btc_rolling_position_60d__z_btc_return_14d__add,0.000525
extra_trees_engineered,z2_z_btc_rolling_position_20d__z_btc_rolling_position_60d__sub,0.000525
extra_trees_engineered,z2_z_btc_volume_z_20d__z_btc_log_volume__add,0.000525
extra_trees_engineered,z2_z_btc_volume_diff_7d__z_btc_rolling_mean_distance_30d__mul,0.000523
extra_trees_engineered,z2_z_btc_bollinger_width_20d__z_btc_trend_sma7_above_sma30__add,0.000523
extra_trees_engineered,z2_z_btc_bollinger_lower_distance_20d__z_btc_rsi_14__sub,0.000523
extra_trees_engineered,z2_z_btc_rolling_position_7d__z_btc_return_14d__mul,0.000523
extra_trees_engineered,z2_z_btc_bollinger_width_20d__z_btc_log_volume__div,0.000522
extra_trees_engineered,z2_z_btc_rolling_position_30d__z_btc_trend_sma7_above_sma30__sub,0.000521
extra_trees_engineered,z2_z_btc_rolling_position_20d__z_btc_trend_strength_20_50__sub,0.000521
extra_trees_engineered,z2_z_btc_rolling_mean_distance_60d__z_btc_log_volume__div,0.000521
extra_trees_engineered,z2_z_btc_candle_range_pct__z_us10y_bp_chg_7d__add,0.00052
extra_trees_engineered,z2_z_gold_return_7d__z_us10y_bp_chg_7d__div,0.00052
extra_trees_engineered,z2_z_btc_rsi_7__z_btc_candle_body_abs_pct__sub,0.000519
extra_trees_engineered,z2_z_btc_rolling_position_30d__z_btc_volume_z_20d__mul,0.000519
extra_trees_engineered,z2_z_btc_rolling_position_7d__z_btc_trend_strength_20_50__div,0.000518
extra_trees_engineered,z2_z_btc_rolling_position_60d__z_sp500_return_1d__div,0.000518
extra_trees_engineered,z2_z_btc_rolling_mean_distance_60d__z_btc_return_14d__mul,0.000518
extra_trees_engineered,z2_z_btc_rolling_position_7d__z_btc_rsi_7__sub,0.000518
extra_trees_engineered,z2_z_btc_bollinger_width_20d__z_btc_rsi_7__mul,0.000518
extra_trees_engineered,z2_z_sp500_return_1d__z_nasdaq_return_1d__div,0.000518
extra_trees_engineered,z2_z_btc_bollinger_percent_b_20d__z_btc_rolling_position_60d__sub,0.000513
extra_trees_engineered,z2_z_btc_rolling_position_7d__z_btc_drawdown_120d__div,0.000513
extra_trees_engineered,z2_z_btc_trend_above_sma20__z_btc_candle_range_pct__div,0.000513
extra_trees_engineered,z2_z_btc_rolling_position_30d__z_btc_trend_strength_20_50__sub,0.000513
extra_trees_engineered,z2_z_btc_trend_strength_50_200__z_us10y_bp_chg_7d__sub,0.000512
extra_trees_engineered,z2_z_btc_trend_strength_50_200__z_btc_volume_diff_7d__div,0.000512
extra_trees_engineered,z2_z_btc_volume_pct_7d__z_us10y_bp_chg_7d__add,0.000512
extra_trees_engineered,z2_z_btc_volume_pct_7d__z_btc_drawdown_120d__add,0.000511
extra_trees_engineered,z2_z_nasdaq_return_1d__z_btc_trend_sma50_above_sma200__add,0.000511
extra_trees_engineered,z2_z_btc_volume_pct_7d__z_sp500_return_1d__div,0.00051
extra_trees_engineered,z2_z_btc_bollinger_width_20d__z_btc_volume_pct_7d__sub,0.000509
extra_trees_engineered,z2_z_btc_trend_sma7_above_sma30__z_us10y_bp_chg_7d__add,0.000508
extra_trees_engineered,z2_z_btc_trend_above_sma20__z_btc_trend_strength_50_200__add,0.000507
extra_trees_engineered,z2_z_btc_rsi_30__z_btc_trend_sma50_above_sma200__mul,0.000506
extra_trees_engineered,z2_z_btc_trend_above_sma50__z_btc_candle_range_pct__div,0.000506
extra_trees_engineered,z2_z_btc_volume_pct_7d__z_btc_log_volume__add,0.000505
extra_trees_engineered,z2_z_btc_rolling_position_30d__z_us10y_bp_chg_7d__mul,0.000505
extra_trees_engineered,z2_z_btc_trend_above_sma50__z_btc_return_14d__sub,0.000505
extra_trees_engineered,z2_z_btc_rolling_position_30d__z_btc_rolling_mean_distance_30d__sub,0.000504
extra_trees_engineered,z2_z_btc_rolling_position_20d__z_us5y_bp_chg_7d__div,0.000503
extra_trees_engineered,z2_z_btc_rolling_position_14d__z_btc_rsi_14__div,0.000503
extra_trees_engineered,z2_z_btc_trend_sma50_above_sma200__z_btc_candle_body_abs_pct__mul,0.000502
extra_trees_engineered,z2_z_btc_bollinger_width_20d__z_btc_rolling_position_30d__div,0.000502
extra_trees_engineered,z2_z_btc_trend_sma50_above_sma200__z_btc_log_volume__div,0.0005
extra_trees_engineered,z2_z_btc_bollinger_width_20d__z_btc_volume_pct_7d__div,0.0005
extra_trees_engineered,z2_z_btc_trend_strength_50_200__z_btc_rolling_mean_distance_30d__div,0.0005
extra_trees_engineered,z2_z_btc_rolling_mean_distance_60d__z_btc_trend_strength_50_200__add,0.0005
extra_trees_engineered,z2_z_btc_trend_sma50_above_sma200__z_btc_volume_diff_7d__mul,0.0005
extra_trees_engineered,z2_z_btc_rsi_14__z_btc_rolling_mean_distance_30d__sub,0.000499
extra_trees_engineered,z2_z_btc_trend_above_sma20__z_nasdaq_return_1d__mul,0.000499
extra_trees_engineered,z2_z_btc_candle_body_abs_pct__z_btc_return_14d__div,0.000499
extra_trees_engineered,z2_z_us5y_bp_chg_7d__z_btc_trend_strength_50_200__div,0.000499
extra_trees_engineered,z2_z_btc_rolling_position_60d__z_us5y_bp_chg_7d__div,0.000499
extra_trees_engineered,z2_z_btc_rolling_position_14d__z_btc_trend_above_sma20__div,0.000498
extra_trees_engineered,z2_z_nasdaq_return_1d__z_btc_candle_body_pct__sub,0.000498
extra_trees_engineered,z2_z_nasdaq_return_1d__z_btc_trend_sma7_above_sma30__add,0.000498
extra_trees_engineered,z2_z_btc_trend_above_sma20__z_btc_volume_diff_7d__div,0.000496
extra_trees_engineered,z2_z_btc_rsi_7__z_btc_candle_range_pct__sub,0.000496
extra_trees_engineered,z2_z_btc_rolling_position_14d__z_btc_rsi_7__sub,0.000496
extra_trees_engineered,z2_z_us10y_bp_chg_7d__z_btc_return_14d__sub,0.000495
extra_trees_engineered,z2_z_btc_rolling_position_14d__z_btc_candle_body_abs_pct__sub,0.000495
extra_trees_engineered,z2_z_btc_candle_body_abs_pct__z_btc_trend_strength_50_200__sub,0.000494
extra_trees_engineered,z2_z_btc_trend_strength_50_200__z_btc_drawdown_120d__div,0.000494
extra_trees_engineered,z2_z_btc_rsi_14__z_btc_trend_sma7_above_sma30__sub,0.000494
extra_trees_engineered,z2_z_us10y_bp_chg_7d__z_btc_trend_strength_20_50__mul,0.000493
extra_trees_engineered,z2_z_btc_trend_above_sma50__z_nasdaq_return_1d__sub,0.000493
extra_trees_engineered,z2_z_btc_bollinger_lower_distance_20d__z_nasdaq_return_1d__div,0.000492
extra_trees_engineered,z_us30y_bp_chg_7d,0.000492
extra_trees_engineered,z2_z_btc_trend_sma7_above_sma30__z_btc_return_1d__sub,0.000491
extra_trees_engineered,z2_z_btc_rsi_30__z_nasdaq_return_1d__add,0.000491
extra_trees_engineered,z2_z_btc_rolling_position_14d__z_btc_bollinger_lower_distance_20d__mul,0.000491
extra_trees_engineered,z2_z_gold_return_7d__z_btc_trend_sma7_above_sma30__mul,0.00049
extra_trees_engineered,z2_z_btc_bollinger_lower_distance_20d__z_btc_trend_sma50_above_sma200__sub,0.00049
extra_trees_engineered,z2_z_btc_rolling_position_14d__z_btc_rsi_30__div,0.000489
extra_trees_engineered,z2_z_btc_candle_body_abs_pct__z_btc_log_volume__sub,0.000489
extra_trees_engineered,z2_z_btc_rsi_30__z_btc_rolling_mean_distance_30d__div,0.000489
extra_trees_engineered,z2_z_btc_rsi_7__z_btc_trend_strength_20_50__add,0.000489
extra_trees_engineered,z2_z_btc_rolling_position_14d__z_btc_rsi_7__mul,0.000488
extra_trees_engineered,z2_z_btc_trend_strength_20_50__z_btc_return_14d__sub,0.000488
extra_trees_engineered,z2_z_btc_rolling_position_30d__z_btc_rolling_mean_distance_60d__mul,0.000487
extra_trees_engineered,z2_z_btc_rsi_14__z_btc_rsi_7__div,0.000487
extra_trees_engineered,z2_z_btc_rsi_14__z_btc_candle_body_pct__div,0.000487
extra_trees_engineered,z2_z_sp500_return_1d__z_btc_volume_z_20d__mul,0.000487
extra_trees_engineered,z2_z_btc_rsi_7__z_btc_trend_sma7_above_sma30__mul,0.000486
extra_trees_engineered,z2_z_us10y_bp_chg_7d__z_btc_log_volume__sub,0.000486
extra_trees_engineered,z2_z_btc_trend_strength_50_200__z_btc_drawdown_120d__sub,0.000486
extra_trees_engineered,z2_z_btc_volume_pct_7d__z_btc_rolling_position_30d__mul,0.000485
extra_trees_engineered,z2_z_btc_rolling_position_7d__z_btc_volume_diff_7d__add,0.000484
extra_trees_engineered,z2_z_btc_rsi_14__z_btc_log_volume__div,0.000484
extra_trees_engineered,z2_z_btc_volume_pct_7d__z_btc_trend_strength_50_200__mul,0.000484
extra_trees_engineered,z2_z_btc_return_1d__z_btc_rolling_mean_distance_30d__sub,0.000483
extra_trees_engineered,z2_z_btc_rsi_30__z_btc_rolling_mean_distance_30d__sub,0.000483
extra_trees_engineered,z2_z_btc_volume_pct_7d__z_btc_trend_sma50_above_sma200__add,0.000483
extra_trees_engineered,z2_z_btc_rsi_14__z_btc_return_14d__mul,0.000482
extra_trees_engineered,z2_z_btc_rolling_position_20d__z_btc_volume_pct_7d__add,0.000482
extra_trees_engineered,z2_z_btc_candle_body_abs_pct__z_btc_trend_strength_50_200__div,0.000481
extra_trees_engineered,z2_z_btc_candle_body_abs_pct__z_btc_trend_strength_50_200__mul,0.000481
extra_trees_engineered,z2_z_btc_rsi_7__z_btc_candle_range_pct__add,0.00048
extra_trees_engineered,z2_z_btc_rolling_position_60d__z_btc_candle_body_pct__sub,0.000479
extra_trees_engineered,z2_z_btc_drawdown_120d__z_btc_return_14d__add,0.000478
extra_trees_engineered,z2_z_btc_rolling_position_7d__z_gold_return_7d__mul,0.000478
extra_trees_engineered,z2_z_btc_trend_above_sma50__z_btc_trend_strength_20_50__add,0.000477
extra_trees_engineered,z2_z_btc_bollinger_lower_distance_20d__z_us10y_bp_chg_7d__div,0.000477
extra_trees_engineered,z2_z_btc_bollinger_width_20d__z_nasdaq_return_1d__sub,0.000477
extra_trees_engineered,z2_z_btc_rolling_position_14d__z_btc_rolling_position_30d__sub,0.000477
extra_trees_engineered,z2_z_btc_trend_sma7_above_sma30__z_btc_rolling_mean_distance_30d__sub,0.000477
extra_trees_engineered,z2_z_gold_return_7d__z_btc_return_1d__sub,0.000477
extra_trees_engineered,z2_z_btc_trend_above_sma50__z_btc_rolling_mean_distance_30d__div,0.000477
extra_trees_engineered,z2_z_btc_bollinger_lower_distance_20d__z_gold_return_7d__div,0.000476
extra_trees_engineered,z2_z_gold_return_7d__z_btc_trend_strength_20_50__add,0.000476
extra_trees_engineered,z2_z_btc_bollinger_lower_distance_20d__z_btc_rolling_mean_distance_30d__sub,0.000475
extra_trees_engineered,z2_z_btc_rolling_position_20d__z_btc_candle_body_abs_pct__add,0.000474
extra_trees_engineered,z2_z_btc_return_1d__z_btc_rolling_mean_distance_30d__div,0.000474
extra_trees_engineered,z2_z_btc_trend_sma7_above_sma30__z_btc_trend_strength_20_50__mul,0.000474
extra_trees_engineered,z_sp500_return_30d,0.000474
extra_trees_engineered,z2_z_btc_candle_range_pct__z_btc_return_1d__add,0.000473
extra_trees_engineered,z2_z_us5y_bp_chg_7d__z_btc_return_14d__add,0.000473
extra_trees_engineered,z2_z_gold_return_7d__z_btc_volume_diff_7d__mul,0.000473
extra_trees_engineered,z2_z_btc_volume_pct_7d__z_btc_trend_sma50_above_sma200__sub,0.000473
extra_trees_engineered,z2_z_btc_bollinger_width_20d__z_btc_rsi_7__sub,0.000473
extra_trees_engineered,z2_z_btc_bollinger_width_20d__z_btc_return_14d__sub,0.000473
extra_trees_engineered,z2_z_btc_trend_sma50_above_sma200__z_btc_candle_body_abs_pct__sub,0.000473
extra_trees_engineered,z2_z_btc_rolling_position_30d__z_btc_return_14d__sub,0.000473
extra_trees_engineered,z2_z_nasdaq_return_1d__z_btc_volume_z_20d__sub,0.000472
extra_trees_engineered,z2_z_us5y_bp_chg_7d__z_btc_candle_body_pct__mul,0.000472
extra_trees_engineered,z2_z_btc_rsi_30__z_btc_return_1d__mul,0.000471
extra_trees_engineered,z2_z_btc_trend_sma50_above_sma200__z_btc_log_volume__mul,0.000471
extra_trees_engineered,z2_z_btc_rolling_mean_distance_60d__z_btc_candle_body_abs_pct__add,0.000471
extra_trees_engineered,z2_z_btc_rolling_position_30d__z_btc_rsi_14__div,0.00047
extra_trees_engineered,z2_z_btc_trend_above_sma50__z_btc_rsi_7__mul,0.00047
extra_trees_engineered,z2_z_btc_rolling_position_20d__z_btc_trend_sma7_above_sma30__div,0.000469
extra_trees_engineered,z2_z_btc_bollinger_percent_b_20d__z_us10y_bp_chg_7d__div,0.000469
extra_trees_engineered,z2_z_nasdaq_return_1d__z_btc_drawdown_120d__div,0.000469
extra_trees_engineered,z2_z_btc_return_1d__z_btc_trend_strength_20_50__div,0.000469
extra_trees_engineered,z_btc_volume_z_30d,0.000468
extra_trees_engineered,z2_z_btc_bollinger_width_20d__z_btc_bollinger_percent_b_20d__mul,0.000468
extra_trees_engineered,z2_z_us5y_bp_chg_7d__z_btc_trend_strength_20_50__div,0.000468
extra_trees_engineered,z2_z_btc_bollinger_width_20d__z_btc_volume_diff_7d__div,0.000467
extra_trees_engineered,z2_z_btc_rolling_position_20d__z_btc_drawdown_120d__div,0.000466
extra_trees_engineered,z2_z_btc_trend_sma7_above_sma30__z_btc_log_volume__add,0.000465
extra_trees_engineered,z2_z_btc_rolling_position_14d__z_us5y_bp_chg_7d__sub,0.000465
extra_trees_engineered,z2_z_btc_candle_range_pct__z_btc_candle_body_pct__mul,0.000464
extra_trees_engineered,z2_z_btc_bollinger_lower_distance_20d__z_btc_trend_strength_20_50__div,0.000464
extra_trees_engineered,z2_z_btc_trend_above_sma20__z_gold_return_7d__add,0.000464
extra_trees_engineered,z2_z_btc_log_volume__z_btc_rolling_mean_distance_30d__add,0.000463
extra_trees_engineered,z2_z_btc_rolling_position_20d__z_btc_volume_z_20d__add,0.000463
extra_trees_engineered,z2_z_btc_bollinger_percent_b_20d__z_btc_trend_above_sma20__div,0.000463
extra_trees_engineered,z2_z_sp500_return_1d__z_btc_candle_body_pct__mul,0.000463
extra_trees_engineered,z2_z_btc_volume_pct_7d__z_btc_rolling_mean_distance_30d__mul,0.000463
extra_trees_engineered,z2_z_btc_bollinger_lower_distance_20d__z_btc_trend_sma7_above_sma30__mul,0.000463
extra_trees_engineered,z2_z_sp500_return_1d__z_btc_return_1d__div,0.000462
extra_trees_engineered,z2_z_btc_volume_z_20d__z_btc_drawdown_120d__add,0.000461
extra_trees_engineered,z2_z_nasdaq_return_1d__z_btc_volume_diff_7d__div,0.000461
extra_trees_engineered,z2_z_btc_rsi_7__z_btc_trend_sma7_above_sma30__div,0.00046
extra_trees_engineered,z2_z_nasdaq_return_1d__z_btc_trend_sma50_above_sma200__div,0.00046
extra_trees_engineered,z2_z_btc_bollinger_lower_distance_20d__z_btc_rsi_30__sub,0.00046
extra_trees_engineered,z2_z_btc_candle_body_abs_pct__z_btc_volume_diff_7d__div,0.00046
extra_trees_engineered,z2_z_btc_candle_range_pct__z_btc_candle_body_abs_pct__add,0.000459
extra_trees_engineered,z2_z_btc_rolling_position_30d__z_btc_rolling_position_60d__div,0.000458
extra_trees_engineered,z2_z_btc_bollinger_lower_distance_20d__z_us10y_bp_chg_7d__add,0.000457
extra_trees_engineered,z_btc_volume_ratio_30d,0.000457
extra_trees_engineered,z2_z_btc_rolling_position_7d__z_btc_return_1d__mul,0.000456
extra_trees_engineered,z2_z_btc_rolling_position_14d__z_btc_volume_z_20d__add,0.000456
extra_trees_engineered,z2_z_btc_trend_above_sma50__z_btc_trend_strength_50_200__mul,0.000455
extra_trees_engineered,z2_z_btc_rolling_position_14d__z_btc_log_volume__div,0.000454
extra_trees_engineered,z2_z_btc_rolling_position_14d__z_btc_rolling_position_60d__div,0.000454
extra_trees_engineered,z2_z_btc_rolling_position_7d__z_sp500_return_1d__mul,0.000453
extra_trees_engineered,z2_z_gold_return_7d__z_btc_return_14d__mul,0.000453
extra_trees_engineered,z2_z_nasdaq_return_1d__z_gold_return_7d__sub,0.000453
extra_trees_engineered,z2_z_btc_rolling_position_7d__z_btc_candle_body_pct__mul,0.000452
extra_trees_engineered,z2_z_btc_candle_body_abs_pct__z_btc_volume_diff_7d__add,0.000452
extra_trees_engineered,z2_z_us5y_bp_chg_7d__z_us10y_bp_chg_7d__div,0.000452
extra_trees_engineered,z2_z_btc_rolling_position_30d__z_btc_trend_above_sma20__sub,0.000452
extra_trees_engineered,z2_z_btc_volume_z_20d__z_btc_drawdown_120d__sub,0.000452
extra_trees_engineered,z2_z_sp500_return_1d__z_btc_rolling_mean_distance_60d__div,0.000451
extra_trees_engineered,z2_z_btc_trend_sma50_above_sma200__z_us5y_bp_chg_7d__mul,0.00045
extra_trees_engineered,z2_z_btc_rsi_7__z_btc_log_volume__mul,0.00045
extra_trees_engineered,z2_z_btc_trend_sma50_above_sma200__z_btc_return_1d__add,0.00045
extra_trees_engineered,z2_z_btc_bollinger_lower_distance_20d__z_us5y_bp_chg_7d__mul,0.00045
extra_trees_engineered,z2_z_btc_rolling_position_14d__z_btc_candle_range_pct__sub,0.000449
extra_trees_engineered,z2_z_btc_trend_sma50_above_sma200__z_btc_return_1d__mul,0.000449
extra_trees_engineered,z2_z_btc_trend_sma50_above_sma200__z_btc_return_1d__div,0.000449
extra_trees_engineered,z2_z_btc_volume_pct_7d__z_btc_trend_above_sma20__add,0.000449
extra_trees_engineered,z2_z_btc_candle_range_pct__z_btc_trend_sma7_above_sma30__sub,0.000448
extra_trees_engineered,z2_z_btc_rolling_position_7d__z_btc_rolling_mean_distance_60d__div,0.000448
extra_trees_engineered,z2_z_btc_volume_z_20d__z_btc_trend_strength_20_50__add,0.000448
extra_trees_engineered,z2_z_us5y_bp_chg_7d__z_btc_trend_strength_50_200__sub,0.000448
extra_trees_engineered,z2_z_btc_rolling_position_20d__z_btc_candle_body_pct__mul,0.000448
extra_trees_engineered,z2_z_btc_log_volume__z_btc_rolling_mean_distance_30d__sub,0.000448
extra_trees_engineered,z2_z_btc_volume_pct_7d__z_btc_rsi_30__div,0.000448
extra_trees_engineered,z2_z_btc_drawdown_120d__z_btc_trend_strength_20_50__div,0.000447
extra_trees_engineered,z2_z_btc_trend_strength_50_200__z_btc_log_volume__div,0.000447
extra_trees_engineered,z2_z_us10y_bp_chg_7d__z_btc_drawdown_120d__add,0.000447
extra_trees_engineered,z2_z_btc_trend_strength_50_200__z_btc_rolling_mean_distance_30d__mul,0.000446
extra_trees_engineered,z_nasdaq_return_30d,0.000446
extra_trees_engineered,z2_z_btc_rolling_position_20d__z_sp500_return_1d__div,0.000446
extra_trees_engineered,z2_z_btc_log_volume__z_btc_rolling_mean_distance_30d__div,0.000446
extra_trees_engineered,z2_z_btc_rolling_position_60d__z_btc_log_volume__div,0.000445
extra_trees_engineered,z2_z_gold_return_7d__z_btc_rolling_mean_distance_30d__div,0.000444
extra_trees_engineered,z2_z_btc_rolling_position_14d__z_btc_trend_sma50_above_sma200__sub,0.000444
extra_trees_engineered,z2_z_btc_volume_pct_7d__z_btc_candle_body_abs_pct__mul,0.000443
extra_trees_engineered,z2_z_btc_trend_above_sma50__z_btc_return_14d__add,0.000441
extra_trees_engineered,z2_z_btc_bollinger_lower_distance_20d__z_btc_return_1d__sub,0.000441
extra_trees_engineered,z2_z_btc_candle_body_pct__z_btc_log_volume__add,0.000441
extra_trees_engineered,z2_z_btc_rolling_position_20d__z_btc_rsi_7__sub,0.00044
extra_trees_engineered,z2_z_btc_rolling_position_20d__z_btc_rolling_position_14d__mul,0.00044
extra_trees_engineered,z2_z_btc_bollinger_width_20d__z_btc_rsi_14__sub,0.000439
extra_trees_engineered,z2_z_btc_rsi_14__z_us10y_bp_chg_7d__add,0.000439
extra_trees_engineered,z2_z_btc_trend_strength_50_200__z_btc_drawdown_120d__mul,0.000438
extra_trees_engineered,z2_z_btc_rolling_position_20d__z_btc_rolling_position_14d__div,0.000438
extra_trees_engineered,z2_z_btc_rsi_14__z_btc_volume_diff_7d__sub,0.000438
extra_trees_engineered,z2_z_btc_candle_body_pct__z_btc_return_14d__div,0.000438
extra_trees_engineered,z2_z_btc_rolling_position_7d__z_btc_candle_body_pct__sub,0.000438
extra_trees_engineered,z2_z_btc_trend_above_sma50__z_btc_candle_body_pct__div,0.000438
extra_trees_engineered,z2_z_btc_trend_above_sma20__z_btc_trend_strength_20_50__add,0.000438
extra_trees_engineered,z2_z_btc_rsi_7__z_btc_return_14d__sub,0.000438
extra_trees_engineered,z2_z_btc_volume_pct_7d__z_btc_rsi_30__sub,0.000437
extra_trees_engineered,z2_z_btc_candle_range_pct__z_btc_rolling_mean_distance_60d__div,0.000437
extra_trees_engineered,z2_z_btc_bollinger_percent_b_20d__z_btc_rolling_mean_distance_60d__div,0.000437
extra_trees_engineered,z2_z_btc_volume_diff_7d__z_btc_rolling_mean_distance_30d__sub,0.000437
extra_trees_engineered,z2_z_gold_return_7d__z_btc_volume_z_20d__sub,0.000437
extra_trees_engineered,z_btc_rolling_volatility_7d,0.000437
extra_trees_engineered,z2_z_sp500_return_1d__z_btc_candle_body_abs_pct__add,0.000436
extra_trees_engineered,z2_z_btc_bollinger_width_20d__z_btc_trend_above_sma20__div,0.000436
extra_trees_engineered,z2_z_btc_rolling_position_14d__z_us10y_bp_chg_7d__mul,0.000436
extra_trees_engineered,z2_z_btc_rolling_position_20d__z_btc_trend_above_sma20__div,0.000436
extra_trees_engineered,z_btc_return_lag_7,0.000436
extra_trees_engineered,z2_z_btc_volume_pct_7d__z_btc_candle_range_pct__add,0.000436
extra_trees_engineered,z2_z_btc_rolling_position_7d__z_btc_trend_sma7_above_sma30__mul,0.000435
extra_trees_engineered,z2_z_btc_trend_sma50_above_sma200__z_btc_candle_range_pct__sub,0.000435
extra_trees_engineered,z2_z_btc_trend_sma50_above_sma200__z_btc_drawdown_120d__add,0.000434
extra_trees_engineered,z2_z_gold_return_7d__z_us10y_bp_chg_7d__mul,0.000434
extra_trees_engineered,z2_z_btc_trend_above_sma50__z_btc_bollinger_lower_distance_20d__mul,0.000434
extra_trees_engineered,z2_z_btc_bollinger_percent_b_20d__z_gold_return_7d__div,0.000432
extra_trees_engineered,z2_z_btc_rsi_14__z_nasdaq_return_1d__sub,0.000431
extra_trees_engineered,z2_z_btc_rolling_position_60d__z_btc_volume_z_20d__mul,0.00043
extra_trees_engineered,z2_z_btc_bollinger_percent_b_20d__z_btc_log_volume__add,0.00043
extra_trees_engineered,z2_z_btc_volume_pct_7d__z_btc_trend_sma7_above_sma30__mul,0.000429
extra_trees_engineered,z2_z_btc_rolling_mean_distance_60d__z_btc_volume_z_20d__add,0.000428
extra_trees_engineered,z2_z_gold_return_7d__z_btc_candle_body_abs_pct__mul,0.000428
extra_trees_engineered,z2_z_btc_rolling_position_14d__z_btc_trend_strength_20_50__mul,0.000428
extra_trees_engineered,z2_z_us5y_bp_chg_7d__z_btc_rolling_mean_distance_60d__sub,0.000427
extra_trees_engineered,z2_z_btc_rolling_position_30d__z_sp500_return_1d__sub,0.000427
extra_trees_engineered,z2_z_btc_rolling_position_14d__z_gold_return_7d__add,0.000426
extra_trees_engineered,z2_z_btc_rolling_mean_distance_60d__z_btc_volume_z_20d__div,0.000426
extra_trees_engineered,z2_z_btc_rolling_position_7d__z_btc_trend_strength_20_50__sub,0.000426
extra_trees_engineered,z2_z_btc_candle_range_pct__z_btc_candle_body_pct__add,0.000426
extra_trees_engineered,z2_z_us10y_bp_chg_7d__z_btc_return_14d__add,0.000426
extra_trees_engineered,z2_z_btc_rsi_7__z_btc_trend_strength_50_200__mul,0.000426
extra_trees_engineered,z2_z_btc_volume_pct_7d__z_gold_return_7d__sub,0.000425
extra_trees_engineered,z2_z_btc_trend_sma7_above_sma30__z_btc_candle_body_pct__mul,0.000424
extra_trees_engineered,z2_z_btc_rsi_30__z_btc_volume_diff_7d__mul,0.000424
extra_trees_engineered,z2_z_btc_volume_pct_7d__z_gold_return_7d__div,0.000423
extra_trees_engineered,z2_z_nasdaq_return_1d__z_btc_candle_body_abs_pct__div,0.000423
extra_trees_engineered,z2_z_btc_rsi_30__z_btc_return_14d__mul,0.000423
extra_trees_engineered,z2_z_btc_trend_above_sma50__z_btc_rsi_14__div,0.000422
extra_trees_engineered,z2_z_btc_trend_sma7_above_sma30__z_us10y_bp_chg_7d__mul,0.000422
extra_trees_engineered,z2_z_sp500_return_1d__z_btc_trend_sma50_above_sma200__div,0.000422
extra_trees_engineered,z2_z_btc_rsi_30__z_sp500_return_1d__div,0.000422
extra_trees_engineered,z2_z_btc_trend_above_sma50__z_btc_rolling_mean_distance_30d__sub,0.000421
extra_trees_engineered,z2_z_btc_bollinger_width_20d__z_btc_rolling_position_60d__div,0.000421
extra_trees_engineered,z_btc_drawdown_60d,0.000421
extra_trees_engineered,z2_z_btc_drawdown_120d__z_btc_rolling_mean_distance_30d__div,0.00042
extra_trees_engineered,z2_z_btc_rolling_position_14d__z_btc_log_volume__mul,0.00042
extra_trees_engineered,z2_z_btc_rolling_position_14d__z_btc_volume_diff_7d__sub,0.00042
extra_trees_engineered,z2_z_btc_trend_strength_50_200__z_btc_trend_strength_20_50__sub,0.00042
extra_trees_engineered,z2_z_btc_rolling_position_7d__z_btc_candle_body_abs_pct__sub,0.000419
extra_trees_engineered,z2_z_sp500_return_1d__z_btc_volume_diff_7d__div,0.000419
extra_trees_engineered,z2_z_btc_trend_sma50_above_sma200__z_btc_candle_range_pct__div,0.000419
extra_trees_engineered,z2_z_btc_volume_pct_7d__z_btc_trend_above_sma20__mul,0.000418
extra_trees_engineered,z2_z_btc_rsi_14__z_btc_rolling_mean_distance_60d__sub,0.000418
extra_trees_engineered,z2_z_btc_drawdown_120d__z_btc_trend_strength_20_50__add,0.000418
extra_trees_engineered,z2_z_btc_rolling_position_60d__z_btc_return_1d__sub,0.000417
extra_trees_engineered,z2_z_btc_volume_pct_7d__z_btc_rsi_7__mul,0.000417
extra_trees_engineered,z2_z_btc_volume_pct_7d__z_btc_return_1d__add,0.000417
extra_trees_engineered,z2_z_btc_rsi_14__z_btc_return_14d__sub,0.000417
extra_trees_engineered,z2_z_sp500_return_1d__z_btc_trend_above_sma20__div,0.000416
extra_trees_engineered,z2_z_btc_rolling_position_30d__z_btc_trend_sma7_above_sma30__mul,0.000416
extra_trees_engineered,z2_z_btc_candle_range_pct__z_btc_candle_body_abs_pct__sub,0.000416
extra_trees_engineered,z2_z_btc_rolling_position_7d__z_btc_rsi_14__div,0.000416
extra_trees_engineered,z2_z_btc_rolling_position_30d__z_btc_log_volume__div,0.000415
extra_trees_engineered,z_btc_volume_pct_7d,0.000415
extra_trees_engineered,z2_z_btc_bollinger_percent_b_20d__z_btc_log_volume__sub,0.000414
extra_trees_engineered,z2_z_btc_trend_above_sma20__z_btc_candle_body_abs_pct__add,0.000414
extra_trees_engineered,z2_z_btc_rsi_30__z_btc_volume_z_20d__mul,0.000414
extra_trees_engineered,z2_z_btc_candle_body_pct__z_btc_drawdown_120d__mul,0.000413
extra_trees_engineered,z2_z_btc_rolling_position_14d__z_sp500_return_1d__sub,0.000413
extra_trees_engineered,z2_z_btc_rsi_14__z_us10y_bp_chg_7d__div,0.000412
extra_trees_engineered,z_sp500_return_7d,0.000412
extra_trees_engineered,z2_z_btc_rolling_position_7d__z_btc_trend_sma7_above_sma30__div,0.000412
extra_trees_engineered,z2_z_btc_rsi_7__z_btc_log_volume__div,0.000412
extra_trees_engineered,z2_z_btc_trend_above_sma50__z_btc_candle_body_abs_pct__add,0.000411
extra_trees_engineered,z2_z_btc_bollinger_lower_distance_20d__z_btc_rolling_position_60d__add,0.000411
extra_trees_engineered,z2_z_btc_rolling_position_60d__z_us10y_bp_chg_7d__mul,0.000411
extra_trees_engineered,z2_z_btc_return_1d__z_btc_drawdown_120d__div,0.00041
extra_trees_engineered,z2_z_btc_volume_pct_7d__z_btc_rolling_position_7d__add,0.00041
extra_trees_engineered,z2_z_btc_candle_range_pct__z_us10y_bp_chg_7d__div,0.00041
extra_trees_engineered,z2_z_nasdaq_return_1d__z_btc_trend_strength_20_50__sub,0.00041
extra_trees_engineered,z2_z_btc_rolling_position_30d__z_btc_bollinger_percent_b_20d__div,0.000409
extra_trees_engineered,z2_z_btc_bollinger_percent_b_20d__z_nasdaq_return_1d__sub,0.000409
extra_trees_engineered,z2_z_btc_rolling_position_30d__z_btc_bollinger_percent_b_20d__sub,0.000409
extra_trees_engineered,z2_z_btc_trend_sma50_above_sma200__z_btc_volume_z_20d__sub,0.000408
extra_trees_engineered,z2_z_btc_trend_sma50_above_sma200__z_btc_trend_strength_50_200__div,0.000408
extra_trees_engineered,z2_z_btc_rolling_position_20d__z_btc_log_volume__div,0.000408
extra_trees_engineered,z2_z_sp500_return_1d__z_btc_trend_above_sma20__sub,0.000408
extra_trees_engineered,z2_z_btc_rsi_14__z_btc_rolling_mean_distance_30d__div,0.000408
extra_trees_engineered,z2_z_btc_trend_strength_20_50__z_btc_rolling_mean_distance_30d__add,0.000408
extra_trees_engineered,z2_z_btc_rolling_position_14d__z_btc_trend_strength_50_200__mul,0.000408
extra_trees_engineered,z2_z_btc_rsi_14__z_btc_log_volume__add,0.000408
extra_trees_engineered,z2_z_btc_rolling_position_30d__z_nasdaq_return_1d__mul,0.000408
extra_trees_engineered,z2_z_btc_rsi_14__z_us5y_bp_chg_7d__add,0.000407
extra_trees_engineered,z2_z_sp500_return_1d__z_us5y_bp_chg_7d__mul,0.000407
extra_trees_engineered,z2_z_btc_candle_body_abs_pct__z_btc_trend_strength_20_50__mul,0.000407
extra_trees_engineered,z2_z_btc_rolling_position_30d__z_btc_candle_body_abs_pct__div,0.000407
extra_trees_engineered,z2_z_btc_rsi_14__z_btc_candle_range_pct__div,0.000407
extra_trees_engineered,z2_z_btc_rsi_14__z_btc_return_14d__div,0.000407
extra_trees_engineered,z2_z_btc_rsi_7__z_us10y_bp_chg_7d__sub,0.000406
extra_trees_engineered,z2_z_btc_volume_pct_7d__z_btc_rolling_mean_distance_30d__div,0.000406
extra_trees_engineered,z2_z_btc_trend_sma7_above_sma30__z_btc_volume_z_20d__add,0.000406
extra_trees_engineered,z2_z_btc_rsi_14__z_nasdaq_return_1d__div,0.000405
extra_trees_engineered,z2_z_btc_rolling_position_14d__z_btc_drawdown_120d__sub,0.000405
extra_trees_engineered,z2_z_btc_rsi_7__z_btc_drawdown_120d__div,0.000405
extra_trees_engineered,z2_z_btc_trend_above_sma50__z_btc_rolling_position_60d__sub,0.000405
extra_trees_engineered,z2_z_btc_candle_range_pct__z_btc_candle_body_pct__sub,0.000405
extra_trees_engineered,z2_z_us5y_bp_chg_7d__z_btc_drawdown_120d__add,0.000405
extra_trees_engineered,z2_z_btc_candle_range_pct__z_btc_volume_z_20d__sub,0.000405
extra_trees_engineered,z2_z_btc_trend_above_sma50__z_nasdaq_return_1d__mul,0.000404
extra_trees_engineered,z2_z_sp500_return_1d__z_us10y_bp_chg_7d__sub,0.000404
extra_trees_engineered,z2_z_btc_trend_above_sma50__z_btc_rsi_7__sub,0.000403
extra_trees_engineered,z2_z_btc_rolling_position_30d__z_btc_rolling_position_7d__div,0.000403
extra_trees_engineered,z2_z_sp500_return_1d__z_btc_rolling_mean_distance_60d__add,0.000403
extra_trees_engineered,z2_z_sp500_return_1d__z_btc_rsi_7__add,0.000403
extra_trees_engineered,z2_z_btc_volume_pct_7d__z_btc_rsi_7__sub,0.000402
extra_trees_engineered,z2_z_btc_rsi_7__z_btc_rolling_mean_distance_30d__div,0.000402
extra_trees_engineered,z2_z_btc_rolling_position_14d__z_btc_trend_strength_20_50__sub,0.000402
extra_trees_engineered,z2_z_btc_rolling_position_7d__z_btc_candle_body_abs_pct__mul,0.000402
extra_trees_engineered,z2_z_btc_rolling_position_7d__z_btc_rsi_14__mul,0.000401
extra_trees_engineered,z2_z_btc_rolling_position_20d__z_btc_trend_above_sma20__sub,0.000401
extra_trees_engineered,z2_z_btc_trend_above_sma50__z_btc_rsi_30__div,0.0004
extra_trees_engineered,z2_z_sp500_return_1d__z_btc_rolling_mean_distance_30d__add,0.0004
extra_trees_engineered,z2_z_btc_candle_body_pct__z_btc_rolling_mean_distance_30d__div,0.000399
extra_trees_engineered,z2_z_btc_rsi_30__z_btc_trend_above_sma20__mul,0.000399
extra_trees_engineered,z2_z_btc_candle_body_abs_pct__z_us10y_bp_chg_7d__add,0.000399
extra_trees_engineered,z2_z_nasdaq_return_1d__z_btc_rsi_7__sub,0.000399
extra_trees_engineered,z2_z_sp500_return_1d__z_btc_drawdown_120d__div,0.000399
extra_trees_engineered,z2_z_btc_rsi_7__z_btc_drawdown_120d__mul,0.000398
extra_trees_engineered,z2_z_sp500_return_1d__z_btc_trend_strength_50_200__add,0.000398
extra_trees_engineered,z2_z_btc_trend_above_sma50__z_btc_rsi_14__mul,0.000398
extra_trees_engineered,z2_z_btc_bollinger_width_20d__z_btc_rolling_position_20d__div,0.000398
extra_trees_engineered,z2_z_btc_trend_above_sma20__z_btc_return_14d__sub,0.000397
extra_trees_engineered,z2_z_btc_bollinger_lower_distance_20d__z_btc_rolling_mean_distance_60d__div,0.000397
extra_trees_engineered,z2_z_btc_rsi_30__z_btc_drawdown_120d__sub,0.000397
extra_trees_engineered,z2_z_btc_candle_body_pct__z_us10y_bp_chg_7d__div,0.000396
extra_trees_engineered,z2_z_btc_rolling_position_14d__z_btc_trend_above_sma50__mul,0.000396
extra_trees_engineered,z2_z_btc_trend_above_sma20__z_btc_trend_strength_20_50__div,0.000396
extra_trees_engineered,z2_z_btc_volume_z_20d__z_btc_trend_strength_20_50__div,0.000396
extra_trees_engineered,z2_z_nasdaq_return_1d__z_gold_return_7d__add,0.000395
extra_trees_engineered,z2_z_btc_rsi_14__z_btc_rolling_mean_distance_60d__mul,0.000395
extra_trees_engineered,z2_z_btc_rolling_position_7d__z_btc_trend_sma50_above_sma200__mul,0.000395
extra_trees_engineered,z2_z_sp500_return_1d__z_btc_log_volume__mul,0.000394
extra_trees_engineered,z2_z_btc_trend_above_sma20__z_btc_candle_body_pct__sub,0.000394
extra_trees_engineered,z2_z_btc_trend_above_sma50__z_btc_rsi_14__sub,0.000394
extra_trees_engineered,z2_z_btc_return_1d__z_us10y_bp_chg_7d__add,0.000394
extra_trees_engineered,z2_z_btc_rolling_position_7d__z_btc_return_14d__sub,0.000393
extra_trees_engineered,z2_z_btc_rolling_position_30d__z_sp500_return_1d__add,0.000393
extra_trees_engineered,z2_z_btc_trend_above_sma50__z_us10y_bp_chg_7d__mul,0.000393
extra_trees_engineered,z2_z_btc_trend_above_sma50__z_btc_rolling_position_7d__mul,0.000393
extra_trees_engineered,z2_z_btc_rsi_30__z_btc_return_14d__div,0.000392
extra_trees_engineered,z2_z_gold_return_7d__z_btc_log_volume__mul,0.000392
extra_trees_engineered,z2_z_btc_bollinger_width_20d__z_btc_rolling_position_60d__mul,0.000392
extra_trees_engineered,z2_z_btc_rolling_position_20d__z_btc_candle_body_abs_pct__div,0.000392
extra_trees_engineered,z2_z_btc_rsi_30__z_btc_candle_body_pct__sub,0.000391
extra_trees_engineered,z2_z_btc_rsi_14__z_btc_trend_above_sma20__mul,0.000391
extra_trees_engineered,z2_z_btc_trend_strength_20_50__z_btc_rolling_mean_distance_30d__mul,0.000391
extra_trees_engineered,z2_z_btc_bollinger_lower_distance_20d__z_btc_rsi_30__div,0.00039
extra_trees_engineered,z2_z_sp500_return_1d__z_gold_return_7d__add,0.000389
extra_trees_engineered,z2_z_btc_bollinger_lower_distance_20d__z_btc_return_14d__div,0.000389
extra_trees_engineered,z2_z_btc_bollinger_lower_distance_20d__z_btc_candle_body_pct__sub,0.000388
extra_trees_engineered,z2_z_sp500_return_1d__z_btc_candle_body_abs_pct__sub,0.000388
extra_trees_engineered,z_us10y_bp_chg_1d,0.000388
extra_trees_engineered,z2_z_btc_rolling_position_60d__z_us10y_bp_chg_7d__add,0.000388
extra_trees_engineered,z2_z_btc_rolling_position_20d__z_btc_trend_strength_50_200__sub,0.000387
extra_trees_engineered,z2_z_btc_bollinger_width_20d__z_btc_candle_body_pct__add,0.000387
extra_trees_engineered,z2_z_btc_trend_strength_50_200__z_btc_return_14d__sub,0.000386
extra_trees_engineered,z2_z_btc_rolling_position_60d__z_btc_volume_diff_7d__add,0.000386
extra_trees_engineered,z2_z_btc_rolling_position_7d__z_gold_return_7d__div,0.000386
extra_trees_engineered,z2_z_btc_return_1d__z_btc_candle_body_abs_pct__add,0.000386
extra_trees_engineered,z2_z_btc_rolling_position_20d__z_btc_return_14d__div,0.000386
extra_trees_engineered,z2_z_btc_rolling_position_20d__z_btc_rolling_position_30d__mul,0.000386
extra_trees_engineered,z2_z_btc_drawdown_120d__z_btc_trend_strength_20_50__sub,0.000386
extra_trees_engineered,z2_z_btc_trend_above_sma20__z_btc_rsi_7__sub,0.000386
extra_trees_engineered,z2_z_btc_candle_body_pct__z_btc_rolling_mean_distance_30d__mul,0.000385
extra_trees_engineered,z2_z_gold_return_7d__z_btc_candle_body_abs_pct__add,0.000385
extra_trees_engineered,z2_z_btc_drawdown_120d__z_btc_log_volume__add,0.000385
extra_trees_engineered,z2_z_btc_return_1d__z_btc_trend_strength_20_50__mul,0.000384
extra_trees_engineered,z2_z_btc_candle_range_pct__z_btc_rolling_mean_distance_30d__sub,0.000384
extra_trees_engineered,z_btc_rolling_volatility_20d,0.000384
extra_trees_engineered,z2_z_gold_return_7d__z_btc_drawdown_120d__sub,0.000383
extra_trees_engineered,z2_z_btc_trend_sma7_above_sma30__z_btc_return_14d__mul,0.000383
extra_trees_engineered,z2_z_nasdaq_return_1d__z_btc_volume_diff_7d__sub,0.000383
extra_trees_engineered,z2_z_btc_trend_above_sma50__z_btc_trend_strength_20_50__mul,0.000383
extra_trees_engineered,z_btc_volume_pct_1d,0.000383
extra_trees_engineered,z2_z_btc_rsi_14__z_us5y_bp_chg_7d__sub,0.000382
extra_trees_engineered,z2_z_sp500_return_1d__z_btc_rolling_mean_distance_60d__sub,0.000382
extra_trees_engineered,z2_z_btc_rolling_position_14d__z_btc_return_1d__mul,0.000382
extra_trees_engineered,z2_z_btc_bollinger_percent_b_20d__z_btc_rsi_14__sub,0.000381
extra_trees_engineered,z2_z_gold_return_7d__z_us10y_bp_chg_7d__sub,0.000381
extra_trees_engineered,z2_z_btc_volume_pct_7d__z_btc_trend_above_sma50__sub,0.00038
extra_trees_engineered,z2_z_btc_rolling_position_20d__z_btc_rolling_mean_distance_30d__div,0.000379
extra_trees_engineered,z2_z_btc_volume_pct_7d__z_btc_bollinger_percent_b_20d__div,0.000379
extra_trees_engineered,z2_z_btc_bollinger_width_20d__z_btc_volume_diff_7d__add,0.000379
extra_trees_engineered,z2_z_btc_rsi_7__z_btc_rolling_mean_distance_60d__mul,0.000379
extra_trees_engineered,z2_z_btc_bollinger_percent_b_20d__z_btc_trend_strength_20_50__div,0.000379
extra_trees_engineered,z2_z_btc_rsi_7__z_btc_rolling_mean_distance_60d__sub,0.000378
extra_trees_engineered,z2_z_btc_rsi_30__z_btc_rolling_position_60d__add,0.000378
extra_trees_engineered,z2_z_btc_trend_above_sma20__z_btc_return_14d__mul,0.000378
extra_trees_engineered,z2_z_sp500_return_1d__z_us10y_bp_chg_7d__div,0.000378
extra_trees_engineered,z2_z_btc_rolling_mean_distance_60d__z_us10y_bp_chg_7d__div,0.000378
extra_trees_engineered,z2_z_us5y_bp_chg_7d__z_btc_candle_range_pct__div,0.000378
extra_trees_engineered,z2_z_btc_trend_above_sma20__z_nasdaq_return_1d__div,0.000378
extra_trees_engineered,z2_z_btc_bollinger_percent_b_20d__z_us10y_bp_chg_7d__add,0.000377
extra_trees_engineered,z2_z_btc_rolling_position_60d__z_btc_trend_strength_50_200__mul,0.000377
extra_trees_engineered,z2_z_btc_volume_pct_7d__z_btc_log_volume__div,0.000377
extra_trees_engineered,z2_z_btc_rsi_30__z_btc_trend_above_sma20__add,0.000376
extra_trees_engineered,z2_z_btc_trend_above_sma50__z_btc_rolling_position_7d__sub,0.000376
extra_trees_engineered,z2_z_btc_candle_body_abs_pct__z_btc_return_14d__sub,0.000376
extra_trees_engineered,z2_z_btc_bollinger_width_20d__z_btc_volume_pct_7d__add,0.000376
extra_trees_engineered,z2_z_btc_rolling_position_14d__z_btc_log_volume__sub,0.000376
extra_trees_engineered,z2_z_us5y_bp_chg_7d__z_btc_candle_range_pct__add,0.000375
extra_trees_engineered,z2_z_btc_rolling_position_20d__z_btc_rolling_position_30d__div,0.000375
extra_trees_engineered,z2_z_btc_rsi_30__z_us5y_bp_chg_7d__mul,0.000374
extra_trees_engineered,z2_z_btc_bollinger_lower_distance_20d__z_btc_rolling_mean_distance_60d__sub,0.000374
extra_trees_engineered,z2_z_btc_rolling_position_20d__z_nasdaq_return_1d__sub,0.000374
extra_trees_engineered,z2_z_btc_rolling_position_30d__z_btc_trend_strength_50_200__div,0.000374
extra_trees_engineered,z2_z_btc_volume_pct_7d__z_btc_candle_body_abs_pct__add,0.000373
extra_trees_engineered,z2_z_btc_bollinger_lower_distance_20d__z_btc_drawdown_120d__div,0.000373
extra_trees_engineered,z2_z_btc_trend_above_sma20__z_btc_rolling_mean_distance_30d__sub,0.000373
extra_trees_engineered,z2_z_sp500_return_1d__z_btc_volume_z_20d__sub,0.000372
extra_trees_engineered,z2_z_btc_trend_sma50_above_sma200__z_gold_return_7d__mul,0.000372
extra_trees_engineered,z_btc_trend_strength_20_50,0.000372
extra_trees_engineered,z2_z_btc_rsi_7__z_btc_trend_sma50_above_sma200__div,0.000372
extra_trees_engineered,z2_z_btc_rolling_position_14d__z_btc_log_volume__add,0.000372
extra_trees_engineered,z2_z_btc_bollinger_width_20d__z_btc_bollinger_percent_b_20d__add,0.000372
extra_trees_engineered,z2_z_btc_candle_body_abs_pct__z_btc_log_volume__mul,0.000371
extra_trees_engineered,z2_z_btc_trend_sma50_above_sma200__z_btc_rolling_mean_distance_30d__mul,0.000371
extra_trees_engineered,z2_z_btc_rsi_30__z_btc_log_volume__div,0.000371
extra_trees_engineered,z2_z_us5y_bp_chg_7d__z_btc_volume_diff_7d__add,0.00037
extra_trees_engineered,z2_z_btc_rsi_14__z_btc_return_1d__mul,0.000369
extra_trees_engineered,z2_z_btc_rolling_position_60d__z_btc_candle_range_pct__sub,0.000368
extra_trees_engineered,z2_z_btc_rolling_position_20d__z_btc_volume_pct_7d__sub,0.000368
extra_trees_engineered,z2_z_btc_return_1d__z_btc_rolling_mean_distance_30d__add,0.000368
extra_trees_engineered,z2_z_btc_rolling_position_7d__z_sp500_return_1d__div,0.000368
extra_trees_engineered,z2_z_btc_volume_diff_7d__z_btc_return_14d__sub,0.000368
extra_trees_engineered,z2_z_btc_rolling_position_20d__z_btc_return_1d__sub,0.000368
extra_trees_engineered,z2_z_btc_trend_above_sma50__z_btc_trend_sma50_above_sma200__add,0.000368
extra_trees_engineered,z2_z_btc_rsi_14__z_btc_trend_sma50_above_sma200__mul,0.000368
extra_trees_engineered,z2_z_btc_rsi_7__z_btc_log_volume__add,0.000367
extra_trees_engineered,z2_z_btc_bollinger_percent_b_20d__z_btc_trend_sma7_above_sma30__sub,0.000367
extra_trees_engineered,z2_z_nasdaq_return_1d__z_btc_candle_body_abs_pct__add,0.000367
extra_trees_engineered,z2_z_btc_trend_sma50_above_sma200__z_btc_return_14d__add,0.000367
extra_trees_engineered,z2_z_btc_candle_range_pct__z_btc_volume_z_20d__div,0.000366
extra_trees_engineered,z2_z_btc_candle_body_pct__z_btc_return_14d__sub,0.000366
extra_trees_engineered,z2_z_btc_volume_z_20d__z_us10y_bp_chg_7d__add,0.000366
extra_trees_engineered,z2_z_btc_rolling_position_30d__z_btc_return_14d__add,0.000366
extra_trees_engineered,z2_z_btc_rsi_14__z_btc_candle_body_abs_pct__add,0.000366
extra_trees_engineered,z2_z_btc_rolling_position_60d__z_btc_trend_strength_20_50__add,0.000366
extra_trees_engineered,z2_z_btc_rolling_position_60d__z_btc_volume_diff_7d__mul,0.000366
extra_trees_engineered,z2_z_btc_volume_pct_7d__z_btc_rolling_position_30d__add,0.000365
extra_trees_engineered,z2_z_btc_return_1d__z_btc_volume_diff_7d__add,0.000365
extra_trees_engineered,z2_z_btc_rolling_position_60d__z_btc_rolling_mean_distance_60d__mul,0.000365
extra_trees_engineered,z2_z_gold_return_7d__z_btc_log_volume__sub,0.000364
extra_trees_engineered,z2_z_btc_bollinger_width_20d__z_gold_return_7d__mul,0.000364
extra_trees_engineered,z2_z_btc_rolling_position_14d__z_gold_return_7d__mul,0.000364
extra_trees_engineered,z2_z_btc_bollinger_percent_b_20d__z_btc_return_1d__div,0.000364
extra_trees_engineered,z2_z_btc_bollinger_width_20d__z_btc_rolling_position_7d__div,0.000363
extra_trees_engineered,z2_z_btc_trend_above_sma20__z_btc_rsi_7__mul,0.000363
extra_trees_engineered,z2_z_btc_bollinger_percent_b_20d__z_sp500_return_1d__mul,0.000363
extra_trees_engineered,z2_z_btc_rolling_position_20d__z_btc_bollinger_percent_b_20d__div,0.000362
extra_trees_engineered,z2_z_btc_candle_body_pct__z_btc_log_volume__sub,0.000362
extra_trees_engineered,z2_z_btc_rolling_position_60d__z_btc_candle_range_pct__div,0.000361
extra_trees_engineered,z2_z_btc_rsi_30__z_nasdaq_return_1d__div,0.000361
extra_trees_engineered,z2_z_btc_trend_above_sma50__z_btc_rolling_mean_distance_60d__mul,0.000361
extra_trees_engineered,z2_z_gold_return_7d__z_btc_candle_range_pct__mul,0.000361
extra_trees_engineered,z2_z_btc_return_1d__z_btc_log_volume__add,0.000361
extra_trees_engineered,z2_z_btc_rolling_position_14d__z_btc_rolling_mean_distance_30d__add,0.00036
extra_trees_engineered,z2_z_btc_volume_z_20d__z_btc_drawdown_120d__mul,0.00036
extra_trees_engineered,z2_z_btc_trend_above_sma20__z_btc_candle_body_pct__div,0.00036
extra_trees_engineered,z2_z_btc_rsi_14__z_us10y_bp_chg_7d__sub,0.00036
extra_trees_engineered,z2_z_btc_rsi_7__z_btc_candle_body_abs_pct__add,0.000359
extra_trees_engineered,z2_z_btc_trend_above_sma20__z_btc_return_14d__add,0.000359
extra_trees_engineered,z2_z_btc_bollinger_percent_b_20d__z_btc_rsi_14__mul,0.000359
extra_trees_engineered,z2_z_btc_rsi_7__z_btc_return_14d__add,0.000358
extra_trees_engineered,z2_z_sp500_return_1d__z_btc_trend_sma50_above_sma200__sub,0.000358
extra_trees_engineered,z2_z_btc_rsi_30__z_btc_drawdown_120d__div,0.000357
extra_trees_engineered,z2_z_gold_return_7d__z_btc_volume_z_20d__mul,0.000357
extra_trees_engineered,z2_z_btc_rsi_30__z_btc_rolling_position_7d__mul,0.000357
extra_trees_engineered,z2_z_btc_bollinger_width_20d__z_btc_rolling_position_14d__mul,0.000357
extra_trees_engineered,z2_z_btc_trend_above_sma20__z_btc_return_1d__mul,0.000357
extra_trees_engineered,z2_z_us5y_bp_chg_7d__z_btc_candle_body_abs_pct__mul,0.000356
extra_trees_engineered,z2_z_btc_trend_above_sma50__z_btc_rolling_mean_distance_60d__div,0.000356
extra_trees_engineered,z2_z_btc_rsi_30__z_btc_rolling_mean_distance_60d__div,0.000355
extra_trees_engineered,z2_z_btc_rolling_position_7d__z_btc_candle_body_abs_pct__div,0.000355
extra_trees_engineered,z2_z_nasdaq_return_1d__z_us5y_bp_chg_7d__sub,0.000355
extra_trees_engineered,z2_z_btc_trend_sma7_above_sma30__z_btc_trend_strength_50_200__sub,0.000354
extra_trees_engineered,z2_z_btc_volume_pct_7d__z_btc_trend_strength_20_50__mul,0.000354
extra_trees_engineered,z_us5y_bp_chg_1d,0.000354
extra_trees_engineered,z2_z_btc_candle_body_abs_pct__z_btc_log_volume__div,0.000354
extra_trees_engineered,z2_z_btc_trend_strength_50_200__z_btc_volume_diff_7d__add,0.000354
extra_trees_engineered,z2_z_nasdaq_return_1d__z_btc_rsi_7__add,0.000354
extra_trees_engineered,z_btc_rolling_position_60d,0.000354
extra_trees_engineered,z2_z_us10y_bp_chg_7d__z_btc_trend_strength_20_50__sub,0.000353
extra_trees_engineered,z2_z_btc_rolling_position_20d__z_btc_log_volume__add,0.000353
extra_trees_engineered,z2_z_btc_rolling_position_20d__z_btc_candle_range_pct__div,0.000353
extra_trees_engineered,z2_z_btc_rsi_30__z_btc_rolling_mean_distance_60d__add,0.000353
extra_trees_engineered,z2_z_nasdaq_return_1d__z_us5y_bp_chg_7d__div,0.000353
extra_trees_engineered,z2_z_btc_rolling_position_60d__z_nasdaq_return_1d__mul,0.000353
extra_trees_engineered,z2_z_btc_volume_pct_7d__z_sp500_return_1d__add,0.000353
extra_trees_engineered,z2_z_btc_rolling_position_14d__z_btc_trend_strength_50_200__sub,0.000352
extra_trees_engineered,z2_z_btc_volume_z_20d__z_btc_trend_strength_20_50__mul,0.000352
extra_trees_engineered,z2_z_btc_rolling_position_20d__z_btc_rsi_30__div,0.000351
extra_trees_engineered,z2_z_btc_rolling_position_30d__z_btc_return_14d__div,0.000351
extra_trees_engineered,z2_z_btc_volume_diff_7d__z_btc_return_14d__mul,0.000351
extra_trees_engineered,z2_z_btc_rolling_position_30d__z_btc_drawdown_120d__mul,0.000351
extra_trees_engineered,z_gold_return_7d,0.000351
extra_trees_engineered,z2_z_btc_rsi_30__z_btc_volume_diff_7d__add,0.000351
extra_trees_engineered,z2_z_sp500_return_1d__z_btc_candle_range_pct__add,0.000351
extra_trees_engineered,z2_z_btc_rolling_position_30d__z_btc_trend_strength_50_200__sub,0.000351
extra_trees_engineered,z2_z_btc_candle_body_abs_pct__z_btc_trend_strength_50_200__add,0.000351
extra_trees_engineered,z2_z_btc_bollinger_percent_b_20d__z_btc_log_volume__div,0.00035
extra_trees_engineered,z2_z_btc_rolling_position_20d__z_us10y_bp_chg_7d__div,0.000349
extra_trees_engineered,z2_z_btc_volume_pct_7d__z_btc_candle_range_pct__mul,0.000349
extra_trees_engineered,z2_z_btc_bollinger_lower_distance_20d__z_btc_log_volume__mul,0.000348
extra_trees_engineered,z2_z_btc_candle_body_pct__z_btc_trend_strength_20_50__add,0.000348
extra_trees_engineered,z2_z_btc_rsi_7__z_btc_trend_sma50_above_sma200__add,0.000348
extra_trees_engineered,z2_z_btc_rsi_14__z_btc_rolling_mean_distance_30d__mul,0.000348
extra_trees_engineered,z2_z_btc_candle_body_pct__z_btc_volume_z_20d__add,0.000348
extra_trees_engineered,z2_z_btc_log_volume__z_btc_volume_diff_7d__sub,0.000348
extra_trees_engineered,z2_z_btc_bollinger_lower_distance_20d__z_btc_drawdown_120d__add,0.000347
extra_trees_engineered,z2_z_btc_bollinger_width_20d__z_btc_return_14d__add,0.000347
extra_trees_engineered,z2_z_btc_rsi_14__z_sp500_return_1d__add,0.000347
extra_trees_engineered,z2_z_btc_bollinger_width_20d__z_btc_rolling_position_60d__add,0.000347
extra_trees_engineered,z2_z_sp500_return_1d__z_btc_log_volume__sub,0.000347
extra_trees_engineered,z2_z_btc_rolling_position_60d__z_btc_rsi_14__mul,0.000347
extra_trees_engineered,z2_z_btc_bollinger_lower_distance_20d__z_btc_volume_diff_7d__div,0.000346
extra_trees_engineered,z2_z_btc_candle_body_abs_pct__z_btc_trend_strength_20_50__sub,0.000346
extra_trees_engineered,z2_z_nasdaq_return_1d__z_btc_rolling_mean_distance_30d__mul,0.000345
extra_trees_engineered,z2_z_btc_volume_pct_7d__z_us5y_bp_chg_7d__sub,0.000345
extra_trees_engineered,z2_z_btc_rolling_position_20d__z_btc_rsi_30__sub,0.000345
extra_trees_engineered,z2_z_btc_rolling_position_30d__z_btc_trend_above_sma50__sub,0.000345
extra_trees_engineered,z2_z_btc_volume_pct_7d__z_us5y_bp_chg_7d__mul,0.000345
extra_trees_engineered,z2_z_btc_rsi_14__z_btc_volume_z_20d__div,0.000344
extra_trees_engineered,z2_z_btc_candle_body_abs_pct__z_btc_log_volume__add,0.000344
extra_trees_engineered,z2_z_btc_rolling_position_7d__z_btc_volume_z_20d__add,0.000344
extra_trees_engineered,z2_z_btc_rsi_7__z_btc_drawdown_120d__sub,0.000344
extra_trees_engineered,z2_z_btc_trend_above_sma50__z_btc_volume_z_20d__mul,0.000344
extra_trees_engineered,z2_z_btc_rolling_position_30d__z_us5y_bp_chg_7d__mul,0.000343
extra_trees_engineered,z2_z_btc_trend_above_sma50__z_nasdaq_return_1d__add,0.000343
extra_trees_engineered,z2_z_btc_rolling_position_14d__z_btc_trend_above_sma50__sub,0.000343
extra_trees_engineered,z2_z_btc_bollinger_percent_b_20d__z_us10y_bp_chg_7d__sub,0.000342
extra_trees_engineered,z2_z_btc_rolling_mean_distance_60d__z_btc_candle_body_abs_pct__div,0.000341
extra_trees_engineered,z2_z_nasdaq_return_1d__z_btc_trend_strength_50_200__mul,0.000341
extra_trees_engineered,z2_z_btc_bollinger_width_20d__z_us10y_bp_chg_7d__mul,0.000341
extra_trees_engineered,z2_z_btc_bollinger_width_20d__z_btc_bollinger_lower_distance_20d__add,0.000341
extra_trees_engineered,z2_z_gold_return_7d__z_us10y_bp_chg_7d__add,0.000341
extra_trees_engineered,z2_z_nasdaq_return_1d__z_us10y_bp_chg_7d__div,0.000341
extra_trees_engineered,z_us5y_bp_chg_7d,0.000341
extra_trees_engineered,z2_z_btc_trend_above_sma20__z_btc_drawdown_120d__mul,0.00034
extra_trees_engineered,z2_z_btc_rolling_position_60d__z_btc_return_1d__mul,0.00034
extra_trees_engineered,z2_z_btc_rolling_position_20d__z_btc_rsi_7__add,0.00034
extra_trees_engineered,z2_z_nasdaq_return_1d__z_btc_trend_strength_50_200__sub,0.00034
extra_trees_engineered,z2_z_us5y_bp_chg_7d__z_btc_volume_z_20d__add,0.00034
extra_trees_engineered,z2_z_btc_rolling_position_30d__z_btc_trend_above_sma50__div,0.00034
extra_trees_engineered,z2_z_btc_return_1d__z_btc_return_14d__div,0.00034
extra_trees_engineered,z2_z_us10y_bp_chg_7d__z_btc_drawdown_120d__sub,0.000339
extra_trees_engineered,z2_z_nasdaq_return_1d__z_btc_trend_sma7_above_sma30__div,0.000339
extra_trees_engineered,z2_z_nasdaq_return_1d__z_btc_log_volume__sub,0.000339
extra_trees_engineered,z2_z_btc_rolling_position_30d__z_btc_volume_diff_7d__add,0.000338
extra_trees_engineered,z2_z_btc_rolling_position_7d__z_btc_trend_above_sma20__sub,0.000338
extra_trees_engineered,z2_z_btc_bollinger_lower_distance_20d__z_btc_return_1d__div,0.000337
extra_trees_engineered,z2_z_btc_rolling_position_30d__z_btc_trend_sma7_above_sma30__div,0.000337
extra_trees_engineered,z2_z_btc_rsi_30__z_btc_rsi_14__div,0.000337
extra_trees_engineered,z2_z_btc_rolling_position_7d__z_btc_candle_body_abs_pct__add,0.000336
extra_trees_engineered,z2_z_sp500_return_1d__z_btc_drawdown_120d__sub,0.000336
extra_trees_engineered,z2_z_btc_rolling_position_60d__z_btc_candle_body_abs_pct__sub,0.000335
extra_trees_engineered,z2_z_btc_bollinger_percent_b_20d__z_btc_rsi_30__mul,0.000335
extra_trees_engineered,z2_z_btc_rolling_position_7d__z_btc_trend_sma7_above_sma30__sub,0.000335
extra_trees_engineered,z2_z_us5y_bp_chg_7d__z_btc_rolling_mean_distance_30d__mul,0.000335
extra_trees_engineered,z2_z_btc_rolling_position_14d__z_btc_candle_body_abs_pct__div,0.000335
extra_trees_engineered,z2_z_btc_candle_range_pct__z_btc_return_14d__div,0.000334
extra_trees_engineered,z2_z_btc_volume_pct_7d__z_btc_rolling_position_14d__div,0.000334
extra_trees_engineered,z2_z_sp500_return_1d__z_btc_rolling_mean_distance_30d__div,0.000334
extra_trees_engineered,z2_z_us5y_bp_chg_7d__z_btc_return_1d__sub,0.000334
extra_trees_engineered,z2_z_btc_trend_above_sma50__z_btc_candle_body_abs_pct__sub,0.000333
extra_trees_engineered,z2_z_btc_rolling_mean_distance_60d__z_btc_candle_body_pct__div,0.000333
extra_trees_engineered,z2_z_btc_rolling_position_14d__z_btc_candle_body_pct__mul,0.000332
extra_trees_engineered,z2_z_btc_rolling_position_30d__z_sp500_return_1d__div,0.000332
extra_trees_engineered,z2_z_nasdaq_return_1d__z_btc_rolling_mean_distance_60d__div,0.000332
extra_trees_engineered,z2_z_btc_trend_above_sma50__z_btc_return_14d__div,0.000332
extra_trees_engineered,z2_z_btc_rsi_14__z_nasdaq_return_1d__mul,0.000331
extra_trees_engineered,z2_z_btc_candle_range_pct__z_btc_drawdown_120d__sub,0.000331
extra_trees_engineered,z2_z_btc_bollinger_width_20d__z_btc_rsi_30__add,0.000331
extra_trees_engineered,z2_z_btc_volume_pct_7d__z_btc_bollinger_percent_b_20d__sub,0.00033
extra_trees_engineered,z_btc_rolling_volatility_14d,0.00033
extra_trees_engineered,z2_z_gold_return_7d__z_btc_return_1d__mul,0.00033
extra_trees_engineered,z2_z_btc_candle_range_pct__z_btc_return_14d__add,0.00033
extra_trees_engineered,z2_z_btc_trend_sma7_above_sma30__z_btc_drawdown_120d__div,0.00033
extra_trees_engineered,z2_z_sp500_return_1d__z_btc_log_volume__add,0.00033
extra_trees_engineered,z2_z_btc_rolling_position_20d__z_btc_volume_pct_7d__mul,0.000329
extra_trees_engineered,z2_z_btc_rsi_14__z_gold_return_7d__sub,0.000329
extra_trees_engineered,z2_z_btc_rsi_30__z_btc_volume_diff_7d__sub,0.000329
extra_trees_engineered,z2_z_btc_volume_diff_7d__z_btc_trend_strength_20_50__add,0.000329
extra_trees_engineered,z2_z_btc_rsi_14__z_btc_rolling_mean_distance_60d__div,0.000328
extra_trees_engineered,z2_z_btc_log_volume__z_btc_trend_strength_20_50__div,0.000328
extra_trees_engineered,z2_z_btc_bollinger_width_20d__z_btc_trend_above_sma20__add,0.000328
extra_trees_engineered,z2_z_us10y_bp_chg_7d__z_btc_rolling_mean_distance_30d__add,0.000328
extra_trees_engineered,z2_z_btc_rolling_position_60d__z_btc_trend_strength_50_200__sub,0.000327
extra_trees_engineered,z2_z_btc_trend_above_sma20__z_btc_volume_z_20d__mul,0.000327
extra_trees_engineered,z2_z_btc_candle_body_pct__z_btc_volume_z_20d__mul,0.000327
extra_trees_engineered,z2_z_btc_rolling_position_14d__z_btc_rolling_position_30d__div,0.000327
extra_trees_engineered,z2_z_btc_rolling_position_7d__z_btc_trend_strength_50_200__mul,0.000327
extra_trees_engineered,z2_z_btc_bollinger_width_20d__z_btc_rsi_30__div,0.000327
extra_trees_engineered,z2_z_btc_bollinger_width_20d__z_us5y_bp_chg_7d__div,0.000326
extra_trees_engineered,z2_z_gold_return_7d__z_btc_trend_strength_50_200__add,0.000326
extra_trees_engineered,z2_z_btc_bollinger_lower_distance_20d__z_btc_rsi_7__mul,0.000326
extra_trees_engineered,z2_z_btc_trend_above_sma50__z_btc_bollinger_lower_distance_20d__sub,0.000325
extra_trees_engineered,z2_z_btc_return_1d__z_btc_drawdown_120d__mul,0.000325
extra_trees_engineered,z2_z_btc_bollinger_percent_b_20d__z_btc_return_1d__sub,0.000325
extra_trees_engineered,z2_z_btc_rolling_position_14d__z_btc_rolling_mean_distance_60d__sub,0.000325
extra_trees_engineered,z2_z_btc_volume_z_20d__z_btc_log_volume__sub,0.000325
extra_trees_engineered,z2_z_btc_rolling_mean_distance_60d__z_btc_candle_body_pct__add,0.000325
extra_trees_engineered,z2_z_btc_rsi_30__z_btc_trend_strength_50_200__mul,0.000325
extra_trees_engineered,z2_z_btc_rolling_position_14d__z_btc_rsi_30__sub,0.000324
extra_trees_engineered,z2_z_gold_return_7d__z_btc_volume_z_20d__add,0.000324
extra_trees_engineered,z2_z_btc_rsi_14__z_btc_trend_sma50_above_sma200__sub,0.000324
extra_trees_engineered,z2_z_btc_bollinger_lower_distance_20d__z_btc_rolling_position_7d__div,0.000324
extra_trees_engineered,z2_z_btc_bollinger_width_20d__z_btc_bollinger_percent_b_20d__div,0.000324
extra_trees_engineered,z2_z_btc_rolling_mean_distance_60d__z_btc_return_14d__sub,0.000324
extra_trees_engineered,z2_z_us5y_bp_chg_7d__z_btc_return_14d__mul,0.000323
extra_trees_engineered,z2_z_btc_bollinger_lower_distance_20d__z_btc_rolling_position_7d__mul,0.000323
extra_trees_engineered,z2_z_btc_rolling_position_60d__z_btc_trend_strength_50_200__div,0.000323
extra_trees_engineered,z2_z_btc_rolling_position_14d__z_btc_trend_above_sma50__div,0.000323
extra_trees_engineered,z2_z_us5y_bp_chg_7d__z_gold_return_7d__sub,0.000323
extra_trees_engineered,z2_z_btc_candle_body_pct__z_us10y_bp_chg_7d__mul,0.000323
extra_trees_engineered,z2_z_btc_volume_pct_7d__z_btc_rsi_14__add,0.000323
extra_trees_engineered,z2_z_btc_candle_range_pct__z_btc_log_volume__sub,0.000323
extra_trees_engineered,z2_z_btc_candle_range_pct__z_btc_return_14d__sub,0.000322
extra_trees_engineered,z2_z_btc_rolling_position_14d__z_nasdaq_return_1d__sub,0.000321
extra_trees_engineered,z2_z_gold_return_7d__z_btc_return_14d__sub,0.000321
extra_trees_engineered,z2_z_btc_rsi_30__z_btc_trend_strength_20_50__mul,0.000321
extra_trees_engineered,z2_z_us5y_bp_chg_7d__z_btc_trend_sma7_above_sma30__add,0.00032
extra_trees_engineered,z2_z_btc_rolling_position_60d__z_us5y_bp_chg_7d__sub,0.00032
extra_trees_engineered,z2_z_btc_rsi_7__z_btc_trend_strength_50_200__add,0.00032
extra_trees_engineered,z2_z_btc_rolling_position_30d__z_btc_rsi_30__mul,0.00032
extra_trees_engineered,z_btc_volume_z_7d,0.00032
extra_trees_engineered,z2_z_nasdaq_return_1d__z_us10y_bp_chg_7d__sub,0.00032
extra_trees_engineered,z2_z_btc_trend_above_sma50__z_us5y_bp_chg_7d__mul,0.00032
extra_trees_engineered,z2_z_btc_rsi_14__z_gold_return_7d__mul,0.00032
extra_trees_engineered,z2_z_btc_rsi_7__z_btc_return_1d__add,0.000319
extra_trees_engineered,z2_z_nasdaq_return_1d__z_btc_return_1d__sub,0.000319
extra_trees_engineered,z2_z_btc_bollinger_width_20d__z_btc_trend_strength_50_200__add,0.000319
extra_trees_engineered,z2_z_btc_rolling_position_60d__z_btc_trend_sma7_above_sma30__mul,0.000319
extra_trees_engineered,z2_z_btc_rolling_position_7d__z_btc_volume_diff_7d__sub,0.000318
extra_trees_engineered,z2_z_btc_trend_above_sma20__z_btc_volume_diff_7d__sub,0.000318
extra_trees_engineered,z2_z_btc_bollinger_width_20d__z_btc_rolling_position_7d__add,0.000318
extra_trees_engineered,z2_z_btc_rolling_position_30d__z_btc_rsi_14__mul,0.000318
extra_trees_engineered,z2_z_btc_rsi_14__z_btc_trend_sma7_above_sma30__mul,0.000318
extra_trees_engineered,z2_z_btc_trend_sma50_above_sma200__z_us10y_bp_chg_7d__sub,0.000318
extra_trees_engineered,z2_z_btc_bollinger_percent_b_20d__z_btc_return_1d__mul,0.000318
extra_trees_engineered,z2_z_btc_candle_range_pct__z_btc_trend_strength_20_50__sub,0.000318
extra_trees_engineered,z2_z_btc_bollinger_lower_distance_20d__z_btc_trend_strength_20_50__sub,0.000318
extra_trees_engineered,z2_z_btc_volume_z_20d__z_btc_volume_diff_7d__add,0.000317
extra_trees_engineered,z2_z_btc_trend_above_sma20__z_btc_log_volume__add,0.000317
extra_trees_engineered,z2_z_btc_bollinger_width_20d__z_btc_bollinger_percent_b_20d__sub,0.000317
extra_trees_engineered,z2_z_btc_candle_range_pct__z_btc_rolling_mean_distance_30d__div,0.000317
extra_trees_engineered,z2_z_btc_rolling_position_7d__z_btc_trend_above_sma20__add,0.000317
extra_trees_engineered,z2_z_us5y_bp_chg_7d__z_btc_rolling_mean_distance_30d__div,0.000317
extra_trees_engineered,z2_z_btc_bollinger_lower_distance_20d__z_us5y_bp_chg_7d__sub,0.000317
extra_trees_engineered,z2_z_btc_trend_above_sma20__z_gold_return_7d__div,0.000316
extra_trees_engineered,z2_z_us5y_bp_chg_7d__z_btc_trend_strength_20_50__sub,0.000316
extra_trees_engineered,z2_z_btc_trend_sma50_above_sma200__z_btc_drawdown_120d__mul,0.000316
extra_trees_engineered,z2_z_btc_trend_sma7_above_sma30__z_btc_volume_z_20d__sub,0.000316
extra_trees_engineered,z2_z_btc_bollinger_percent_b_20d__z_btc_candle_body_abs_pct__mul,0.000315
extra_trees_engineered,z2_z_gold_return_7d__z_btc_return_14d__add,0.000315
extra_trees_engineered,z2_z_btc_bollinger_width_20d__z_btc_trend_sma50_above_sma200__add,0.000315
extra_trees_engineered,z2_z_btc_rsi_7__z_us10y_bp_chg_7d__add,0.000315
extra_trees_engineered,z2_z_btc_rolling_position_30d__z_btc_rsi_7__sub,0.000315
extra_trees_engineered,z_btc_bollinger_lower_distance_20d,0.000315
extra_trees_engineered,z2_z_us5y_bp_chg_7d__z_btc_volume_diff_7d__sub,0.000315
extra_trees_engineered,z2_z_btc_bollinger_lower_distance_20d__z_btc_candle_range_pct__mul,0.000315
extra_trees_engineered,z2_z_btc_rolling_position_30d__z_us10y_bp_chg_7d__div,0.000315
extra_trees_engineered,z2_z_btc_bollinger_width_20d__z_btc_trend_above_sma20__sub,0.000314
extra_trees_engineered,z_btc_drawdown_120d,0.000314
extra_trees_engineered,z2_z_btc_rolling_position_30d__z_btc_candle_body_pct__mul,0.000314
extra_trees_engineered,z2_z_btc_rsi_30__z_gold_return_7d__mul,0.000314
extra_trees_engineered,z2_z_btc_bollinger_width_20d__z_btc_trend_sma7_above_sma30__sub,0.000314
extra_trees_engineered,z2_z_btc_rsi_7__z_us5y_bp_chg_7d__add,0.000313
extra_trees_engineered,z2_z_btc_volume_pct_7d__z_btc_rsi_7__div,0.000313
extra_trees_engineered,z2_z_btc_bollinger_width_20d__z_btc_candle_range_pct__sub,0.000313
extra_trees_engineered,z2_z_btc_trend_above_sma50__z_btc_candle_body_pct__mul,0.000312
extra_trees_engineered,z2_z_btc_rolling_mean_distance_60d__z_btc_log_volume__add,0.000312
extra_trees_engineered,z2_z_btc_drawdown_120d__z_btc_trend_strength_20_50__mul,0.000312
extra_trees_engineered,z2_z_btc_bollinger_width_20d__z_gold_return_7d__add,0.000312
extra_trees_engineered,z2_z_btc_bollinger_percent_b_20d__z_btc_trend_strength_50_200__mul,0.000312
extra_trees_engineered,z2_z_btc_trend_sma7_above_sma30__z_btc_candle_body_abs_pct__mul,0.000311
extra_trees_engineered,z2_z_btc_rolling_position_30d__z_btc_rolling_position_7d__mul,0.000311
extra_trees_engineered,z2_z_btc_rsi_30__z_btc_rolling_position_7d__sub,0.000311
extra_trees_engineered,z2_z_btc_bollinger_lower_distance_20d__z_btc_rolling_position_60d__sub,0.000311
extra_trees_engineered,z2_z_btc_candle_range_pct__z_btc_volume_z_20d__mul,0.00031
extra_trees_engineered,z2_z_btc_rolling_position_14d__z_btc_volume_z_20d__sub,0.00031
extra_trees_engineered,z2_z_btc_rolling_position_20d__z_us5y_bp_chg_7d__add,0.00031
extra_trees_engineered,z2_z_btc_rsi_7__z_btc_volume_z_20d__mul,0.000309
extra_trees_engineered,z2_z_btc_rolling_position_30d__z_btc_rsi_30__div,0.000309
extra_trees_engineered,z2_z_btc_rolling_position_14d__z_sp500_return_1d__mul,0.000309
extra_trees_engineered,z2_z_btc_rolling_position_20d__z_btc_bollinger_lower_distance_20d__mul,0.000309
extra_trees_engineered,z2_z_btc_rsi_30__z_btc_candle_body_abs_pct__div,0.000308
extra_trees_engineered,z2_z_sp500_return_1d__z_btc_trend_strength_50_200__sub,0.000308
extra_trees_engineered,z2_z_btc_bollinger_percent_b_20d__z_btc_rolling_mean_distance_60d__mul,0.000308
extra_trees_engineered,z2_z_us5y_bp_chg_7d__z_btc_rolling_mean_distance_60d__mul,0.000307
extra_trees_engineered,z2_z_btc_trend_above_sma20__z_btc_trend_strength_50_200__mul,0.000307
extra_trees_engineered,z2_z_us10y_bp_chg_7d__z_btc_log_volume__div,0.000307
extra_trees_engineered,z2_z_sp500_return_1d__z_btc_return_14d__sub,0.000307
extra_trees_engineered,z2_z_btc_trend_strength_50_200__z_btc_volume_z_20d__mul,0.000307
extra_trees_engineered,z2_z_btc_candle_body_pct__z_btc_return_14d__add,0.000307
extra_trees_engineered,z2_z_sp500_return_1d__z_btc_trend_strength_20_50__sub,0.000307
extra_trees_engineered,z2_z_btc_return_1d__z_btc_volume_z_20d__div,0.000307
extra_trees_engineered,z2_z_btc_volume_pct_7d__z_btc_candle_range_pct__div,0.000306
extra_trees_engineered,z2_z_us5y_bp_chg_7d__z_btc_candle_body_abs_pct__add,0.000306
extra_trees_engineered,z2_z_btc_rolling_position_14d__z_btc_rolling_mean_distance_30d__mul,0.000306
extra_trees_engineered,z2_z_btc_rolling_position_14d__z_btc_drawdown_120d__div,0.000305
extra_trees_engineered,z2_z_btc_rolling_position_14d__z_btc_bollinger_percent_b_20d__sub,0.000305
extra_trees_engineered,z2_z_btc_rolling_position_7d__z_btc_return_14d__div,0.000305
extra_trees_engineered,z2_z_btc_rolling_position_30d__z_btc_volume_z_20d__sub,0.000305
extra_trees_engineered,z2_z_btc_return_1d__z_btc_drawdown_120d__add,0.000304
extra_trees_engineered,z2_z_btc_rsi_14__z_btc_rolling_mean_distance_60d__add,0.000304
extra_trees_engineered,z2_z_btc_bollinger_percent_b_20d__z_us5y_bp_chg_7d__add,0.000304
extra_trees_engineered,z2_z_btc_rsi_7__z_btc_rolling_mean_distance_30d__sub,0.000304
extra_trees_engineered,z2_z_btc_rolling_position_14d__z_btc_trend_strength_20_50__div,0.000304
extra_trees_engineered,z2_z_sp500_return_1d__z_nasdaq_return_1d__mul,0.000303
extra_trees_engineered,z2_z_btc_volume_pct_7d__z_btc_return_14d__add,0.000303
extra_trees_engineered,z2_z_sp500_return_1d__z_btc_return_1d__mul,0.000303
extra_trees_engineered,z2_z_btc_rolling_position_20d__z_btc_log_volume__sub,0.000303
extra_trees_engineered,z2_z_btc_volume_pct_7d__z_btc_trend_sma50_above_sma200__mul,0.000302
extra_trees_engineered,z2_z_btc_bollinger_percent_b_20d__z_btc_trend_strength_20_50__sub,0.000302
extra_trees_engineered,z2_z_btc_bollinger_width_20d__z_btc_volume_diff_7d__mul,0.000302
extra_trees_engineered,z2_z_btc_rolling_position_14d__z_btc_trend_sma7_above_sma30__div,0.000302
extra_trees_engineered,z2_z_btc_rsi_7__z_btc_rolling_mean_distance_30d__mul,0.000301
extra_trees_engineered,z2_z_nasdaq_return_1d__z_btc_return_1d__mul,0.000301
extra_trees_engineered,z2_z_btc_volume_pct_7d__z_us10y_bp_chg_7d__sub,0.000301
extra_trees_engineered,z2_z_btc_trend_sma50_above_sma200__z_btc_log_volume__add,0.000301
extra_trees_engineered,z2_z_btc_candle_body_pct__z_us10y_bp_chg_7d__add,0.000301
extra_trees_engineered,z2_z_btc_bollinger_percent_b_20d__z_us10y_bp_chg_7d__mul,0.000301
extra_trees_engineered,z2_z_btc_bollinger_lower_distance_20d__z_btc_candle_body_abs_pct__add,0.0003
extra_trees_engineered,z2_z_btc_rsi_30__z_btc_volume_z_20d__add,0.0003
extra_trees_engineered,z2_z_btc_bollinger_width_20d__z_btc_volume_pct_7d__mul,0.0003
extra_trees_engineered,z2_z_btc_rolling_position_30d__z_btc_rolling_position_60d__mul,0.000299
extra_trees_engineered,z2_z_sp500_return_1d__z_us5y_bp_chg_7d__sub,0.000299
extra_trees_engineered,z2_z_us10y_bp_chg_7d__z_btc_volume_diff_7d__sub,0.000299
extra_trees_engineered,z2_z_btc_volume_pct_7d__z_btc_drawdown_120d__div,0.000299
extra_trees_engineered,z2_z_btc_rolling_mean_distance_60d__z_btc_volume_diff_7d__add,0.000299
extra_trees_engineered,z2_z_btc_bollinger_lower_distance_20d__z_btc_log_volume__add,0.000299
extra_trees_engineered,z2_z_sp500_return_1d__z_btc_volume_z_20d__add,0.000298
extra_trees_engineered,z2_z_btc_rsi_30__z_btc_rsi_14__add,0.000298
extra_trees_engineered,z2_z_btc_rolling_position_20d__z_btc_rsi_14__div,0.000298
extra_trees_engineered,z2_z_btc_rolling_position_60d__z_btc_candle_body_pct__add,0.000297
extra_trees_engineered,z2_z_btc_rolling_position_30d__z_btc_return_1d__sub,0.000297
extra_trees_engineered,z2_z_btc_bollinger_lower_distance_20d__z_btc_drawdown_120d__mul,0.000297
extra_trees_engineered,z2_z_btc_rolling_position_20d__z_btc_trend_strength_20_50__div,0.000297
extra_trees_engineered,z2_z_btc_bollinger_lower_distance_20d__z_btc_trend_strength_50_200__mul,0.000297
extra_trees_engineered,z2_z_gold_return_7d__z_btc_return_1d__div,0.000297
extra_trees_engineered,z2_z_btc_rolling_position_20d__z_btc_rolling_position_7d__div,0.000297
extra_trees_engineered,z2_z_btc_volume_z_20d__z_btc_trend_strength_20_50__sub,0.000297
extra_trees_engineered,z2_z_btc_trend_above_sma20__z_us5y_bp_chg_7d__mul,0.000297
extra_trees_engineered,z2_z_nasdaq_return_1d__z_btc_volume_diff_7d__mul,0.000296
extra_trees_engineered,z2_z_btc_rsi_30__z_btc_candle_body_abs_pct__add,0.000296
extra_trees_engineered,z2_z_nasdaq_return_1d__z_btc_rolling_mean_distance_30d__sub,0.000296
extra_trees_engineered,z2_z_us10y_bp_chg_7d__z_btc_log_volume__mul,0.000296
extra_trees_engineered,z2_z_btc_rolling_position_20d__z_btc_rsi_30__mul,0.000295
extra_trees_engineered,z2_z_btc_rolling_position_7d__z_btc_volume_diff_7d__mul,0.000295
extra_trees_engineered,z2_z_us5y_bp_chg_7d__z_btc_candle_body_pct__add,0.000295
extra_trees_engineered,z2_z_btc_trend_above_sma20__z_us5y_bp_chg_7d__add,0.000295
extra_trees_engineered,z2_z_btc_bollinger_width_20d__z_btc_rolling_position_30d__add,0.000294
extra_trees_engineered,z2_z_btc_trend_above_sma50__z_btc_volume_diff_7d__mul,0.000294
extra_trees_engineered,z2_z_btc_trend_above_sma20__z_gold_return_7d__sub,0.000294
extra_trees_engineered,z2_z_btc_bollinger_width_20d__z_btc_trend_strength_50_200__mul,0.000293
extra_trees_engineered,z2_z_btc_trend_sma50_above_sma200__z_btc_trend_strength_50_200__mul,0.000293
extra_trees_engineered,z2_z_btc_bollinger_percent_b_20d__z_btc_return_14d__div,0.000293
extra_trees_engineered,z2_z_gold_return_7d__z_btc_return_1d__add,0.000293
extra_trees_engineered,z2_z_btc_rolling_position_60d__z_btc_drawdown_120d__mul,0.000293
extra_trees_engineered,z2_z_btc_rolling_position_7d__z_btc_rolling_mean_distance_30d__div,0.000293
extra_trees_engineered,z2_z_btc_trend_above_sma50__z_btc_bollinger_percent_b_20d__sub,0.000293
extra_trees_engineered,z2_z_btc_bollinger_width_20d__z_btc_trend_sma7_above_sma30__div,0.000292
extra_trees_engineered,z2_z_btc_rolling_position_20d__z_sp500_return_1d__sub,0.000292
extra_trees_engineered,z2_z_btc_rsi_7__z_btc_trend_sma7_above_sma30__sub,0.000291
extra_trees_engineered,z2_z_btc_rolling_position_7d__z_btc_trend_strength_50_200__div,0.000291
extra_trees_engineered,z2_z_btc_rolling_position_7d__z_btc_trend_sma50_above_sma200__sub,0.000291
extra_trees_engineered,z2_z_btc_bollinger_lower_distance_20d__z_btc_rolling_position_7d__sub,0.000291
extra_trees_engineered,z2_z_btc_volume_pct_7d__z_btc_rolling_mean_distance_60d__mul,0.000291
extra_trees_engineered,z2_z_btc_bollinger_width_20d__z_btc_return_14d__mul,0.000291
extra_trees_engineered,z2_z_nasdaq_return_1d__z_btc_candle_body_abs_pct__mul,0.000291
extra_trees_engineered,z2_z_sp500_return_1d__z_us10y_bp_chg_7d__add,0.00029
extra_trees_engineered,z2_z_btc_bollinger_percent_b_20d__z_btc_candle_body_abs_pct__add,0.00029
extra_trees_engineered,z2_z_btc_rolling_position_60d__z_btc_rolling_mean_distance_60d__div,0.00029
extra_trees_engineered,z2_z_btc_trend_sma50_above_sma200__z_btc_trend_strength_20_50__sub,0.00029
extra_trees_engineered,z2_z_btc_rolling_position_20d__z_btc_candle_range_pct__add,0.00029
extra_trees_engineered,z2_z_btc_volume_z_20d__z_btc_return_14d__div,0.00029
extra_trees_engineered,z2_z_btc_rolling_position_60d__z_btc_return_14d__mul,0.000289
extra_trees_engineered,z2_z_btc_volume_z_20d__z_btc_log_volume__div,0.000289
extra_trees_engineered,z2_z_btc_volume_z_20d__z_btc_drawdown_120d__div,0.000289
extra_trees_engineered,z2_z_btc_rolling_position_14d__z_btc_trend_sma7_above_sma30__add,0.000289
extra_trees_engineered,z2_z_btc_rolling_position_30d__z_btc_return_1d__mul,0.000289
extra_trees_engineered,z2_z_btc_return_1d__z_btc_trend_strength_50_200__mul,0.000289
extra_trees_engineered,z2_z_btc_rolling_position_60d__z_btc_rsi_14__sub,0.000287
extra_trees_engineered,z2_z_btc_trend_sma50_above_sma200__z_btc_volume_z_20d__mul,0.000287
extra_trees_engineered,z2_z_btc_rolling_position_30d__z_btc_rolling_mean_distance_60d__sub,0.000286
extra_trees_engineered,z2_z_btc_bollinger_percent_b_20d__z_btc_return_1d__add,0.000286
extra_trees_engineered,z2_z_btc_volume_pct_7d__z_btc_trend_above_sma50__div,0.000286
extra_trees_engineered,z2_z_btc_rsi_30__z_btc_log_volume__add,0.000286
extra_trees_engineered,z2_z_btc_rolling_position_60d__z_btc_log_volume__sub,0.000286
extra_trees_engineered,z2_z_nasdaq_return_1d__z_btc_candle_body_pct__mul,0.000285
extra_trees_engineered,z2_z_btc_trend_sma50_above_sma200__z_btc_trend_strength_20_50__mul,0.000285
extra_trees_engineered,z_btc_candle_body_pct,0.000285
extra_trees_engineered,z2_z_btc_candle_range_pct__z_btc_drawdown_120d__add,0.000284
extra_trees_engineered,z2_z_btc_bollinger_width_20d__z_btc_rolling_position_14d__sub,0.000284
extra_trees_engineered,z2_z_btc_volume_pct_7d__z_btc_rsi_14__sub,0.000284
extra_trees_engineered,z2_z_btc_return_1d__z_btc_return_14d__sub,0.000284
extra_trees_engineered,z2_z_btc_trend_strength_20_50__z_btc_return_14d__add,0.000284
extra_trees_engineered,z2_z_btc_rolling_mean_distance_60d__z_btc_log_volume__sub,0.000283
extra_trees_engineered,z2_z_sp500_return_1d__z_btc_trend_sma50_above_sma200__mul,0.000283
extra_trees_engineered,z2_z_btc_bollinger_width_20d__z_btc_return_1d__div,0.000283
extra_trees_engineered,z2_z_btc_rolling_position_20d__z_btc_bollinger_percent_b_20d__mul,0.000282
extra_trees_engineered,z2_z_btc_bollinger_percent_b_20d__z_btc_volume_diff_7d__mul,0.000282
extra_trees_engineered,z2_z_sp500_return_1d__z_btc_candle_body_abs_pct__mul,0.000282
extra_trees_engineered,z_btc_volume_z_20d,0.000282
extra_trees_engineered,z2_z_btc_trend_above_sma20__z_nasdaq_return_1d__sub,0.000282
extra_trees_engineered,z2_z_btc_bollinger_lower_distance_20d__z_us5y_bp_chg_7d__add,0.000281
extra_trees_engineered,z2_z_btc_rolling_position_7d__z_btc_trend_strength_20_50__add,0.000281
extra_trees_engineered,z2_z_btc_rsi_7__z_btc_volume_z_20d__add,0.000281
extra_trees_engineered,z2_z_nasdaq_return_1d__z_btc_trend_strength_50_200__add,0.000281
extra_trees_engineered,z2_z_btc_rolling_position_7d__z_btc_rolling_mean_distance_60d__add,0.000281
extra_trees_engineered,z2_z_btc_trend_sma7_above_sma30__z_btc_rolling_mean_distance_60d__mul,0.00028
extra_trees_engineered,z2_z_btc_rolling_position_7d__z_nasdaq_return_1d__sub,0.00028
extra_trees_engineered,z2_z_btc_rolling_position_60d__z_btc_return_1d__add,0.00028
extra_trees_engineered,z2_z_btc_rsi_7__z_btc_trend_strength_50_200__sub,0.000279
extra_trees_engineered,z2_z_btc_volume_z_20d__z_btc_rolling_mean_distance_30d__mul,0.000279
extra_trees_engineered,z2_z_btc_candle_body_abs_pct__z_btc_rolling_mean_distance_30d__div,0.000279
extra_trees_engineered,z2_z_btc_trend_above_sma20__z_btc_drawdown_120d__div,0.000279
extra_trees_engineered,z2_z_nasdaq_return_1d__z_btc_trend_sma50_above_sma200__mul,0.000278
extra_trees_engineered,z2_z_btc_bollinger_lower_distance_20d__z_btc_candle_body_abs_pct__div,0.000278
extra_trees_engineered,z2_z_btc_trend_above_sma50__z_btc_trend_strength_50_200__div,0.000278
extra_trees_engineered,z2_z_btc_rolling_position_60d__z_btc_log_volume__add,0.000278
extra_trees_engineered,z2_z_btc_rsi_30__z_btc_rolling_mean_distance_60d__sub,0.000278
extra_trees_engineered,z2_z_btc_candle_range_pct__z_btc_volume_diff_7d__sub,0.000278
extra_trees_engineered,z2_z_btc_bollinger_width_20d__z_btc_return_1d__add,0.000277
extra_trees_engineered,z2_z_btc_volume_z_20d__z_btc_return_14d__add,0.000277
extra_trees_engineered,z2_z_btc_volume_pct_7d__z_us5y_bp_chg_7d__div,0.000277
extra_trees_engineered,z2_z_btc_volume_pct_7d__z_gold_return_7d__mul,0.000277
extra_trees_engineered,z2_z_gold_return_7d__z_btc_candle_body_pct__div,0.000277
extra_trees_engineered,z2_z_btc_rsi_14__z_btc_return_1d__div,0.000276
extra_trees_engineered,z2_z_btc_bollinger_width_20d__z_btc_drawdown_120d__div,0.000276
extra_trees_engineered,z2_z_btc_rolling_position_20d__z_btc_rsi_14__mul,0.000276
extra_trees_engineered,z_btc_return_7d,0.000276
extra_trees_engineered,z2_z_btc_bollinger_width_20d__z_btc_candle_body_pct__div,0.000276
extra_trees_engineered,z2_z_btc_bollinger_percent_b_20d__z_btc_return_14d__sub,0.000276
extra_trees_engineered,z2_z_us5y_bp_chg_7d__z_btc_return_1d__add,0.000276
extra_trees_engineered,z2_z_btc_trend_sma50_above_sma200__z_btc_trend_strength_50_200__sub,0.000275
extra_trees_engineered,z2_z_btc_bollinger_width_20d__z_us10y_bp_chg_7d__sub,0.000275
extra_trees_engineered,z2_z_btc_trend_above_sma50__z_btc_drawdown_120d__div,0.000275
extra_trees_engineered,z2_z_btc_rsi_14__z_btc_trend_strength_50_200__add,0.000275
extra_trees_engineered,z2_z_btc_bollinger_lower_distance_20d__z_btc_trend_sma7_above_sma30__sub,0.000275
extra_trees_engineered,z2_z_btc_rolling_position_20d__z_us10y_bp_chg_7d__sub,0.000274
extra_trees_engineered,z2_z_sp500_return_1d__z_btc_trend_sma7_above_sma30__sub,0.000274
extra_trees_engineered,z2_z_nasdaq_return_1d__z_btc_candle_range_pct__mul,0.000274
extra_trees_engineered,z2_z_btc_volume_pct_7d__z_btc_trend_above_sma20__div,0.000274
extra_trees_engineered,z2_z_btc_bollinger_lower_distance_20d__z_sp500_return_1d__mul,0.000273
extra_trees_engineered,z2_z_btc_candle_range_pct__z_btc_trend_strength_50_200__sub,0.000273
extra_trees_engineered,z2_z_btc_candle_body_pct__z_btc_trend_strength_20_50__div,0.000273
extra_trees_engineered,z2_z_btc_rolling_position_20d__z_btc_trend_above_sma50__div,0.000273
extra_trees_engineered,z2_z_btc_trend_above_sma20__z_btc_candle_range_pct__sub,0.000273
extra_trees_engineered,z2_z_btc_rolling_position_14d__z_us5y_bp_chg_7d__mul,0.000272
extra_trees_engineered,z2_z_btc_return_1d__z_btc_rolling_mean_distance_60d__add,0.000272
extra_trees_engineered,z2_z_btc_rsi_7__z_btc_trend_strength_20_50__mul,0.000272
extra_trees_engineered,z2_z_btc_volume_pct_7d__z_btc_rolling_position_30d__div,0.000272
extra_trees_engineered,z2_z_btc_bollinger_percent_b_20d__z_btc_drawdown_120d__mul,0.000272
extra_trees_engineered,z2_z_btc_bollinger_percent_b_20d__z_btc_candle_body_pct__div,0.000272
extra_trees_engineered,z2_z_btc_trend_above_sma20__z_btc_trend_strength_20_50__sub,0.000272
extra_trees_engineered,z2_z_btc_rolling_position_14d__z_btc_return_14d__sub,0.000272
extra_trees_engineered,z2_z_btc_rolling_position_60d__z_us10y_bp_chg_7d__sub,0.000272
extra_trees_engineered,z2_z_btc_rolling_position_20d__z_btc_candle_body_pct__sub,0.000272
extra_trees_engineered,z2_z_btc_candle_range_pct__z_btc_log_volume__div,0.000272
extra_trees_engineered,z2_z_btc_bollinger_percent_b_20d__z_btc_rsi_14__div,0.000272
extra_trees_engineered,z2_z_sp500_return_1d__z_us10y_bp_chg_7d__mul,0.000272
extra_trees_engineered,z2_z_btc_trend_above_sma20__z_btc_volume_z_20d__add,0.000271
extra_trees_engineered,z2_z_btc_rolling_mean_distance_60d__z_us10y_bp_chg_7d__mul,0.000271
extra_trees_engineered,z2_z_btc_rolling_position_30d__z_btc_rolling_position_60d__add,0.000271
extra_trees_engineered,z2_z_btc_trend_sma7_above_sma30__z_btc_drawdown_120d__mul,0.000271
extra_trees_engineered,z2_z_btc_rolling_position_14d__z_us10y_bp_chg_7d__sub,0.00027
extra_trees_engineered,z2_z_btc_trend_sma50_above_sma200__z_btc_volume_z_20d__add,0.00027
extra_trees_engineered,z2_z_btc_bollinger_lower_distance_20d__z_btc_trend_above_sma20__sub,0.00027
extra_trees_engineered,z2_z_btc_trend_above_sma20__z_btc_candle_body_pct__add,0.00027
extra_trees_engineered,z2_z_btc_bollinger_percent_b_20d__z_btc_bollinger_lower_distance_20d__sub,0.00027
extra_trees_engineered,z2_z_btc_bollinger_width_20d__z_btc_rsi_7__div,0.000269
extra_trees_engineered,z2_z_btc_trend_above_sma50__z_btc_candle_body_abs_pct__mul,0.000269
extra_trees_engineered,z2_z_btc_rolling_position_60d__z_nasdaq_return_1d__add,0.000269
extra_trees_engineered,z2_z_nasdaq_return_1d__z_btc_log_volume__div,0.000269
extra_trees_engineered,z2_z_btc_bollinger_width_20d__z_btc_trend_above_sma50__sub,0.000268
extra_trees_engineered,z2_z_btc_trend_above_sma20__z_us10y_bp_chg_7d__sub,0.000268
extra_trees_engineered,z2_z_btc_rolling_position_60d__z_btc_rolling_mean_distance_60d__sub,0.000268
extra_trees_engineered,z2_z_btc_rolling_position_7d__z_btc_trend_strength_50_200__add,0.000267
extra_trees_engineered,z2_z_btc_rolling_position_7d__z_gold_return_7d__sub,0.000267
extra_trees_engineered,z2_z_nasdaq_return_1d__z_btc_drawdown_120d__sub,0.000267
extra_trees_engineered,z_btc_rolling_position_7d,0.000267
extra_trees_engineered,z2_z_btc_trend_above_sma50__z_btc_trend_strength_50_200__sub,0.000267
extra_trees_engineered,z2_z_btc_rolling_position_14d__z_btc_candle_body_abs_pct__add,0.000267
extra_trees_engineered,z2_z_btc_rolling_position_7d__z_btc_candle_range_pct__add,0.000267
extra_trees_engineered,z2_z_btc_rolling_position_14d__z_btc_candle_body_abs_pct__mul,0.000267
extra_trees_engineered,z2_z_btc_rsi_14__z_btc_trend_strength_20_50__div,0.000267
extra_trees_engineered,z2_z_sp500_return_1d__z_btc_return_14d__mul,0.000267
extra_trees_engineered,z2_z_btc_rolling_position_7d__z_btc_rolling_mean_distance_30d__add,0.000266
extra_trees_engineered,z2_z_btc_bollinger_lower_distance_20d__z_btc_trend_strength_50_200__add,0.000266
extra_trees_engineered,z2_z_gold_return_7d__z_btc_rolling_mean_distance_30d__sub,0.000266
extra_trees_engineered,z2_z_btc_trend_sma7_above_sma30__z_btc_trend_strength_50_200__mul,0.000266
extra_trees_engineered,z2_z_btc_bollinger_width_20d__z_btc_trend_strength_50_200__div,0.000266
extra_trees_engineered,z2_z_btc_rolling_position_60d__z_nasdaq_return_1d__sub,0.000266
extra_trees_engineered,z_btc_rsi_14,0.000266
extra_trees_engineered,z2_z_btc_rsi_30__z_btc_trend_strength_50_200__add,0.000266
extra_trees_engineered,z2_z_btc_rolling_position_7d__z_btc_rolling_mean_distance_30d__sub,0.000266
extra_trees_engineered,z2_z_btc_rolling_position_7d__z_btc_drawdown_120d__sub,0.000266
extra_trees_engineered,z2_z_btc_trend_above_sma20__z_us10y_bp_chg_7d__div,0.000266
extra_trees_engineered,z2_z_btc_rolling_position_20d__z_btc_rolling_mean_distance_60d__mul,0.000265
extra_trees_engineered,z2_z_btc_rolling_position_60d__z_btc_candle_body_pct__mul,0.000265
extra_trees_engineered,z2_z_btc_rolling_position_30d__z_gold_return_7d__mul,0.000264
extra_trees_engineered,z2_z_gold_return_7d__z_btc_trend_strength_20_50__mul,0.000264
extra_trees_engineered,z2_z_btc_trend_above_sma50__z_btc_volume_z_20d__sub,0.000264
extra_trees_engineered,z2_z_btc_volume_pct_7d__z_btc_trend_sma7_above_sma30__div,0.000264
extra_trees_engineered,z2_z_btc_rolling_position_7d__z_btc_candle_range_pct__sub,0.000263
extra_trees_engineered,z2_z_btc_volume_diff_7d__z_btc_return_14d__div,0.000263
extra_trees_engineered,z2_z_btc_trend_sma7_above_sma30__z_us10y_bp_chg_7d__sub,0.000262
extra_trees_engineered,z2_z_btc_drawdown_120d__z_btc_rolling_mean_distance_30d__mul,0.000262
extra_trees_engineered,z_btc_return_14d,0.000262
extra_trees_engineered,z2_z_btc_trend_strength_50_200__z_btc_volume_diff_7d__sub,0.000262
extra_trees_engineered,z2_z_btc_drawdown_120d__z_btc_log_volume__sub,0.000262
extra_trees_engineered,z2_z_btc_trend_sma50_above_sma200__z_gold_return_7d__add,0.000261
extra_trees_engineered,z2_z_btc_candle_range_pct__z_btc_trend_strength_20_50__add,0.000261
extra_trees_engineered,z2_z_btc_bollinger_width_20d__z_btc_log_volume__mul,0.000261
extra_trees_engineered,z2_z_sp500_return_1d__z_btc_trend_strength_20_50__div,0.000261
extra_trees_engineered,z2_z_btc_rsi_14__z_btc_log_volume__sub,0.00026
extra_trees_engineered,z2_z_btc_rsi_14__z_nasdaq_return_1d__add,0.000259
extra_trees_engineered,z2_z_btc_rolling_position_20d__z_nasdaq_return_1d__add,0.000259
extra_trees_engineered,z2_z_btc_rsi_14__z_btc_trend_sma50_above_sma200__add,0.000259
extra_trees_engineered,z2_z_btc_rsi_30__z_us10y_bp_chg_7d__div,0.000259
extra_trees_engineered,z2_z_btc_rsi_30__z_btc_candle_range_pct__sub,0.000259
extra_trees_engineered,z2_z_btc_rsi_14__z_btc_candle_body_abs_pct__mul,0.000259
extra_trees_engineered,z2_z_btc_rolling_position_20d__z_btc_rolling_mean_distance_30d__add,0.000259
extra_trees_engineered,z_btc_return_1d,0.000258
extra_trees_engineered,z2_z_btc_drawdown_120d__z_btc_volume_diff_7d__sub,0.000258
extra_trees_engineered,z2_z_btc_rsi_14__z_btc_return_14d__add,0.000258
extra_trees_engineered,z2_z_btc_candle_range_pct__z_btc_drawdown_120d__mul,0.000258
extra_trees_engineered,z_btc_volume_diff_1d,0.000258
extra_trees_engineered,z2_z_btc_bollinger_width_20d__z_btc_rolling_position_30d__sub,0.000257
extra_trees_engineered,z_btc_rolling_mean_distance_20d,0.000257
extra_trees_engineered,z2_z_btc_bollinger_width_20d__z_btc_trend_strength_20_50__sub,0.000257
extra_trees_engineered,z2_z_btc_bollinger_width_20d__z_btc_bollinger_lower_distance_20d__sub,0.000257
extra_trees_engineered,z2_z_btc_bollinger_lower_distance_20d__z_btc_volume_diff_7d__add,0.000257
extra_trees_engineered,z2_z_btc_bollinger_width_20d__z_btc_trend_above_sma20__mul,0.000257
extra_trees_engineered,z2_z_btc_rolling_position_14d__z_btc_bollinger_lower_distance_20d__sub,0.000256
extra_trees_engineered,z2_z_btc_bollinger_percent_b_20d__z_btc_candle_range_pct__sub,0.000256
extra_trees_engineered,z2_z_btc_rolling_position_60d__z_btc_volume_z_20d__add,0.000255
extra_trees_engineered,z2_z_btc_rolling_position_30d__z_nasdaq_return_1d__sub,0.000255
extra_trees_engineered,z2_z_btc_trend_sma50_above_sma200__z_btc_log_volume__sub,0.000255
extra_trees_engineered,z2_z_btc_rolling_position_20d__z_btc_rolling_position_7d__add,0.000255
extra_trees_engineered,z2_z_us5y_bp_chg_7d__z_btc_drawdown_120d__mul,0.000254
extra_trees_engineered,z2_z_btc_volume_z_20d__z_us10y_bp_chg_7d__mul,0.000254
extra_trees_engineered,z2_z_btc_return_1d__z_btc_volume_diff_7d__mul,0.000254
extra_trees_engineered,z2_z_btc_candle_body_abs_pct__z_us10y_bp_chg_7d__sub,0.000254
extra_trees_engineered,z2_z_btc_rolling_position_30d__z_btc_rsi_30__add,0.000254
extra_trees_engineered,z2_z_btc_bollinger_width_20d__z_btc_candle_body_abs_pct__add,0.000254
extra_trees_engineered,z2_z_btc_trend_sma7_above_sma30__z_btc_rolling_mean_distance_30d__mul,0.000254
extra_trees_engineered,z2_z_btc_rolling_position_60d__z_btc_rolling_mean_distance_60d__add,0.000253
extra_trees_engineered,z2_z_btc_drawdown_120d__z_btc_log_volume__div,0.000253
extra_trees_engineered,z2_z_btc_trend_above_sma50__z_sp500_return_1d__add,0.000253
extra_trees_engineered,z2_z_btc_rolling_position_7d__z_us5y_bp_chg_7d__sub,0.000253
extra_trees_engineered,z2_z_sp500_return_1d__z_btc_candle_range_pct__mul,0.000253
extra_trees_engineered,z2_z_us5y_bp_chg_7d__z_btc_drawdown_120d__sub,0.000253
extra_trees_engineered,z2_z_btc_trend_above_sma50__z_btc_candle_range_pct__sub,0.000252
extra_trees_engineered,z2_z_btc_trend_above_sma20__z_btc_trend_sma7_above_sma30__div,0.000252
extra_trees_engineered,z2_z_gold_return_7d__z_btc_candle_range_pct__add,0.000252
extra_trees_engineered,z2_z_nasdaq_return_1d__z_btc_candle_range_pct__sub,0.000252
extra_trees_engineered,z2_z_btc_rolling_position_14d__z_btc_trend_strength_20_50__add,0.000252
extra_trees_engineered,z2_z_btc_rolling_position_60d__z_btc_trend_above_sma20__sub,0.000252
extra_trees_engineered,z2_z_us5y_bp_chg_7d__z_us10y_bp_chg_7d__add,0.000252
extra_trees_engineered,z2_z_btc_rolling_position_60d__z_btc_return_14d__div,0.000251
extra_trees_engineered,z2_z_btc_trend_above_sma50__z_btc_volume_diff_7d__sub,0.000251
extra_trees_engineered,z2_z_sp500_return_1d__z_btc_rsi_7__div,0.000251
extra_trees_engineered,z2_z_btc_rolling_position_7d__z_sp500_return_1d__add,0.000251
extra_trees_engineered,z2_z_sp500_return_1d__z_btc_drawdown_120d__add,0.000251
extra_trees_engineered,z2_z_btc_trend_above_sma50__z_btc_rsi_14__add,0.00025
extra_trees_engineered,z2_z_btc_trend_above_sma20__z_btc_return_1d__add,0.00025
extra_trees_engineered,z2_z_btc_bollinger_percent_b_20d__z_nasdaq_return_1d__mul,0.00025
extra_trees_engineered,z2_z_gold_return_7d__z_btc_rolling_mean_distance_30d__add,0.00025
extra_trees_engineered,z2_z_btc_candle_body_pct__z_btc_candle_body_abs_pct__sub,0.00025
extra_trees_engineered,z2_z_btc_bollinger_width_20d__z_btc_rolling_position_30d__mul,0.00025
extra_trees_engineered,z2_z_btc_trend_above_sma50__z_btc_trend_sma50_above_sma200__mul,0.00025
extra_trees_engineered,z2_z_btc_bollinger_lower_distance_20d__z_btc_trend_above_sma20__mul,0.00025
extra_trees_engineered,z2_z_btc_rsi_30__z_btc_volume_diff_7d__div,0.000249
extra_trees_engineered,z2_z_btc_bollinger_lower_distance_20d__z_btc_log_volume__sub,0.000249
extra_trees_engineered,z2_z_btc_rolling_position_60d__z_btc_rolling_mean_distance_30d__div,0.000249
extra_trees_engineered,z2_z_us10y_bp_chg_7d__z_btc_volume_diff_7d__add,0.000249
extra_trees_engineered,z2_z_nasdaq_return_1d__z_btc_trend_sma7_above_sma30__mul,0.000249
extra_trees_engineered,z2_z_btc_rsi_30__z_btc_rolling_position_7d__add,0.000248
extra_trees_engineered,z_btc_rolling_mean_distance_7d,0.000248
extra_trees_engineered,z2_z_btc_trend_above_sma20__z_btc_trend_sma7_above_sma30__mul,0.000248
extra_trees_engineered,z2_z_btc_volume_pct_7d__z_btc_return_14d__div,0.000248
extra_trees_engineered,z2_z_btc_rolling_position_60d__z_btc_candle_range_pct__add,0.000248
extra_trees_engineered,z2_z_btc_rolling_mean_distance_60d__z_btc_trend_strength_50_200__sub,0.000248
extra_trees_engineered,z2_z_btc_drawdown_120d__z_btc_volume_diff_7d__add,0.000248
extra_trees_engineered,z2_z_btc_trend_strength_50_200__z_btc_rolling_mean_distance_30d__add,0.000248
extra_trees_engineered,z2_z_btc_bollinger_lower_distance_20d__z_sp500_return_1d__sub,0.000248
extra_trees_engineered,z2_z_btc_bollinger_width_20d__z_us5y_bp_chg_7d__sub,0.000248
extra_trees_engineered,z2_z_btc_rolling_position_30d__z_btc_rsi_7__add,0.000248
extra_trees_engineered,z2_z_btc_rolling_position_7d__z_btc_volume_z_20d__sub,0.000247
extra_trees_engineered,z2_z_btc_candle_range_pct__z_btc_trend_strength_50_200__mul,0.000247
extra_trees_engineered,z2_z_btc_rolling_position_14d__z_btc_trend_sma50_above_sma200__add,0.000247
extra_trees_engineered,z2_z_btc_rolling_position_30d__z_btc_trend_above_sma20__add,0.000247
extra_trees_engineered,z2_z_btc_rolling_position_20d__z_btc_candle_body_pct__add,0.000247
extra_trees_engineered,z2_z_btc_volume_pct_7d__z_btc_return_1d__mul,0.000247
extra_trees_engineered,z2_z_btc_trend_sma50_above_sma200__z_btc_trend_strength_50_200__add,0.000246
extra_trees_engineered,z2_z_btc_return_1d__z_btc_candle_body_pct__add,0.000246
extra_trees_engineered,z2_z_btc_bollinger_lower_distance_20d__z_nasdaq_return_1d__add,0.000246
extra_trees_engineered,z2_z_btc_rsi_14__z_btc_drawdown_120d__mul,0.000246
extra_trees_engineered,z2_z_btc_rsi_30__z_us10y_bp_chg_7d__sub,0.000246
extra_trees_engineered,z2_z_sp500_return_1d__z_btc_volume_diff_7d__add,0.000245
extra_trees_engineered,z2_z_btc_rsi_30__z_us10y_bp_chg_7d__mul,0.000245
extra_trees_engineered,z2_z_btc_bollinger_width_20d__z_btc_drawdown_120d__add,0.000245
extra_trees_engineered,z2_z_btc_bollinger_percent_b_20d__z_btc_candle_body_pct__mul,0.000245
extra_trees_engineered,z2_z_btc_candle_body_abs_pct__z_btc_drawdown_120d__sub,0.000245
extra_trees_engineered,z2_z_btc_bollinger_percent_b_20d__z_btc_trend_sma7_above_sma30__div,0.000244
extra_trees_engineered,z2_z_btc_bollinger_lower_distance_20d__z_btc_rolling_mean_distance_60d__add,0.000244
extra_trees_engineered,z2_z_btc_trend_above_sma50__z_btc_log_volume__mul,0.000244
extra_trees_engineered,z2_z_btc_rsi_30__z_btc_candle_body_pct__mul,0.000244
extra_trees_engineered,z2_z_btc_rolling_mean_distance_60d__z_btc_drawdown_120d__sub,0.000244
extra_trees_engineered,z2_z_btc_candle_body_pct__z_btc_trend_strength_20_50__mul,0.000244
extra_trees_engineered,z2_z_btc_bollinger_percent_b_20d__z_sp500_return_1d__sub,0.000243
extra_trees_engineered,z2_z_btc_bollinger_width_20d__z_btc_log_volume__sub,0.000243
extra_trees_engineered,z_btc_volume_ratio_7d,0.000243
extra_trees_engineered,z2_z_btc_rolling_position_30d__z_btc_trend_sma7_above_sma30__add,0.000242
extra_trees_engineered,z2_z_btc_rolling_position_20d__z_nasdaq_return_1d__mul,0.000242
extra_trees_engineered,z2_z_btc_rolling_position_14d__z_us10y_bp_chg_7d__add,0.000242
extra_trees_engineered,z2_z_btc_rolling_position_7d__z_btc_trend_above_sma20__mul,0.000242
extra_trees_engineered,z2_z_btc_bollinger_lower_distance_20d__z_us5y_bp_chg_7d__div,0.000241
extra_trees_engineered,z2_z_btc_rolling_position_7d__z_btc_candle_body_pct__add,0.000241
extra_trees_engineered,z2_z_btc_rolling_mean_distance_60d__z_btc_trend_strength_20_50__add,0.000241
extra_trees_engineered,z2_z_btc_rolling_mean_distance_60d__z_btc_volume_z_20d__sub,0.000241
extra_trees_engineered,z2_z_nasdaq_return_1d__z_btc_trend_sma50_above_sma200__sub,0.00024
extra_trees_engineered,z2_z_btc_return_1d__z_btc_rolling_mean_distance_30d__mul,0.00024
extra_trees_engineered,z2_z_btc_rolling_position_14d__z_btc_trend_sma7_above_sma30__sub,0.00024
extra_trees_engineered,z2_z_btc_rsi_14__z_btc_candle_body_pct__mul,0.00024
extra_trees_engineered,z2_z_btc_rolling_position_7d__z_btc_trend_sma7_above_sma30__add,0.00024
extra_trees_engineered,z2_z_btc_rolling_position_14d__z_nasdaq_return_1d__add,0.00024
extra_trees_engineered,z2_z_btc_trend_sma7_above_sma30__z_btc_volume_z_20d__mul,0.000239
extra_trees_engineered,z2_z_btc_volume_z_20d__z_btc_rolling_mean_distance_30d__div,0.000239
extra_trees_engineered,z2_z_btc_bollinger_lower_distance_20d__z_btc_trend_strength_20_50__add,0.000239
extra_trees_engineered,z2_z_btc_bollinger_percent_b_20d__z_sp500_return_1d__add,0.000239
extra_trees_engineered,z2_z_btc_candle_range_pct__z_btc_candle_body_abs_pct__div,0.000239
extra_trees_engineered,z2_z_btc_bollinger_width_20d__z_btc_rolling_position_20d__add,0.000239
extra_trees_engineered,z2_z_btc_candle_body_pct__z_btc_volume_diff_7d__sub,0.000239
extra_trees_engineered,z2_z_btc_bollinger_percent_b_20d__z_btc_volume_z_20d__mul,0.000238
extra_trees_engineered,z2_z_sp500_return_1d__z_btc_trend_sma7_above_sma30__add,0.000238
extra_trees_engineered,z2_z_btc_trend_sma50_above_sma200__z_btc_rolling_mean_distance_60d__mul,0.000237
extra_trees_engineered,z2_z_btc_bollinger_lower_distance_20d__z_btc_candle_range_pct__div,0.000236
extra_trees_engineered,z2_z_btc_bollinger_lower_distance_20d__z_btc_log_volume__div,0.000236
extra_trees_engineered,z2_z_btc_bollinger_percent_b_20d__z_btc_volume_z_20d__add,0.000236
extra_trees_engineered,z2_z_btc_bollinger_percent_b_20d__z_btc_drawdown_120d__div,0.000235
extra_trees_engineered,z2_z_btc_volume_pct_7d__z_btc_rolling_position_14d__sub,0.000235
extra_trees_engineered,z2_z_btc_rolling_position_14d__z_btc_bollinger_percent_b_20d__div,0.000235
extra_trees_engineered,z2_z_btc_rsi_30__z_gold_return_7d__div,0.000235
extra_trees_engineered,z2_z_btc_rsi_14__z_btc_rsi_7__add,0.000235
extra_trees_engineered,z2_z_btc_trend_strength_50_200__z_btc_return_14d__div,0.000234
extra_trees_engineered,z2_z_btc_bollinger_lower_distance_20d__z_btc_trend_strength_20_50__mul,0.000234
extra_trees_engineered,z2_z_btc_rsi_30__z_sp500_return_1d__sub,0.000234
extra_trees_engineered,z2_z_btc_rsi_14__z_btc_volume_z_20d__mul,0.000233
extra_trees_engineered,z2_z_btc_trend_strength_50_200__z_btc_trend_strength_20_50__mul,0.000233
extra_trees_engineered,z2_z_sp500_return_1d__z_nasdaq_return_1d__sub,0.000233
extra_trees_engineered,z2_z_btc_bollinger_percent_b_20d__z_us5y_bp_chg_7d__sub,0.000232
extra_trees_engineered,z2_z_nasdaq_return_1d__z_us10y_bp_chg_7d__add,0.000232
extra_trees_engineered,z2_z_btc_rolling_position_20d__z_btc_rolling_position_14d__add,0.000232
extra_trees_engineered,z2_z_btc_rolling_position_60d__z_btc_trend_sma50_above_sma200__div,0.000231
extra_trees_engineered,z2_z_btc_volume_pct_7d__z_btc_volume_z_20d__div,0.000231
extra_trees_engineered,z2_z_btc_volume_diff_7d__z_btc_trend_strength_20_50__mul,0.000231
extra_trees_engineered,z_btc_rolling_mean_distance_60d,0.000231
extra_trees_engineered,z2_z_btc_rsi_14__z_btc_trend_sma50_above_sma200__div,0.00023
extra_trees_engineered,z2_z_btc_rolling_mean_distance_60d__z_btc_return_14d__div,0.00023
extra_trees_engineered,z2_z_btc_trend_sma50_above_sma200__z_btc_trend_sma7_above_sma30__mul,0.00023
extra_trees_engineered,z2_z_gold_return_7d__z_btc_volume_z_20d__div,0.00023
extra_trees_engineered,z2_z_btc_candle_range_pct__z_btc_trend_strength_50_200__add,0.000229
extra_trees_engineered,z2_z_btc_rolling_position_20d__z_us10y_bp_chg_7d__add,0.000229
extra_trees_engineered,z2_z_btc_trend_above_sma50__z_btc_trend_strength_50_200__add,0.000229
extra_trees_engineered,z2_z_btc_trend_sma7_above_sma30__z_btc_trend_strength_20_50__sub,0.000228
extra_trees_engineered,z2_z_btc_trend_above_sma50__z_btc_rolling_mean_distance_30d__mul,0.000228
extra_trees_engineered,z2_z_btc_volume_pct_7d__z_btc_volume_diff_7d__mul,0.000228
extra_trees_engineered,z2_z_btc_rolling_position_30d__z_btc_volume_diff_7d__sub,0.000228
extra_trees_engineered,z_btc_drawdown_30d,0.000227
extra_trees_engineered,z2_z_btc_trend_sma50_above_sma200__z_btc_trend_strength_20_50__add,0.000227
extra_trees_engineered,z2_z_btc_volume_diff_7d__z_btc_return_14d__add,0.000227
extra_trees_engineered,z_sp500_return_1d,0.000227
extra_trees_engineered,z2_z_btc_bollinger_percent_b_20d__z_btc_volume_diff_7d__add,0.000227
extra_trees_engineered,z2_z_btc_rolling_position_14d__z_btc_trend_strength_50_200__add,0.000227
extra_trees_engineered,z2_z_btc_trend_sma50_above_sma200__z_btc_candle_body_pct__add,0.000227
extra_trees_engineered,z2_z_btc_rolling_position_14d__z_btc_return_1d__add,0.000227
extra_trees_engineered,z2_z_btc_rolling_position_14d__z_btc_candle_range_pct__add,0.000227
extra_trees_engineered,z_btc_rolling_position_14d,0.000226
extra_trees_engineered,z2_z_nasdaq_return_1d__z_btc_return_14d__mul,0.000225
extra_trees_engineered,z2_z_btc_trend_above_sma20__z_btc_candle_body_abs_pct__mul,0.000225
extra_trees_engineered,z2_z_btc_bollinger_width_20d__z_btc_rsi_30__mul,0.000225
extra_trees_engineered,z2_z_btc_rolling_position_20d__z_btc_volume_diff_7d__add,0.000225
extra_trees_engineered,z2_z_btc_trend_above_sma50__z_btc_bollinger_percent_b_20d__div,0.000225
extra_trees_engineered,z2_z_btc_trend_above_sma20__z_gold_return_7d__mul,0.000224
extra_trees_engineered,z2_z_btc_trend_above_sma20__z_us10y_bp_chg_7d__add,0.000224
extra_trees_engineered,z2_z_sp500_return_1d__z_btc_volume_z_20d__div,0.000224
extra_trees_engineered,z2_z_btc_rolling_position_20d__z_btc_trend_sma7_above_sma30__sub,0.000223
extra_trees_engineered,z2_z_btc_trend_sma50_above_sma200__z_us5y_bp_chg_7d__sub,0.000223
extra_trees_engineered,z2_z_btc_rsi_14__z_btc_candle_body_pct__sub,0.000223
extra_trees_engineered,z2_z_btc_bollinger_percent_b_20d__z_btc_trend_strength_20_50__add,0.000222
extra_trees_engineered,z2_z_btc_rolling_position_14d__z_btc_drawdown_120d__mul,0.000222
extra_trees_engineered,z2_z_btc_bollinger_percent_b_20d__z_btc_trend_strength_20_50__mul,0.000221
extra_trees_engineered,z2_z_btc_rolling_position_7d__z_btc_return_1d__add,0.000221
extra_trees_engineered,z2_z_btc_bollinger_percent_b_20d__z_nasdaq_return_1d__div,0.000221
extra_trees_engineered,z2_z_btc_bollinger_percent_b_20d__z_btc_bollinger_lower_distance_20d__add,0.000221
extra_trees_engineered,z2_z_btc_rolling_position_14d__z_btc_rsi_30__add,0.000221
extra_trees_engineered,z2_z_btc_rolling_position_20d__z_btc_trend_strength_50_200__mul,0.000221
extra_trees_engineered,z2_z_btc_volume_pct_7d__z_gold_return_7d__add,0.000221
extra_trees_engineered,z2_z_btc_rolling_mean_distance_60d__z_btc_volume_diff_7d__sub,0.00022
extra_trees_engineered,z2_z_btc_rolling_position_14d__z_btc_volume_z_20d__mul,0.00022
extra_trees_engineered,z2_z_btc_bollinger_lower_distance_20d__z_gold_return_7d__add,0.00022
extra_trees_engineered,z2_z_btc_rolling_position_30d__z_btc_candle_body_abs_pct__add,0.00022
extra_trees_engineered,z2_z_btc_rolling_position_20d__z_btc_rolling_mean_distance_60d__sub,0.00022
extra_trees_engineered,z2_z_btc_trend_sma7_above_sma30__z_btc_rolling_mean_distance_60d__add,0.00022
extra_trees_engineered,z2_z_btc_candle_range_pct__z_us10y_bp_chg_7d__mul,0.000219
extra_trees_engineered,z2_z_btc_volume_z_20d__z_btc_return_14d__sub,0.000219
extra_trees_engineered,z2_z_btc_bollinger_width_20d__z_btc_rolling_mean_distance_30d__mul,0.000219
extra_trees_engineered,z2_z_nasdaq_return_1d__z_btc_drawdown_120d__mul,0.000219
extra_trees_engineered,z2_z_btc_trend_above_sma50__z_sp500_return_1d__mul,0.000219
extra_trees_engineered,z2_z_btc_volume_pct_7d__z_btc_trend_sma7_above_sma30__sub,0.000219
extra_trees_engineered,z2_z_btc_rolling_position_30d__z_btc_rolling_position_60d__sub,0.000219
extra_trees_engineered,z2_z_btc_candle_body_abs_pct__z_btc_drawdown_120d__mul,0.000218
extra_trees_engineered,z2_z_btc_volume_pct_7d__z_btc_rolling_position_7d__mul,0.000218
extra_trees_engineered,z2_z_btc_rolling_position_60d__z_sp500_return_1d__mul,0.000218
extra_trees_engineered,z2_z_btc_rolling_position_7d__z_btc_rsi_7__add,0.000218
extra_trees_engineered,z2_z_btc_bollinger_percent_b_20d__z_btc_drawdown_120d__sub,0.000218
extra_trees_engineered,z2_z_btc_rolling_position_20d__z_btc_candle_range_pct__mul,0.000218
extra_trees_engineered,z2_z_btc_rolling_position_30d__z_gold_return_7d__sub,0.000217
extra_trees_engineered,z2_z_btc_trend_sma50_above_sma200__z_btc_candle_range_pct__add,0.000217
extra_trees_engineered,z2_z_btc_rolling_position_14d__z_btc_trend_sma50_above_sma200__div,0.000216
extra_trees_engineered,z2_z_btc_rolling_position_60d__z_gold_return_7d__add,0.000216
extra_trees_engineered,z_btc_candle_body_abs_pct,0.000216
extra_trees_engineered,z2_z_btc_trend_above_sma50__z_btc_bollinger_percent_b_20d__mul,0.000216
extra_trees_engineered,z2_z_btc_bollinger_width_20d__z_btc_trend_above_sma50__mul,0.000216
extra_trees_engineered,z2_z_btc_rolling_position_20d__z_btc_drawdown_120d__sub,0.000215
extra_trees_engineered,z2_z_btc_rolling_position_7d__z_gold_return_7d__add,0.000215
extra_trees_engineered,z2_z_btc_rolling_position_14d__z_btc_trend_above_sma20__add,0.000214
extra_trees_engineered,z_btc_candle_range_pct,0.000214
extra_trees_engineered,z2_z_sp500_return_1d__z_btc_log_volume__div,0.000214
extra_trees_engineered,z2_z_btc_trend_sma7_above_sma30__z_btc_return_14d__add,0.000214
extra_trees_engineered,z2_z_btc_trend_sma7_above_sma30__z_btc_trend_strength_50_200__div,0.000214
extra_trees_engineered,z2_z_btc_candle_body_abs_pct__z_btc_volume_diff_7d__sub,0.000213
extra_trees_engineered,z2_z_us5y_bp_chg_7d__z_gold_return_7d__mul,0.000213
extra_trees_engineered,z2_z_btc_bollinger_lower_distance_20d__z_nasdaq_return_1d__sub,0.000213
extra_trees_engineered,z2_z_btc_rolling_position_20d__z_btc_candle_body_abs_pct__mul,0.000213
extra_trees_engineered,z2_z_btc_bollinger_percent_b_20d__z_btc_rolling_mean_distance_30d__div,0.000213
extra_trees_engineered,z2_z_btc_rolling_position_30d__z_btc_log_volume__sub,0.000212
extra_trees_engineered,z2_z_btc_rolling_position_20d__z_btc_rsi_14__add,0.000212
extra_trees_engineered,z2_z_btc_bollinger_percent_b_20d__z_gold_return_7d__mul,0.000212
extra_trees_engineered,z2_z_btc_rolling_position_20d__z_btc_volume_z_20d__sub,0.000212
extra_trees_engineered,z2_z_btc_volume_z_20d__z_btc_log_volume__mul,0.000212
extra_trees_engineered,z2_z_btc_candle_range_pct__z_btc_trend_strength_50_200__div,0.000212
extra_trees_engineered,z2_z_btc_rolling_position_20d__z_btc_rolling_mean_distance_60d__add,0.000212
extra_trees_engineered,z2_z_btc_bollinger_percent_b_20d__z_btc_rolling_position_60d__mul,0.000212
extra_trees_engineered,z2_z_btc_volume_pct_7d__z_btc_trend_strength_50_200__sub,0.000211
extra_trees_engineered,z2_z_btc_trend_sma50_above_sma200__z_btc_return_14d__mul,0.000211
extra_trees_engineered,z2_z_btc_trend_sma50_above_sma200__z_btc_rolling_mean_distance_60d__add,0.000211
extra_trees_engineered,z2_z_btc_rolling_position_60d__z_btc_log_volume__mul,0.000211
extra_trees_engineered,z2_z_btc_return_1d__z_btc_trend_strength_50_200__add,0.000211
extra_trees_engineered,z2_z_btc_rsi_14__z_us5y_bp_chg_7d__mul,0.000211
extra_trees_engineered,z2_z_btc_rolling_mean_distance_60d__z_btc_rolling_mean_distance_30d__div,0.00021
extra_trees_engineered,z2_z_btc_rsi_30__z_btc_return_14d__sub,0.00021
extra_trees_engineered,z2_z_btc_log_volume__z_btc_return_14d__sub,0.00021
extra_trees_engineered,z2_z_btc_candle_body_abs_pct__z_us10y_bp_chg_7d__div,0.00021
extra_trees_engineered,z2_z_btc_rsi_14__z_sp500_return_1d__sub,0.00021
extra_trees_engineered,z2_z_nasdaq_return_1d__z_btc_candle_body_pct__add,0.000209
extra_trees_engineered,z2_z_btc_rolling_position_7d__z_btc_rolling_mean_distance_60d__sub,0.000209
extra_trees_engineered,z2_z_btc_candle_body_pct__z_btc_drawdown_120d__add,0.000209
extra_trees_engineered,z2_z_btc_rolling_position_60d__z_btc_drawdown_120d__add,0.000209
extra_trees_engineered,z2_z_nasdaq_return_1d__z_btc_volume_z_20d__add,0.000209
extra_trees_engineered,z2_z_btc_trend_sma7_above_sma30__z_btc_rolling_mean_distance_60d__sub,0.000209
extra_trees_engineered,z2_z_btc_bollinger_lower_distance_20d__z_btc_trend_sma7_above_sma30__div,0.000209
extra_trees_engineered,z_btc_rolling_volatility_30d,0.000209
extra_trees_engineered,z2_z_btc_rolling_position_7d__z_us10y_bp_chg_7d__mul,0.000208
extra_trees_engineered,z2_z_btc_rsi_14__z_btc_volume_diff_7d__add,0.000208
extra_trees_engineered,z2_z_nasdaq_return_1d__z_btc_rolling_mean_distance_60d__add,0.000208
extra_trees_engineered,z2_z_btc_bollinger_percent_b_20d__z_btc_trend_strength_50_200__div,0.000208
extra_trees_engineered,z2_z_btc_trend_sma50_above_sma200__z_btc_trend_sma7_above_sma30__div,0.000208
extra_trees_engineered,z2_z_btc_rolling_position_7d__z_us5y_bp_chg_7d__add,0.000207
extra_trees_engineered,z2_z_btc_rolling_position_7d__z_btc_trend_strength_50_200__sub,0.000207
extra_trees_engineered,z2_z_btc_rolling_position_60d__z_btc_rsi_7__mul,0.000206
extra_trees_engineered,z2_z_sp500_return_1d__z_btc_trend_strength_50_200__mul,0.000206
extra_trees_engineered,z2_z_us10y_bp_chg_7d__z_btc_rolling_mean_distance_30d__sub,0.000206
extra_trees_engineered,z2_z_btc_rolling_position_30d__z_nasdaq_return_1d__add,0.000205
extra_trees_engineered,z2_z_btc_rolling_position_20d__z_sp500_return_1d__mul,0.000204
extra_trees_engineered,z2_z_btc_rolling_position_20d__z_gold_return_7d__mul,0.000204
extra_trees_engineered,z2_z_btc_candle_body_pct__z_btc_volume_diff_7d__div,0.000203
extra_trees_engineered,z2_z_btc_rolling_position_14d__z_btc_rolling_position_60d__add,0.000203
extra_trees_engineered,z2_z_btc_candle_body_abs_pct__z_btc_volume_z_20d__sub,0.000203
extra_trees_engineered,z2_z_btc_volume_pct_7d__z_btc_bollinger_lower_distance_20d__sub,0.000203
extra_trees_engineered,z_btc_bollinger_width_20d,0.000203
extra_trees_engineered,z2_z_btc_rolling_position_30d__z_btc_trend_sma50_above_sma200__sub,0.000202
extra_trees_engineered,z2_z_btc_rolling_position_30d__z_btc_drawdown_120d__sub,0.000202
extra_trees_engineered,z2_z_btc_trend_sma7_above_sma30__z_btc_rolling_mean_distance_30d__add,0.000202
extra_trees_engineered,z2_z_btc_rsi_30__z_btc_trend_strength_50_200__div,0.000202
extra_trees_engineered,z2_z_btc_rsi_30__z_btc_rolling_mean_distance_60d__mul,0.000202
extra_trees_engineered,z2_z_btc_trend_sma50_above_sma200__z_btc_rolling_mean_distance_30d__div,0.000202
extra_trees_engineered,z2_z_btc_candle_range_pct__z_btc_trend_sma7_above_sma30__mul,0.000202
extra_trees_engineered,z2_z_nasdaq_return_1d__z_us5y_bp_chg_7d__add,0.000201
extra_trees_engineered,z2_z_btc_return_1d__z_us10y_bp_chg_7d__sub,0.0002
extra_trees_engineered,z2_z_btc_candle_range_pct__z_btc_trend_sma7_above_sma30__div,0.0002
extra_trees_engineered,z2_z_btc_trend_above_sma20__z_btc_rolling_mean_distance_60d__mul,0.0002
extra_trees_engineered,z2_z_btc_bollinger_lower_distance_20d__z_btc_volume_z_20d__add,0.0002
extra_trees_engineered,z2_z_btc_rsi_14__z_btc_drawdown_120d__add,0.000199
extra_trees_engineered,z_btc_volume_ratio_60d,0.000199
extra_trees_engineered,z2_z_btc_trend_sma7_above_sma30__z_btc_volume_diff_7d__add,0.000199
extra_trees_engineered,z2_z_btc_bollinger_percent_b_20d__z_btc_candle_range_pct__add,0.000199
extra_trees_engineered,z2_z_btc_rolling_position_14d__z_btc_rolling_position_30d__mul,0.000198
extra_trees_engineered,z2_z_btc_trend_above_sma50__z_btc_drawdown_120d__sub,0.000198
extra_trees_engineered,z2_z_btc_rolling_position_30d__z_btc_rolling_mean_distance_30d__div,0.000197
extra_trees_engineered,z2_z_btc_rolling_position_30d__z_btc_trend_strength_20_50__add,0.000197
extra_trees_engineered,z2_z_btc_bollinger_width_20d__z_btc_rolling_position_20d__sub,0.000197
extra_trees_engineered,z2_z_sp500_return_1d__z_btc_volume_diff_7d__mul,0.000197
extra_trees_engineered,z2_z_sp500_return_1d__z_btc_candle_range_pct__div,0.000196
extra_trees_engineered,z2_z_btc_rsi_7__z_us5y_bp_chg_7d__sub,0.000196
extra_trees_engineered,z2_z_btc_candle_range_pct__z_btc_log_volume__mul,0.000196
extra_trees_engineered,z2_z_btc_rsi_30__z_btc_trend_strength_20_50__sub,0.000195
extra_trees_engineered,z2_z_btc_trend_above_sma20__z_btc_drawdown_120d__sub,0.000195
extra_trees_engineered,z2_z_btc_rolling_position_60d__z_gold_return_7d__mul,0.000195
extra_trees_engineered,z2_z_sp500_return_1d__z_btc_trend_strength_20_50__add,0.000195
extra_trees_engineered,z2_z_btc_rsi_14__z_btc_candle_range_pct__sub,0.000194
extra_trees_engineered,z2_z_btc_bollinger_lower_distance_20d__z_btc_volume_z_20d__mul,0.000194
extra_trees_engineered,z2_z_btc_volume_pct_7d__z_btc_trend_strength_50_200__div,0.000194
extra_trees_engineered,z2_z_btc_rsi_7__z_us5y_bp_chg_7d__mul,0.000194
extra_trees_engineered,z2_z_btc_rolling_position_14d__z_btc_candle_body_pct__add,0.000194
extra_trees_engineered,z2_z_btc_rolling_position_30d__z_btc_rolling_position_7d__sub,0.000193
extra_trees_engineered,z2_z_btc_rsi_30__z_btc_candle_body_abs_pct__mul,0.000193
extra_trees_engineered,z2_z_btc_bollinger_width_20d__z_btc_trend_sma50_above_sma200__mul,0.000193
extra_trees_engineered,z2_z_btc_rolling_position_7d__z_btc_drawdown_120d__add,0.000192
extra_trees_engineered,z2_z_btc_rolling_position_20d__z_btc_rolling_position_7d__sub,0.000192
extra_trees_engineered,z2_z_btc_rolling_position_7d__z_us10y_bp_chg_7d__sub,0.000191
extra_trees_engineered,z2_z_btc_rolling_position_60d__z_us10y_bp_chg_7d__div,0.000191
extra_trees_engineered,z2_z_sp500_return_1d__z_btc_rsi_7__sub,0.000191
extra_trees_engineered,z2_z_btc_rolling_position_60d__z_btc_trend_sma50_above_sma200__add,0.000191
extra_trees_engineered,z2_z_btc_trend_sma50_above_sma200__z_btc_candle_range_pct__mul,0.000191
extra_trees_engineered,z2_z_gold_return_7d__z_btc_rolling_mean_distance_60d__sub,0.00019
extra_trees_engineered,z2_z_btc_bollinger_width_20d__z_btc_candle_range_pct__div,0.00019
extra_trees_engineered,z2_z_btc_trend_above_sma20__z_btc_candle_range_pct__mul,0.00019
extra_trees_engineered,z2_z_btc_rsi_7__z_btc_trend_strength_20_50__sub,0.00019
extra_trees_engineered,z2_z_btc_bollinger_lower_distance_20d__z_btc_return_1d__add,0.00019
extra_trees_engineered,z2_z_btc_rsi_30__z_btc_trend_sma50_above_sma200__sub,0.00019
extra_trees_engineered,z2_z_sp500_return_1d__z_btc_rolling_mean_distance_60d__mul,0.000189
extra_trees_engineered,z2_z_btc_bollinger_lower_distance_20d__z_btc_trend_strength_50_200__div,0.000189
extra_trees_engineered,z2_z_btc_rolling_position_30d__z_btc_drawdown_120d__add,0.000189
extra_trees_engineered,z2_z_sp500_return_1d__z_btc_candle_range_pct__sub,0.000189
extra_trees_engineered,z2_z_btc_rolling_position_60d__z_us5y_bp_chg_7d__add,0.000189
extra_trees_engineered,z2_z_btc_bollinger_percent_b_20d__z_btc_rolling_position_7d__add,0.000189
extra_trees_engineered,z2_z_btc_return_1d__z_btc_trend_strength_50_200__div,0.000188
extra_trees_engineered,z2_z_btc_rolling_position_30d__z_btc_trend_sma50_above_sma200__add,0.000188
extra_trees_engineered,z2_z_btc_trend_strength_20_50__z_btc_return_14d__div,0.000188
extra_trees_engineered,z2_z_btc_rsi_30__z_btc_rsi_7__div,0.000188
extra_trees_engineered,z2_z_btc_candle_body_abs_pct__z_btc_volume_z_20d__mul,0.000188
extra_trees_engineered,z2_z_btc_log_volume__z_btc_return_14d__add,0.000187
extra_trees_engineered,z2_z_sp500_return_1d__z_btc_candle_body_pct__sub,0.000187
extra_trees_engineered,z2_z_btc_rsi_14__z_btc_return_1d__add,0.000187
extra_trees_engineered,z2_z_btc_rolling_position_30d__z_btc_rolling_position_7d__add,0.000187
extra_trees_engineered,z2_z_btc_candle_body_pct__z_btc_log_volume__div,0.000187
extra_trees_engineered,z2_z_btc_rolling_mean_distance_60d__z_btc_trend_strength_20_50__div,0.000187
extra_trees_engineered,z2_z_btc_volume_pct_7d__z_btc_bollinger_percent_b_20d__mul,0.000187
extra_trees_engineered,z2_z_btc_volume_pct_7d__z_btc_rolling_mean_distance_30d__add,0.000186
extra_trees_engineered,z2_z_btc_bollinger_lower_distance_20d__z_sp500_return_1d__add,0.000186
extra_trees_engineered,z2_z_btc_rolling_mean_distance_60d__z_btc_trend_strength_20_50__mul,0.000186
extra_trees_engineered,z2_z_btc_rolling_position_20d__z_btc_trend_above_sma50__sub,0.000186
extra_trees_engineered,z2_z_sp500_return_1d__z_btc_return_14d__add,0.000186
extra_trees_engineered,z2_z_btc_rsi_14__z_btc_trend_strength_20_50__sub,0.000186
extra_trees_engineered,z2_z_btc_rsi_30__z_btc_volume_z_20d__sub,0.000185
extra_trees_engineered,z2_z_btc_bollinger_lower_distance_20d__z_btc_rolling_position_7d__add,0.000185
extra_trees_engineered,z2_z_btc_candle_range_pct__z_btc_rolling_mean_distance_30d__add,0.000185
extra_trees_engineered,z2_z_btc_bollinger_width_20d__z_btc_rsi_14__mul,0.000185
extra_trees_engineered,z2_z_btc_candle_range_pct__z_btc_return_1d__sub,0.000184
extra_trees_engineered,z2_z_sp500_return_1d__z_btc_trend_sma7_above_sma30__mul,0.000184
extra_trees_engineered,z2_z_btc_rolling_position_14d__z_gold_return_7d__sub,0.000184
extra_trees_engineered,z2_z_sp500_return_1d__z_btc_trend_strength_50_200__div,0.000184
extra_trees_engineered,z2_z_btc_trend_above_sma20__z_btc_trend_sma50_above_sma200__mul,0.000183
extra_trees_engineered,z2_z_btc_rolling_position_14d__z_btc_rolling_position_60d__sub,0.000182
extra_trees_engineered,z2_z_btc_bollinger_lower_distance_20d__z_btc_rsi_14__mul,0.000182
extra_trees_engineered,z2_z_btc_bollinger_percent_b_20d__z_btc_candle_body_abs_pct__div,0.000182
extra_trees_engineered,z2_z_btc_bollinger_width_20d__z_btc_candle_range_pct__mul,0.000182
extra_trees_engineered,z2_z_btc_rolling_position_30d__z_btc_bollinger_percent_b_20d__mul,0.000181
extra_trees_engineered,z2_z_btc_bollinger_width_20d__z_btc_bollinger_lower_distance_20d__mul,0.000181
extra_trees_engineered,z2_z_btc_bollinger_lower_distance_20d__z_btc_volume_z_20d__sub,0.000181
extra_trees_engineered,z2_z_nasdaq_return_1d__z_btc_rolling_mean_distance_60d__mul,0.000181
extra_trees_engineered,z2_z_btc_bollinger_percent_b_20d__z_btc_trend_sma50_above_sma200__div,0.000181
extra_trees_engineered,z2_z_btc_rolling_mean_distance_60d__z_btc_trend_strength_50_200__div,0.00018
extra_trees_engineered,z2_z_nasdaq_return_1d__z_gold_return_7d__mul,0.00018
extra_trees_engineered,z2_z_btc_rolling_position_20d__z_btc_trend_strength_50_200__add,0.00018
extra_trees_engineered,z2_z_btc_bollinger_width_20d__z_btc_rolling_mean_distance_60d__add,0.00018
extra_trees_engineered,z2_z_btc_rolling_position_30d__z_btc_bollinger_lower_distance_20d__mul,0.00018
extra_trees_engineered,z2_z_btc_rolling_position_20d__z_btc_trend_strength_20_50__mul,0.000179
extra_trees_engineered,z2_z_btc_rolling_position_14d__z_btc_trend_strength_50_200__div,0.000179
extra_trees_engineered,z2_z_btc_rolling_position_7d__z_sp500_return_1d__sub,0.000179
extra_trees_engineered,z2_z_btc_bollinger_percent_b_20d__z_btc_candle_range_pct__div,0.000179
extra_trees_engineered,z2_z_btc_rsi_14__z_btc_drawdown_120d__div,0.000179
extra_trees_engineered,z2_z_btc_bollinger_percent_b_20d__z_btc_rolling_mean_distance_30d__mul,0.000178
extra_trees_engineered,z2_z_btc_candle_range_pct__z_btc_return_1d__mul,0.000178
extra_trees_engineered,z2_z_btc_candle_range_pct__z_btc_volume_z_20d__add,0.000177
extra_trees_engineered,z2_z_btc_rsi_30__z_btc_rsi_7__add,0.000177
extra_trees_engineered,z2_z_sp500_return_1d__z_btc_return_1d__add,0.000176
extra_trees_engineered,z2_z_btc_rolling_position_20d__z_btc_return_14d__sub,0.000176
extra_trees_engineered,z2_z_btc_bollinger_width_20d__z_btc_return_1d__sub,0.000176
extra_trees_engineered,z2_z_btc_bollinger_lower_distance_20d__z_btc_trend_above_sma20__add,0.000176
extra_trees_engineered,z2_z_btc_rolling_position_7d__z_btc_rolling_mean_distance_30d__mul,0.000176
extra_trees_engineered,z2_z_btc_rsi_14__z_btc_rsi_7__mul,0.000175
extra_trees_engineered,z2_z_btc_volume_pct_7d__z_us10y_bp_chg_7d__mul,0.000175
extra_trees_engineered,z2_z_btc_rsi_14__z_btc_trend_above_sma20__div,0.000175
extra_trees_engineered,z2_z_nasdaq_return_1d__z_btc_return_14d__add,0.000175
extra_trees_engineered,z2_z_btc_bollinger_width_20d__z_btc_rolling_mean_distance_30d__sub,0.000175
extra_trees_engineered,z2_z_btc_rolling_position_20d__z_btc_drawdown_120d__add,0.000174
extra_trees_engineered,z2_z_btc_volume_z_20d__z_btc_volume_diff_7d__mul,0.000174
extra_trees_engineered,z2_z_btc_rolling_position_30d__z_btc_rsi_14__add,0.000174
extra_trees_engineered,z2_z_btc_trend_above_sma20__z_btc_trend_strength_20_50__mul,0.000174
extra_trees_engineered,z2_z_btc_bollinger_percent_b_20d__z_btc_candle_body_abs_pct__sub,0.000173
extra_trees_engineered,z2_z_btc_volume_pct_7d__z_btc_candle_body_pct__add,0.000172
extra_trees_engineered,z2_z_btc_bollinger_lower_distance_20d__z_btc_return_14d__mul,0.000172
extra_trees_engineered,z2_z_btc_bollinger_percent_b_20d__z_btc_candle_body_pct__add,0.000172
extra_trees_engineered,z2_z_btc_bollinger_width_20d__z_btc_candle_range_pct__add,0.000171
extra_trees_engineered,z2_z_btc_trend_sma7_above_sma30__z_btc_candle_body_abs_pct__sub,0.000171
extra_trees_engineered,z2_z_sp500_return_1d__z_nasdaq_return_1d__add,0.000171
extra_trees_engineered,z2_z_btc_trend_above_sma50__z_btc_log_volume__add,0.000171
extra_trees_engineered,z2_z_btc_candle_range_pct__z_btc_trend_strength_20_50__div,0.000171
extra_trees_engineered,z2_z_btc_return_1d__z_btc_candle_body_abs_pct__mul,0.000171
extra_trees_engineered,z2_z_btc_candle_range_pct__z_btc_log_volume__add,0.00017
extra_trees_engineered,z2_z_btc_rolling_position_30d__z_btc_trend_sma50_above_sma200__div,0.00017
extra_trees_engineered,z2_z_btc_rsi_30__z_btc_rolling_mean_distance_30d__mul,0.00017
extra_trees_engineered,z2_z_btc_bollinger_lower_distance_20d__z_us10y_bp_chg_7d__sub,0.000169
extra_trees_engineered,z2_z_btc_rolling_mean_distance_60d__z_btc_drawdown_120d__mul,0.000169
extra_trees_engineered,z2_z_btc_rolling_mean_distance_60d__z_btc_candle_body_pct__mul,0.000169
extra_trees_engineered,z2_z_btc_trend_above_sma20__z_btc_candle_body_abs_pct__sub,0.000168
extra_trees_engineered,z2_z_btc_return_1d__z_btc_candle_body_abs_pct__sub,0.000168
extra_trees_engineered,z2_z_btc_return_1d__z_us10y_bp_chg_7d__div,0.000168
extra_trees_engineered,z2_z_btc_rolling_position_30d__z_sp500_return_1d__mul,0.000168
extra_trees_engineered,z2_z_btc_volume_pct_7d__z_btc_rolling_position_14d__mul,0.000168
extra_trees_engineered,z2_z_btc_rsi_14__z_btc_trend_sma7_above_sma30__div,0.000168
extra_trees_engineered,z2_z_btc_rolling_position_7d__z_btc_trend_sma50_above_sma200__add,0.000167
extra_trees_engineered,z2_z_btc_trend_sma50_above_sma200__z_btc_rolling_mean_distance_60d__sub,0.000167
extra_trees_engineered,z2_z_btc_rolling_position_14d__z_btc_rsi_7__add,0.000166
extra_trees_engineered,z2_z_btc_rolling_position_20d__z_btc_rsi_7__mul,0.000166
extra_trees_engineered,z2_z_btc_return_1d__z_btc_volume_z_20d__mul,0.000166
extra_trees_engineered,z2_z_btc_rsi_30__z_btc_trend_sma50_above_sma200__add,0.000165
extra_trees_engineered,z2_z_btc_bollinger_percent_b_20d__z_btc_volume_diff_7d__sub,0.000165
extra_trees_engineered,z2_z_btc_trend_sma7_above_sma30__z_btc_return_1d__mul,0.000164
extra_trees_engineered,z2_z_btc_candle_range_pct__z_btc_candle_body_abs_pct__mul,0.000164
extra_trees_engineered,z2_z_btc_rolling_position_20d__z_btc_candle_body_abs_pct__sub,0.000164
extra_trees_engineered,z2_z_btc_rolling_position_60d__z_btc_trend_sma50_above_sma200__sub,0.000164
extra_trees_engineered,z_btc_rsi_7,0.000164
extra_trees_engineered,z2_z_btc_bollinger_width_20d__z_sp500_return_1d__sub,0.000163
extra_trees_engineered,z2_z_btc_rolling_position_60d__z_btc_trend_sma50_above_sma200__mul,0.000163
extra_trees_engineered,z2_z_btc_bollinger_percent_b_20d__z_btc_rolling_mean_distance_30d__sub,0.000163
extra_trees_engineered,z2_z_btc_candle_range_pct__z_btc_volume_diff_7d__add,0.000163
extra_trees_engineered,z2_z_btc_bollinger_lower_distance_20d__z_btc_candle_body_pct__mul,0.000163
extra_trees_engineered,z_btc_rolling_position_30d,0.000162
extra_trees_engineered,z2_z_btc_rolling_position_20d__z_btc_rsi_30__add,0.000162
extra_trees_engineered,z2_z_btc_drawdown_120d__z_btc_rolling_mean_distance_30d__sub,0.000162
extra_trees_engineered,z2_z_btc_rsi_30__z_nasdaq_return_1d__mul,0.000162
extra_trees_engineered,z2_z_btc_bollinger_percent_b_20d__z_btc_trend_above_sma20__sub,0.000161
extra_trees_engineered,z2_z_us10y_bp_chg_7d__z_btc_volume_diff_7d__mul,0.00016
extra_trees_engineered,z2_z_btc_rolling_position_20d__z_btc_return_1d__add,0.00016
extra_trees_engineered,z2_z_btc_trend_sma7_above_sma30__z_btc_candle_body_pct__add,0.00016
extra_trees_engineered,z2_z_btc_rolling_position_20d__z_btc_trend_above_sma20__mul,0.00016
extra_trees_engineered,z2_z_btc_volume_pct_7d__z_btc_volume_z_20d__add,0.00016
extra_trees_engineered,z2_z_btc_trend_above_sma50__z_btc_return_1d__mul,0.000159
extra_trees_engineered,z2_z_btc_bollinger_lower_distance_20d__z_btc_candle_body_pct__add,0.000159
extra_trees_engineered,z2_z_btc_candle_body_pct__z_btc_trend_strength_50_200__add,0.000159
extra_trees_engineered,z2_z_btc_trend_sma50_above_sma200__z_btc_candle_body_abs_pct__add,0.000159
extra_trees_engineered,z2_z_btc_candle_body_pct__z_btc_log_volume__mul,0.000158
extra_trees_engineered,z2_z_btc_candle_body_pct__z_btc_candle_body_abs_pct__add,0.000158
extra_trees_engineered,z2_z_btc_rolling_position_14d__z_btc_volume_diff_7d__mul,0.000157
extra_trees_engineered,z2_z_btc_bollinger_lower_distance_20d__z_btc_drawdown_120d__sub,0.000156
extra_trees_engineered,z2_z_btc_rolling_position_30d__z_btc_candle_range_pct__mul,0.000156
extra_trees_engineered,z2_z_btc_rolling_position_7d__z_btc_rolling_mean_distance_60d__mul,0.000155
extra_trees_engineered,z2_z_btc_trend_above_sma50__z_btc_trend_above_sma20__sub,0.000155
extra_trees_engineered,z2_z_btc_rolling_position_14d__z_us5y_bp_chg_7d__add,0.000155
extra_trees_engineered,z2_z_btc_trend_above_sma50__z_btc_rsi_7__add,0.000154
extra_trees_engineered,z2_z_btc_rolling_position_60d__z_btc_drawdown_120d__div,0.000154
extra_trees_engineered,z2_z_btc_rolling_position_14d__z_btc_rolling_position_7d__div,0.000153
extra_trees_engineered,z2_z_btc_candle_body_abs_pct__z_btc_return_14d__add,0.000153
extra_trees_engineered,z2_z_btc_bollinger_width_20d__z_btc_trend_sma50_above_sma200__div,0.000153
extra_trees_engineered,z2_z_btc_bollinger_lower_distance_20d__z_btc_return_1d__mul,0.000152
extra_trees_engineered,z2_z_btc_rolling_position_14d__z_btc_rolling_position_7d__sub,0.000152
extra_trees_engineered,z2_z_btc_bollinger_percent_b_20d__z_btc_trend_above_sma20__mul,0.000152
extra_trees_engineered,z2_z_btc_rolling_position_60d__z_btc_trend_sma7_above_sma30__div,0.000152
extra_trees_engineered,z2_z_btc_rolling_position_30d__z_btc_drawdown_120d__div,0.000152
extra_trees_engineered,z2_z_btc_bollinger_percent_b_20d__z_us5y_bp_chg_7d__mul,0.000151
extra_trees_engineered,z2_z_btc_rsi_30__z_us5y_bp_chg_7d__sub,0.000151
extra_trees_engineered,z2_z_btc_rolling_position_14d__z_btc_trend_above_sma20__mul,0.000151
extra_trees_engineered,z2_z_sp500_return_1d__z_btc_rolling_mean_distance_30d__mul,0.000151
extra_trees_engineered,z2_z_btc_rolling_position_20d__z_btc_trend_above_sma20__add,0.000151
extra_trees_engineered,z2_z_btc_rsi_14__z_gold_return_7d__add,0.000151
extra_trees_engineered,z2_z_btc_rolling_position_7d__z_btc_log_volume__mul,0.00015
extra_trees_engineered,z2_z_btc_trend_sma50_above_sma200__z_btc_volume_diff_7d__sub,0.00015
extra_trees_engineered,z2_z_btc_bollinger_percent_b_20d__z_btc_rsi_7__add,0.00015
extra_trees_engineered,z2_z_btc_bollinger_percent_b_20d__z_btc_return_14d__mul,0.00015
extra_trees_engineered,z2_z_sp500_return_1d__z_gold_return_7d__mul,0.000149
extra_trees_engineered,z2_z_btc_bollinger_percent_b_20d__z_btc_rolling_position_60d__add,0.000149
extra_trees_engineered,z2_z_sp500_return_1d__z_btc_trend_strength_20_50__mul,0.000149
extra_trees_engineered,z2_z_btc_trend_above_sma20__z_btc_rolling_mean_distance_60d__sub,0.000149
extra_trees_engineered,z2_z_btc_candle_body_pct__z_btc_volume_z_20d__sub,0.000149
extra_trees_engineered,z2_z_btc_trend_above_sma20__z_btc_trend_sma7_above_sma30__sub,0.000149
extra_trees_engineered,z2_z_btc_candle_body_abs_pct__z_btc_drawdown_120d__add,0.000149
extra_trees_engineered,z2_z_btc_rolling_position_30d__z_btc_trend_above_sma50__mul,0.000149
extra_trees_engineered,z2_z_btc_rsi_7__z_btc_volume_diff_7d__sub,0.000149
extra_trees_engineered,z2_z_btc_rolling_mean_distance_60d__z_us10y_bp_chg_7d__sub,0.000148
extra_trees_engineered,z2_z_btc_rolling_position_14d__z_btc_rolling_mean_distance_60d__add,0.000148
extra_trees_engineered,z2_z_btc_rsi_14__z_btc_candle_range_pct__mul,0.000148
extra_trees_engineered,z2_z_btc_rolling_position_20d__z_gold_return_7d__add,0.000148
extra_trees_engineered,z2_z_btc_rolling_position_30d__z_btc_rsi_7__mul,0.000148
extra_trees_engineered,z2_z_btc_trend_sma50_above_sma200__z_btc_rolling_mean_distance_30d__sub,0.000148
extra_trees_engineered,z2_z_btc_rsi_14__z_us10y_bp_chg_7d__mul,0.000148
extra_trees_engineered,z2_z_btc_trend_above_sma20__z_btc_rolling_mean_distance_60d__add,0.000147
extra_trees_engineered,z2_z_us5y_bp_chg_7d__z_btc_candle_body_abs_pct__div,0.000147
extra_trees_engineered,z2_z_btc_rolling_position_60d__z_btc_trend_strength_50_200__add,0.000147
extra_trees_engineered,z2_z_btc_rolling_position_14d__z_btc_candle_range_pct__mul,0.000146
extra_trees_engineered,z2_z_btc_trend_above_sma50__z_btc_candle_range_pct__mul,0.000146
extra_trees_engineered,z2_z_btc_rolling_position_30d__z_gold_return_7d__add,0.000145
extra_trees_engineered,z2_z_btc_rolling_position_14d__z_btc_rolling_mean_distance_30d__sub,0.000145
extra_trees_engineered,z2_z_nasdaq_return_1d__z_btc_trend_strength_20_50__mul,0.000145
extra_trees_engineered,z2_z_btc_rolling_position_14d__z_btc_trend_above_sma50__add,0.000145
extra_trees_engineered,z2_z_btc_bollinger_width_20d__z_btc_rsi_14__add,0.000145
extra_trees_engineered,z2_z_btc_trend_strength_20_50__z_btc_rolling_mean_distance_30d__sub,0.000144
extra_trees_engineered,z2_z_btc_bollinger_lower_distance_20d__z_btc_candle_range_pct__sub,0.000144
extra_trees_engineered,z2_z_btc_rsi_30__z_btc_return_1d__add,0.000144
extra_trees_engineered,z2_z_btc_candle_body_pct__z_btc_trend_strength_50_200__mul,0.000144
extra_trees_engineered,z2_z_btc_rolling_position_60d__z_btc_rsi_14__add,0.000143
extra_trees_engineered,z2_z_gold_return_7d__z_btc_rolling_mean_distance_30d__mul,0.000143
extra_trees_engineered,z2_z_btc_rsi_14__z_btc_trend_sma7_above_sma30__add,0.000142
extra_trees_engineered,z2_z_btc_rolling_position_60d__z_btc_drawdown_120d__sub,0.000142
extra_trees_engineered,z2_z_btc_bollinger_width_20d__z_btc_trend_above_sma50__div,0.000142
extra_trees_engineered,z2_z_sp500_return_1d__z_btc_volume_diff_7d__sub,0.000142
extra_trees_engineered,z2_z_btc_rsi_14__z_btc_trend_above_sma20__add,0.000141
extra_trees_engineered,z2_z_btc_rolling_mean_distance_60d__z_btc_drawdown_120d__add,0.000141
extra_trees_engineered,z2_z_btc_bollinger_percent_b_20d__z_btc_bollinger_lower_distance_20d__mul,0.000141
extra_trees_engineered,z2_z_btc_rolling_position_30d__z_btc_bollinger_lower_distance_20d__sub,0.00014
extra_trees_engineered,z2_z_btc_bollinger_width_20d__z_btc_candle_body_pct__sub,0.00014
extra_trees_engineered,z2_z_btc_bollinger_width_20d__z_btc_volume_diff_7d__sub,0.00014
extra_trees_engineered,z2_z_btc_candle_body_pct__z_us10y_bp_chg_7d__sub,0.000139
extra_trees_engineered,z2_z_btc_rsi_30__z_btc_rolling_position_7d__div,0.000139
extra_trees_engineered,z2_z_btc_bollinger_width_20d__z_btc_volume_z_20d__sub,0.000139
extra_trees_engineered,z2_z_btc_rolling_position_7d__z_us5y_bp_chg_7d__mul,0.000139
extra_trees_engineered,z2_z_btc_trend_above_sma50__z_btc_return_1d__add,0.000138
extra_trees_engineered,z2_z_us10y_bp_chg_7d__z_btc_drawdown_120d__mul,0.000137
extra_trees_engineered,z_btc_rolling_volatility_60d,0.000137
extra_trees_engineered,z2_z_btc_bollinger_percent_b_20d__z_btc_trend_sma50_above_sma200__sub,0.000137
extra_trees_engineered,z2_z_btc_candle_range_pct__z_btc_rolling_mean_distance_30d__mul,0.000137
extra_trees_engineered,z2_z_btc_rsi_14__z_btc_candle_body_abs_pct__sub,0.000137
extra_trees_engineered,z2_z_btc_volume_diff_7d__z_btc_rolling_mean_distance_30d__add,0.000137
extra_trees_engineered,z_btc_volume_diff_7d,0.000137
extra_trees_engineered,z2_z_btc_rolling_position_14d__z_btc_return_14d__div,0.000136
extra_trees_engineered,z2_z_btc_bollinger_width_20d__z_btc_rsi_30__sub,0.000136
extra_trees_engineered,z2_z_btc_rsi_30__z_btc_log_volume__sub,0.000136
extra_trees_engineered,z2_z_btc_rsi_14__z_btc_drawdown_120d__sub,0.000135
extra_trees_engineered,z2_z_btc_rsi_14__z_btc_trend_strength_50_200__mul,0.000134
extra_trees_engineered,z2_z_btc_rsi_7__z_btc_trend_sma50_above_sma200__mul,0.000134
extra_trees_engineered,z2_z_btc_rolling_position_30d__z_btc_trend_sma50_above_sma200__mul,0.000134
extra_trees_engineered,z2_z_btc_rolling_position_14d__z_btc_trend_above_sma20__sub,0.000134
extra_trees_engineered,z2_z_btc_log_volume__z_btc_volume_diff_7d__add,0.000133
extra_trees_engineered,z2_z_btc_rolling_position_14d__z_btc_bollinger_lower_distance_20d__add,0.000133
extra_trees_engineered,z2_z_nasdaq_return_1d__z_btc_rolling_mean_distance_60d__sub,0.000132
extra_trees_engineered,z2_z_us5y_bp_chg_7d__z_btc_candle_range_pct__sub,0.000132
extra_trees_engineered,z2_z_sp500_return_1d__z_btc_rsi_7__mul,0.000132
extra_trees_engineered,z2_z_btc_rolling_position_30d__z_btc_candle_body_pct__add,0.000132
extra_trees_engineered,z2_z_btc_bollinger_width_20d__z_btc_rolling_position_60d__sub,0.000132
extra_trees_engineered,z2_z_btc_rolling_position_60d__z_btc_rsi_7__sub,0.000132
extra_trees_engineered,z2_z_btc_rsi_7__z_us10y_bp_chg_7d__mul,0.000131
extra_trees_engineered,z2_z_nasdaq_return_1d__z_btc_volume_z_20d__div,0.000131
extra_trees_engineered,z2_z_btc_candle_body_abs_pct__z_btc_trend_strength_20_50__add,0.000131
extra_trees_engineered,z2_z_btc_rolling_mean_distance_60d__z_btc_volume_z_20d__mul,0.000131
extra_trees_engineered,z2_z_btc_volume_pct_7d__z_btc_rsi_14__div,0.000131
extra_trees_engineered,z2_z_btc_rolling_position_7d__z_btc_rsi_14__add,0.000131
extra_trees_engineered,z2_z_btc_rolling_position_20d__z_btc_bollinger_lower_distance_20d__sub,0.00013
extra_trees_engineered,z2_z_nasdaq_return_1d__z_us10y_bp_chg_7d__mul,0.00013
extra_trees_engineered,z_btc_trend_strength_50_200,0.00013
extra_trees_engineered,z2_z_btc_candle_body_pct__z_btc_volume_z_20d__div,0.00013
extra_trees_engineered,z2_z_btc_trend_sma7_above_sma30__z_btc_volume_diff_7d__sub,0.00013
extra_trees_engineered,z2_z_btc_trend_above_sma20__z_btc_rolling_mean_distance_30d__add,0.000129
extra_trees_engineered,z2_z_sp500_return_1d__z_gold_return_7d__div,0.000129
extra_trees_engineered,z2_z_btc_return_1d__z_btc_return_14d__add,0.000129
extra_trees_engineered,z2_z_nasdaq_return_1d__z_btc_candle_body_abs_pct__sub,0.000128
extra_trees_engineered,z2_z_btc_trend_strength_50_200__z_btc_return_14d__mul,0.000128
extra_trees_engineered,z2_z_btc_rsi_7__z_btc_trend_sma50_above_sma200__sub,0.000128
extra_trees_engineered,z2_z_btc_bollinger_width_20d__z_btc_rolling_mean_distance_60d__mul,0.000127
extra_trees_engineered,z2_z_btc_trend_above_sma50__z_btc_drawdown_120d__add,0.000127
extra_trees_engineered,z2_z_btc_trend_sma7_above_sma30__z_btc_candle_body_abs_pct__add,0.000127
extra_trees_engineered,z2_z_us5y_bp_chg_7d__z_btc_volume_diff_7d__mul,0.000127
extra_trees_engineered,z2_z_btc_trend_above_sma50__z_btc_trend_above_sma20__mul,0.000126
extra_trees_engineered,z2_z_btc_rolling_position_20d__z_btc_rolling_position_60d__add,0.000126
extra_trees_engineered,z2_z_btc_rsi_7__z_btc_trend_sma7_above_sma30__add,0.000126
extra_trees_engineered,z2_z_btc_bollinger_percent_b_20d__z_btc_trend_sma7_above_sma30__mul,0.000126
extra_trees_engineered,z2_z_btc_candle_body_pct__z_btc_candle_body_abs_pct__mul,0.000126
extra_trees_engineered,z2_z_btc_rolling_position_14d__z_btc_rolling_mean_distance_60d__mul,0.000126
extra_trees_engineered,z2_z_btc_rolling_position_30d__z_btc_candle_body_abs_pct__sub,0.000126
extra_trees_engineered,z2_z_btc_bollinger_percent_b_20d__z_btc_drawdown_120d__add,0.000125
extra_trees_engineered,z2_z_btc_candle_range_pct__z_btc_volume_diff_7d__div,0.000125
extra_trees_engineered,z2_z_btc_rolling_position_14d__z_btc_bollinger_percent_b_20d__add,0.000125
extra_trees_engineered,z2_z_btc_rolling_position_30d__z_btc_candle_range_pct__add,0.000124
extra_trees_engineered,z_btc_volume_ratio_20d,0.000124
extra_trees_engineered,z2_z_btc_trend_above_sma50__z_btc_trend_sma7_above_sma30__mul,0.000124
extra_trees_engineered,z2_z_btc_rolling_position_60d__z_btc_volume_z_20d__sub,0.000123
extra_trees_engineered,z2_z_btc_rolling_position_20d__z_btc_trend_sma50_above_sma200__mul,0.000123
extra_trees_engineered,z2_z_btc_rsi_30__z_btc_candle_range_pct__add,0.000123
extra_trees_engineered,z_btc_trend_sma20_above_sma50,0.000123
extra_trees_engineered,z2_z_btc_bollinger_width_20d__z_btc_trend_sma7_above_sma30__mul,0.000123
extra_trees_engineered,z2_z_btc_volume_pct_7d__z_btc_bollinger_lower_distance_20d__div,0.000122
extra_trees_engineered,z2_z_sp500_return_1d__z_btc_rolling_mean_distance_30d__sub,0.000122
extra_trees_engineered,z2_z_us5y_bp_chg_7d__z_btc_candle_body_pct__sub,0.000122
extra_trees_engineered,z2_z_gold_return_7d__z_btc_candle_body_pct__mul,0.000121
extra_trees_engineered,z2_z_btc_volume_pct_7d__z_btc_return_14d__mul,0.000121
extra_trees_engineered,z2_z_btc_rsi_14__z_btc_rolling_mean_distance_30d__add,0.000121
extra_trees_engineered,z2_z_btc_rolling_position_7d__z_us10y_bp_chg_7d__add,0.000121
extra_trees_engineered,z2_z_btc_rolling_position_14d__z_btc_rolling_position_60d__mul,0.000121
extra_trees_engineered,z2_z_btc_rolling_mean_distance_30d__z_btc_return_14d__mul,0.00012
extra_trees_engineered,z2_z_btc_rolling_position_20d__z_btc_drawdown_120d__mul,0.00012
extra_trees_engineered,z2_z_btc_rolling_position_30d__z_btc_rolling_mean_distance_30d__add,0.00012
extra_trees_engineered,z2_z_btc_rolling_position_60d__z_btc_candle_body_abs_pct__mul,0.00012
extra_trees_engineered,z2_z_btc_trend_sma7_above_sma30__z_btc_volume_diff_7d__mul,0.00012
extra_trees_engineered,z2_z_btc_bollinger_lower_distance_20d__z_btc_candle_range_pct__add,0.000119
extra_trees_engineered,z2_z_btc_rolling_position_30d__z_btc_trend_strength_50_200__add,0.000119
extra_trees_engineered,z2_z_btc_return_1d__z_btc_log_volume__mul,0.000119
extra_trees_engineered,z2_z_btc_rolling_mean_distance_60d__z_btc_drawdown_120d__div,0.000119
extra_trees_engineered,z2_z_btc_rolling_position_20d__z_btc_trend_sma50_above_sma200__sub,0.000119
extra_trees_engineered,z2_z_btc_bollinger_lower_distance_20d__z_btc_return_14d__add,0.000119
extra_trees_engineered,z2_z_btc_rsi_30__z_btc_rolling_mean_distance_30d__add,0.000118
extra_trees_engineered,z2_z_btc_rsi_30__z_btc_rsi_14__mul,0.000118
extra_trees_engineered,z2_z_btc_rolling_position_14d__z_btc_rolling_position_7d__add,0.000117
extra_trees_engineered,z2_z_btc_rolling_mean_distance_60d__z_btc_volume_diff_7d__mul,0.000117
extra_trees_engineered,z_btc_trend_sma50_above_sma200,0.000117
extra_trees_engineered,z2_z_btc_rolling_position_60d__z_btc_candle_range_pct__mul,0.000116
extra_trees_engineered,z2_z_btc_rolling_position_20d__z_btc_volume_diff_7d__sub,0.000116
extra_trees_engineered,z2_z_btc_bollinger_width_20d__z_btc_rolling_position_14d__add,0.000116
extra_trees_engineered,z2_z_btc_rsi_30__z_btc_trend_strength_50_200__sub,0.000116
extra_trees_engineered,z2_z_btc_return_1d__z_btc_candle_body_pct__mul,0.000116
extra_trees_engineered,z2_z_btc_bollinger_width_20d__z_btc_rsi_7__add,0.000115
extra_trees_engineered,z2_z_btc_rolling_position_60d__z_btc_trend_above_sma20__div,0.000115
extra_trees_engineered,z2_z_btc_rsi_7__z_btc_trend_strength_50_200__div,0.000115
extra_trees_engineered,z2_z_btc_volume_z_20d__z_btc_rolling_mean_distance_30d__sub,0.000115
extra_trees_engineered,z2_z_btc_volume_pct_7d__z_btc_volume_z_20d__mul,0.000115
extra_trees_engineered,z2_z_btc_trend_strength_50_200__z_btc_return_14d__add,0.000115
extra_trees_engineered,z2_z_btc_rolling_position_20d__z_us5y_bp_chg_7d__mul,0.000114
extra_trees_engineered,z2_z_btc_rsi_7__z_btc_return_14d__mul,0.000114
extra_trees_engineered,z2_z_btc_bollinger_width_20d__z_btc_trend_sma50_above_sma200__sub,0.000114
extra_trees_engineered,z2_z_btc_bollinger_percent_b_20d__z_btc_trend_sma50_above_sma200__mul,0.000114
extra_trees_engineered,z2_z_btc_rsi_14__z_btc_candle_range_pct__add,0.000113
extra_trees_engineered,z2_z_btc_rolling_position_20d__z_sp500_return_1d__add,0.000113
extra_trees_engineered,z2_z_btc_rsi_30__z_btc_candle_range_pct__mul,0.000113
extra_trees_engineered,z2_z_btc_trend_strength_50_200__z_btc_drawdown_120d__add,0.000113
extra_trees_engineered,z2_z_btc_rolling_mean_distance_60d__z_btc_rolling_mean_distance_30d__add,0.000113
extra_trees_engineered,z2_z_btc_trend_strength_50_200__z_btc_volume_diff_7d__mul,0.000112
extra_trees_engineered,z2_z_us5y_bp_chg_7d__z_gold_return_7d__div,0.000112
extra_trees_engineered,z2_z_btc_bollinger_lower_distance_20d__z_btc_rsi_30__add,0.000112
extra_trees_engineered,z2_z_btc_rsi_7__z_btc_trend_strength_20_50__div,0.000111
extra_trees_engineered,z2_z_btc_rolling_position_20d__z_btc_rolling_mean_distance_30d__mul,0.000111
extra_trees_engineered,z2_z_btc_rolling_position_60d__z_btc_rolling_mean_distance_30d__add,0.000111
extra_trees_engineered,z2_z_btc_trend_above_sma50__z_btc_drawdown_120d__mul,0.00011
extra_trees_engineered,z2_z_btc_rolling_position_30d__z_btc_rolling_mean_distance_30d__mul,0.00011
extra_trees_engineered,z2_z_btc_return_1d__z_btc_rolling_mean_distance_60d__mul,0.00011
extra_trees_engineered,z2_z_btc_rolling_position_20d__z_btc_trend_sma50_above_sma200__add,0.000109
extra_trees_engineered,z2_z_btc_rolling_position_20d__z_btc_trend_above_sma50__add,0.000109
extra_trees_engineered,z2_z_btc_trend_above_sma20__z_btc_trend_strength_50_200__sub,0.000109
extra_trees_engineered,z2_z_nasdaq_return_1d__z_btc_volume_diff_7d__add,0.000108
extra_trees_engineered,z2_z_btc_log_volume__z_btc_trend_strength_20_50__sub,0.000108
extra_trees_engineered,z2_z_btc_candle_body_abs_pct__z_btc_rolling_mean_distance_30d__mul,0.000107
extra_trees_engineered,z2_z_btc_bollinger_percent_b_20d__z_btc_rolling_mean_distance_30d__add,0.000107
extra_trees_engineered,z2_z_btc_rolling_position_14d__z_nasdaq_return_1d__mul,0.000107
extra_trees_engineered,z2_z_btc_rolling_mean_distance_60d__z_btc_candle_body_abs_pct__sub,0.000107
extra_trees_engineered,z2_z_btc_rolling_position_14d__z_btc_volume_diff_7d__add,0.000106
extra_trees_engineered,z2_z_nasdaq_return_1d__z_btc_trend_sma7_above_sma30__sub,0.000106
extra_trees_engineered,z2_z_btc_rolling_position_60d__z_btc_trend_sma7_above_sma30__add,0.000105
extra_trees_engineered,z2_z_btc_trend_sma7_above_sma30__z_btc_trend_strength_50_200__add,0.000105
extra_trees_engineered,z2_z_btc_return_1d__z_btc_log_volume__sub,0.000104
extra_trees_engineered,z2_z_us5y_bp_chg_7d__z_btc_candle_body_abs_pct__sub,0.000104
extra_trees_engineered,z2_z_btc_trend_above_sma20__z_btc_volume_diff_7d__mul,0.000104
extra_trees_engineered,z2_z_btc_rolling_position_60d__z_btc_trend_sma7_above_sma30__sub,0.000104
extra_trees_engineered,z2_z_btc_trend_strength_50_200__z_btc_volume_z_20d__add,0.000104
extra_trees_engineered,z2_z_btc_trend_above_sma20__z_btc_candle_body_pct__mul,0.000104
extra_trees_engineered,z2_z_nasdaq_return_1d__z_btc_rsi_7__mul,0.000104
extra_trees_engineered,z2_z_btc_bollinger_percent_b_20d__z_btc_trend_strength_50_200__sub,0.000104
extra_trees_engineered,z2_z_btc_bollinger_lower_distance_20d__z_btc_candle_body_abs_pct__mul,0.000103
extra_trees_engineered,z2_z_btc_volume_pct_7d__z_btc_rsi_7__add,0.000103
extra_trees_engineered,z2_z_btc_volume_pct_7d__z_btc_rolling_position_60d__sub,0.000103
extra_trees_engineered,z2_z_btc_volume_z_20d__z_btc_return_14d__mul,0.000103
extra_trees_engineered,z2_z_btc_bollinger_lower_distance_20d__z_gold_return_7d__mul,0.000102
extra_trees_engineered,z2_z_btc_rsi_14__z_btc_candle_body_pct__add,0.000102
extra_trees_engineered,z2_z_btc_trend_sma7_above_sma30__z_btc_drawdown_120d__sub,0.000102
extra_trees_engineered,z2_z_btc_drawdown_120d__z_btc_rolling_mean_distance_30d__add,0.000102
extra_trees_engineered,z2_z_btc_return_1d__z_btc_log_volume__div,0.000102
extra_trees_engineered,z2_z_btc_rolling_position_14d__z_sp500_return_1d__add,0.000101
extra_trees_engineered,z2_z_btc_trend_above_sma50__z_sp500_return_1d__sub,0.000101
extra_trees_engineered,z2_z_btc_rolling_position_60d__z_btc_rolling_mean_distance_30d__mul,0.000101
extra_trees_engineered,z2_z_us10y_bp_chg_7d__z_btc_rolling_mean_distance_30d__mul,0.0001
extra_trees_engineered,z2_z_nasdaq_return_1d__z_btc_log_volume__mul,0.0001
extra_trees_engineered,z2_z_btc_trend_above_sma50__z_btc_log_volume__div,0.0001
extra_trees_engineered,z2_z_btc_rolling_position_20d__z_btc_trend_strength_50_200__div,0.0001
extra_trees_engineered,z2_z_btc_trend_strength_20_50__z_btc_return_14d__mul,0.0001
extra_trees_engineered,z2_z_gold_return_7d__z_btc_candle_body_pct__add,0.0001
extra_trees_engineered,z2_z_btc_bollinger_width_20d__z_btc_rolling_mean_distance_30d__add,0.0001
extra_trees_engineered,z2_z_btc_rolling_position_20d__z_btc_rolling_position_14d__sub,9.9e-05
extra_trees_engineered,z2_z_btc_trend_above_sma50__z_btc_trend_above_sma20__div,9.9e-05
extra_trees_engineered,z2_z_btc_return_1d__z_btc_return_14d__mul,9.9e-05
extra_trees_engineered,z2_z_btc_rsi_7__z_gold_return_7d__add,9.8e-05
extra_trees_engineered,z2_z_btc_trend_above_sma20__z_us5y_bp_chg_7d__sub,9.8e-05
extra_trees_engineered,z2_z_btc_bollinger_lower_distance_20d__z_btc_volume_diff_7d__sub,9.7e-05
extra_trees_engineered,z2_z_btc_bollinger_percent_b_20d__z_btc_trend_sma7_above_sma30__add,9.7e-05
extra_trees_engineered,z2_z_btc_rolling_position_20d__z_btc_trend_above_sma50__mul,9.6e-05
extra_trees_engineered,z2_z_btc_trend_sma50_above_sma200__z_btc_drawdown_120d__sub,9.6e-05
extra_trees_engineered,z2_z_sp500_return_1d__z_btc_drawdown_120d__mul,9.6e-05
extra_trees_engineered,z2_z_nasdaq_return_1d__z_btc_return_1d__add,9.5e-05
extra_trees_engineered,z2_z_btc_rsi_7__z_btc_return_14d__div,9.5e-05
extra_trees_engineered,z2_z_btc_trend_sma50_above_sma200__z_btc_return_14d__sub,9.5e-05
extra_trees_engineered,z2_z_btc_bollinger_lower_distance_20d__z_btc_trend_sma7_above_sma30__add,9.5e-05
extra_trees_engineered,z2_z_btc_bollinger_percent_b_20d__z_btc_rsi_30__add,9.5e-05
extra_trees_engineered,z2_z_btc_bollinger_lower_distance_20d__z_btc_rsi_7__add,9.4e-05
extra_trees_engineered,z2_z_btc_volume_diff_7d__z_btc_rolling_mean_distance_30d__div,9.4e-05
extra_trees_engineered,z2_z_us10y_bp_chg_7d__z_btc_return_14d__mul,9.3e-05
extra_trees_engineered,z2_z_btc_bollinger_lower_distance_20d__z_btc_rsi_14__add,9.3e-05
extra_trees_engineered,z2_z_btc_rolling_position_60d__z_btc_rsi_7__add,9.3e-05
extra_trees_engineered,z2_z_btc_trend_above_sma50__z_btc_trend_sma50_above_sma200__sub,9.3e-05
extra_trees_engineered,z2_z_btc_rsi_7__z_btc_rolling_mean_distance_30d__add,9.3e-05
extra_trees_engineered,z2_z_btc_bollinger_lower_distance_20d__z_nasdaq_return_1d__mul,9.3e-05
extra_trees_engineered,z2_z_btc_bollinger_lower_distance_20d__z_btc_rolling_position_60d__mul,9.2e-05
extra_trees_engineered,z2_z_btc_trend_above_sma50__z_gold_return_7d__add,9.1e-05
extra_trees_engineered,z2_z_btc_return_1d__z_btc_trend_strength_20_50__add,9.1e-05
extra_trees_engineered,z2_z_btc_rolling_mean_distance_60d__z_btc_volume_diff_7d__div,9.1e-05
extra_trees_engineered,z2_z_btc_bollinger_lower_distance_20d__z_btc_trend_sma50_above_sma200__mul,9e-05
extra_trees_engineered,z2_z_btc_bollinger_percent_b_20d__z_btc_candle_range_pct__mul,9e-05
extra_trees_engineered,z2_z_btc_bollinger_percent_b_20d__z_btc_rolling_mean_distance_60d__add,9e-05
extra_trees_engineered,z2_z_btc_trend_above_sma20__z_btc_drawdown_120d__add,9e-05
extra_trees_engineered,z2_z_btc_volume_pct_7d__z_btc_trend_above_sma20__sub,8.9e-05
extra_trees_engineered,z2_z_btc_rolling_position_30d__z_btc_trend_strength_50_200__mul,8.8e-05
extra_trees_engineered,z2_z_btc_bollinger_lower_distance_20d__z_btc_trend_sma50_above_sma200__div,8.8e-05
extra_trees_engineered,z2_z_btc_rolling_position_60d__z_btc_return_14d__sub,8.8e-05
extra_trees_engineered,z2_z_btc_volume_z_20d__z_btc_rolling_mean_distance_30d__add,8.7e-05
extra_trees_engineered,z2_z_btc_trend_above_sma50__z_btc_bollinger_percent_b_20d__add,8.7e-05
extra_trees_engineered,z2_z_btc_trend_above_sma20__z_btc_candle_range_pct__add,8.6e-05
extra_trees_engineered,z_btc_trend_sma7_above_sma30,8.5e-05
extra_trees_engineered,z2_z_btc_trend_strength_50_200__z_btc_trend_strength_20_50__add,8.5e-05
extra_trees_engineered,z2_z_btc_rsi_7__z_btc_log_volume__sub,8.5e-05
extra_trees_engineered,z2_z_btc_rolling_position_20d__z_btc_rolling_position_30d__sub,8.4e-05
extra_trees_engineered,z2_z_btc_bollinger_width_20d__z_btc_candle_body_abs_pct__sub,8.4e-05
extra_trees_engineered,z2_z_btc_trend_above_sma50__z_btc_rolling_mean_distance_60d__add,8.4e-05
extra_trees_engineered,z2_z_btc_rolling_position_20d__z_btc_trend_sma50_above_sma200__div,8.3e-05
extra_trees_engineered,z2_z_btc_bollinger_percent_b_20d__z_btc_rsi_7__mul,8.2e-05
extra_trees_engineered,z2_z_btc_bollinger_percent_b_20d__z_btc_rolling_mean_distance_60d__sub,8.1e-05
extra_trees_engineered,z2_z_btc_rsi_14__z_sp500_return_1d__mul,8.1e-05
extra_trees_engineered,z2_z_btc_candle_body_abs_pct__z_btc_volume_diff_7d__mul,8.1e-05
extra_trees_engineered,z2_z_btc_bollinger_width_20d__z_btc_rolling_position_7d__sub,8.1e-05
extra_trees_engineered,z2_z_btc_volume_pct_7d__z_btc_rolling_position_7d__div,8e-05
extra_trees_engineered,z2_z_btc_bollinger_percent_b_20d__z_btc_rsi_14__add,7.9e-05
extra_trees_engineered,z2_z_btc_candle_body_pct__z_btc_rolling_mean_distance_30d__add,7.8e-05
extra_trees_engineered,z2_z_btc_bollinger_percent_b_20d__z_nasdaq_return_1d__add,7.8e-05
extra_trees_engineered,z2_z_btc_rsi_14__z_btc_trend_strength_20_50__mul,7.8e-05
extra_trees_engineered,z2_z_btc_trend_above_sma20__z_btc_trend_sma50_above_sma200__add,7.6e-05
extra_trees_engineered,z2_z_btc_bollinger_percent_b_20d__z_btc_volume_z_20d__sub,7.6e-05
extra_trees_engineered,z2_z_nasdaq_return_1d__z_btc_log_volume__add,7.6e-05
extra_trees_engineered,z2_z_btc_trend_sma50_above_sma200__z_btc_rolling_mean_distance_30d__add,7.5e-05
extra_trees_engineered,z2_z_btc_rolling_position_14d__z_btc_rsi_14__mul,7.5e-05
extra_trees_engineered,z2_z_us5y_bp_chg_7d__z_btc_candle_range_pct__mul,7.2e-05
extra_trees_engineered,z2_z_btc_rolling_position_20d__z_btc_bollinger_lower_distance_20d__add,7.2e-05
extra_trees_engineered,z2_z_btc_rolling_position_14d__z_btc_rolling_position_30d__add,7.2e-05
extra_trees_engineered,z2_z_sp500_return_1d__z_btc_trend_above_sma20__add,7.1e-05
extra_trees_engineered,z2_z_btc_bollinger_percent_b_20d__z_btc_return_14d__add,7e-05
extra_trees_engineered,z2_z_btc_rsi_30__z_sp500_return_1d__mul,7e-05
extra_trees_engineered,z2_z_sp500_return_1d__z_btc_candle_body_pct__add,6.9e-05
extra_trees_engineered,z2_z_btc_trend_sma50_above_sma200__z_btc_trend_sma7_above_sma30__add,6.9e-05
extra_trees_engineered,z2_z_btc_rsi_14__z_btc_trend_strength_50_200__div,6.9e-05
extra_trees_engineered,z2_z_btc_trend_above_sma20__z_btc_trend_strength_50_200__div,6.9e-05
extra_trees_engineered,z2_z_btc_trend_above_sma50__z_btc_rolling_mean_distance_30d__add,6.9e-05
extra_trees_engineered,z2_z_btc_rolling_position_14d__z_btc_trend_sma50_above_sma200__mul,6.8e-05
extra_trees_engineered,z_btc_rolling_mean_distance_30d,6.7e-05
extra_trees_engineered,z2_z_btc_trend_above_sma50__z_btc_return_14d__mul,6.7e-05
extra_trees_engineered,z_btc_log_volume,6.7e-05
extra_trees_engineered,z2_z_nasdaq_return_1d__z_btc_drawdown_120d__add,6.7e-05
extra_trees_engineered,z2_z_btc_drawdown_120d__z_btc_return_14d__sub,6.6e-05
extra_trees_engineered,z2_z_btc_candle_body_abs_pct__z_btc_rolling_mean_distance_30d__sub,6.6e-05
extra_trees_engineered,z2_z_btc_rsi_7__z_btc_candle_body_pct__add,6.5e-05
extra_trees_engineered,z2_z_btc_trend_sma50_above_sma200__z_btc_volume_diff_7d__add,6.4e-05
extra_trees_engineered,z2_z_btc_trend_above_sma50__z_btc_trend_sma7_above_sma30__add,6.4e-05
extra_trees_engineered,z2_z_btc_rolling_position_20d__z_btc_trend_strength_20_50__add,6.3e-05
extra_trees_engineered,z2_z_btc_rolling_mean_distance_60d__z_btc_candle_body_abs_pct__mul,6.3e-05
extra_trees_engineered,z2_z_btc_trend_above_sma50__z_btc_bollinger_lower_distance_20d__add,6.2e-05
extra_trees_engineered,z2_z_btc_bollinger_percent_b_20d__z_btc_rsi_30__div,6.2e-05
extra_trees_engineered,z2_z_btc_trend_above_sma20__z_btc_trend_sma50_above_sma200__sub,6.2e-05
extra_trees_engineered,z_btc_bollinger_percent_b_20d,6.1e-05
extra_trees_engineered,z2_z_btc_return_1d__z_btc_volume_diff_7d__sub,6e-05
extra_trees_engineered,z2_z_btc_rolling_position_20d__z_btc_trend_sma7_above_sma30__add,5.9e-05
extra_trees_engineered,z2_z_btc_candle_range_pct__z_btc_trend_sma7_above_sma30__add,5.8e-05
extra_trees_engineered,z2_z_btc_bollinger_percent_b_20d__z_gold_return_7d__add,5.8e-05
extra_trees_engineered,z2_z_nasdaq_return_1d__z_btc_volume_z_20d__mul,5.8e-05
extra_trees_engineered,z2_z_btc_candle_range_pct__z_btc_return_14d__mul,5.7e-05
extra_trees_engineered,z2_z_btc_rolling_position_60d__z_sp500_return_1d__sub,5.7e-05
extra_trees_engineered,z2_z_btc_trend_above_sma50__z_btc_rolling_position_7d__add,5.7e-05
extra_trees_engineered,z2_z_btc_rsi_30__z_btc_candle_body_pct__add,5.6e-05
extra_trees_engineered,z2_z_btc_trend_sma50_above_sma200__z_btc_trend_sma7_above_sma30__sub,5.5e-05
extra_trees_engineered,z_nasdaq_return_1d,5.5e-05
extra_trees_engineered,z2_z_btc_trend_sma7_above_sma30__z_btc_rolling_mean_distance_30d__div,5.4e-05
extra_trees_engineered,z2_z_sp500_return_1d__z_btc_trend_above_sma20__mul,5.4e-05
extra_trees_engineered,z2_z_btc_bollinger_percent_b_20d__z_btc_trend_sma50_above_sma200__add,5.3e-05
extra_trees_engineered,z2_z_btc_bollinger_lower_distance_20d__z_btc_rolling_mean_distance_30d__add,5.3e-05
extra_trees_engineered,z_btc_rolling_mean_distance_14d,5.3e-05
extra_trees_engineered,z2_z_btc_candle_range_pct__z_btc_rolling_mean_distance_60d__sub,5.2e-05
extra_trees_engineered,z2_z_btc_candle_range_pct__z_btc_volume_diff_7d__mul,5.2e-05
extra_trees_engineered,z2_z_btc_trend_above_sma50__z_btc_trend_sma7_above_sma30__sub,5.2e-05
extra_trees_engineered,z2_z_btc_candle_body_abs_pct__z_btc_rolling_mean_distance_30d__add,5.1e-05
extra_trees_engineered,z2_z_btc_rolling_position_20d__z_btc_candle_range_pct__sub,5.1e-05
extra_trees_engineered,z2_z_btc_rolling_position_30d__z_btc_candle_body_abs_pct__mul,5e-05
extra_trees_engineered,z2_z_btc_candle_body_pct__z_btc_volume_diff_7d__mul,5e-05
extra_trees_engineered,z2_z_btc_volume_pct_7d__z_btc_candle_body_pct__mul,5e-05
extra_trees_engineered,z2_z_btc_trend_above_sma50__z_btc_candle_body_pct__add,4.9e-05
extra_trees_engineered,z2_z_btc_rolling_position_7d__z_nasdaq_return_1d__mul,4.8e-05
extra_trees_engineered,z2_z_btc_rolling_mean_distance_60d__z_btc_return_14d__add,4.7e-05
extra_trees_engineered,z2_z_btc_trend_above_sma20__z_btc_rolling_mean_distance_30d__mul,4.6e-05
extra_trees_engineered,z2_z_btc_candle_body_abs_pct__z_btc_return_14d__mul,4.5e-05
extra_trees_engineered,z2_z_btc_bollinger_lower_distance_20d__z_btc_rsi_30__mul,4.5e-05
extra_trees_engineered,z2_z_btc_rolling_position_30d__z_btc_rolling_mean_distance_60d__add,4.5e-05
extra_trees_engineered,z2_z_btc_rolling_position_30d__z_btc_trend_above_sma50__add,4.4e-05
extra_trees_engineered,z_btc_rolling_position_20d,4.4e-05
extra_trees_engineered,z2_z_btc_rolling_position_20d__z_btc_rolling_position_30d__add,4.3e-05
extra_trees_engineered,z2_z_btc_rolling_position_30d__z_btc_bollinger_lower_distance_20d__add,4.3e-05
extra_trees_engineered,z2_z_btc_rolling_position_60d__z_sp500_return_1d__add,4.2e-05
extra_trees_engineered,z2_z_btc_bollinger_lower_distance_20d__z_btc_rolling_mean_distance_60d__mul,4.2e-05
extra_trees_engineered,z2_z_btc_trend_sma7_above_sma30__z_btc_drawdown_120d__add,4.2e-05
extra_trees_engineered,z2_z_btc_candle_range_pct__z_btc_rolling_mean_distance_60d__add,4.1e-05
extra_trees_engineered,z2_z_btc_rsi_30__z_btc_return_14d__add,3.9e-05
extra_trees_engineered,z2_z_btc_trend_above_sma20__z_btc_trend_sma7_above_sma30__add,3.7e-05
extra_trees_engineered,z2_z_btc_trend_above_sma20__z_btc_trend_sma50_above_sma200__div,3.6e-05
extra_trees_engineered,z2_z_btc_rsi_7__z_btc_drawdown_120d__add,3.5e-05
extra_trees_engineered,z2_z_btc_trend_sma7_above_sma30__z_btc_return_1d__add,3.5e-05
extra_trees_engineered,z2_z_nasdaq_return_1d__z_btc_return_14d__sub,3.4e-05
extra_trees_engineered,z2_z_btc_rolling_position_14d__z_btc_rsi_14__add,3.1e-05
extra_trees_engineered,z2_z_btc_rsi_7__z_btc_volume_diff_7d__mul,3e-05
extra_trees_engineered,z2_z_btc_trend_above_sma20__z_btc_rsi_7__add,3e-05
extra_trees_engineered,z2_z_btc_rolling_position_7d__z_nasdaq_return_1d__add,2.9e-05
extra_trees_engineered,z2_z_btc_candle_body_abs_pct__z_btc_volume_z_20d__add,2.7e-05
extra_trees_engineered,z2_z_btc_rsi_30__z_nasdaq_return_1d__sub,2.4e-05
extra_trees_engineered,z2_z_btc_bollinger_width_20d__z_btc_trend_strength_20_50__mul,2.3e-05
extra_trees_engineered,z2_z_btc_bollinger_lower_distance_20d__z_btc_volume_diff_7d__mul,2.1e-05
extra_trees_engineered,z2_z_btc_trend_above_sma50__z_btc_trend_above_sma20__add,2.1e-05
extra_trees_engineered,z2_z_btc_rolling_position_60d__z_us5y_bp_chg_7d__mul,1.2e-05
extra_trees_engineered,z2_z_btc_rolling_position_30d__z_btc_return_1d__add,1e-05
extra_trees_engineered,z2_z_btc_bollinger_lower_distance_20d__z_btc_trend_sma50_above_sma200__add,9e-06
extra_trees_engineered,z_btc_trend_above_sma50,6e-06
extra_trees_engineered,z2_z_btc_rsi_7__z_btc_rolling_mean_distance_60d__add,3e-06
extra_trees_engineered,z2_z_btc_rolling_mean_distance_60d__z_btc_rolling_mean_distance_30d__mul,3e-06
extra_trees_engineered,z2_z_btc_trend_above_sma50__z_btc_rolling_position_60d__add,2e-06
extra_trees_engineered,z2_z_btc_rolling_mean_distance_30d__z_btc_return_14d__add,2e-06
extra_trees_engineered,z_btc_trend_above_sma20,0.0
extra_trees_engineered,z_btc_golden_cross_20_50,0.0
extra_trees_engineered,z_btc_golden_cross_50_200,0.0
extra_trees_engineered,z_btc_death_cross_20_50,0.0
extra_trees_engineered,z2_z_btc_rolling_position_20d__z_btc_bollinger_percent_b_20d__add,0.0
extra_trees_engineered,z2_z_btc_volume_pct_7d__z_btc_bollinger_lower_distance_20d__mul,0.0
extra_trees_engineered,z2_z_btc_rolling_position_30d__z_btc_bollinger_percent_b_20d__add,0.0
extra_trees_engineered,z2_z_btc_rolling_position_30d__z_btc_candle_range_pct__sub,0.0
extra_trees_engineered,z2_z_btc_trend_above_sma50__z_btc_trend_sma50_above_sma200__div,0.0
extra_trees_engineered,z2_z_btc_trend_above_sma50__z_btc_trend_sma7_above_sma30__div,0.0
extra_trees_engineered,z2_z_btc_bollinger_percent_b_20d__z_btc_trend_above_sma20__add,0.0
extra_trees_engineered,z2_z_btc_bollinger_lower_distance_20d__z_btc_trend_above_sma20__div,0.0
extra_trees_engineered,z2_z_btc_bollinger_lower_distance_20d__z_btc_rolling_mean_distance_30d__mul,0.0
extra_trees_engineered,z2_z_btc_rolling_position_7d__z_btc_log_volume__sub,0.0
extra_trees_engineered,z2_z_btc_rolling_position_60d__z_btc_trend_above_sma20__add,0.0
extra_trees_engineered,z2_z_sp500_return_1d__z_btc_trend_sma7_above_sma30__div,0.0
extra_trees_engineered,z2_z_btc_trend_above_sma20__z_btc_volume_z_20d__sub,0.0
extra_trees_engineered,z2_z_nasdaq_return_1d__z_us5y_bp_chg_7d__mul,0.0
extra_trees_engineered,z2_z_btc_candle_range_pct__z_btc_rolling_mean_distance_60d__mul,0.0
extra_trees_engineered,z2_z_btc_candle_range_pct__z_btc_trend_strength_20_50__mul,0.0
extra_trees_engineered,z2_z_btc_rolling_mean_distance_60d__z_btc_trend_strength_50_200__mul,0.0
extra_trees_engineered,z2_z_btc_log_volume__z_btc_volume_diff_7d__mul,0.0
