date,target_return_1d,high_volume_candle,score,probability,position,gross_strategy_return,position_change,transaction_cost,strategy_return,gross_equity,equity,model_name
2024-11-26,4.323745271515378,True,0.45007983325729556,0.45007983325729556,0.0,0.0,0.0,0.0,0.0,1.0,1.0,lgbm_gpu_engineered
2024-11-27,-0.32310787967048116,True,0.3261042801003041,0.3261042801003041,0.0,-0.0,0.0,0.0,-0.0,1.0,1.0,lgbm_gpu_engineered
2024-11-28,1.8912786163713058,True,0.33117475235641275,0.33117475235641275,0.0,0.0,0.0,0.0,0.0,1.0,1.0,lgbm_gpu_engineered
2024-11-29,-1.0388394458550332,True,0.5867308535785615,0.5867308535785615,0.0,-0.0,0.0,0.0,-0.0,1.0,1.0,lgbm_gpu_engineered
2024-11-30,0.8613193542348574,False,0.509587927812027,0.509587927812027,0.0,0.0,0.0,0.0,0.0,1.0,1.0,lgbm_gpu_engineered
2024-12-01,-1.454037255458307,False,0.4814253315705287,0.4814253315705287,0.0,-0.0,0.0,0.0,-0.0,1.0,1.0,lgbm_gpu_engineered
2024-12-02,0.1427621551364444,True,0.5353055475361895,0.5353055475361895,0.0,0.0,0.0,0.0,0.0,1.0,1.0,lgbm_gpu_engineered
2024-12-03,2.881567529768403,True,0.40303161583640085,0.40303161583640085,0.0,0.0,0.0,0.0,0.0,1.0,1.0,lgbm_gpu_engineered
2024-12-04,-2.2020788503929523,True,0.5658722411963795,0.5658722411963795,0.0,-0.0,0.0,0.0,-0.0,1.0,1.0,lgbm_gpu_engineered
2024-12-05,3.444474217316973,True,0.5431764228706102,0.5431764228706102,0.0,0.0,0.0,0.0,0.0,1.0,1.0,lgbm_gpu_engineered
2024-12-06,0.002627082989481444,True,0.5267968520864408,0.5267968520864408,0.0,0.0,0.0,0.0,0.0,1.0,1.0,lgbm_gpu_engineered
2024-12-07,1.3136868131795154,True,0.5222195955682394,0.5222195955682394,0.0,0.0,0.0,0.0,0.0,1.0,1.0,lgbm_gpu_engineered
2024-12-08,-3.7568614800964073,True,0.4506113091039296,0.4506113091039296,0.0,-0.0,0.0,0.0,-0.0,1.0,1.0,lgbm_gpu_engineered
2024-12-09,-0.7772430783165474,True,0.5097641975767909,0.5097641975767909,0.0,-0.0,0.0,0.0,-0.0,1.0,1.0,lgbm_gpu_engineered
2024-12-10,4.652269534294651,True,0.6397686421866534,0.6397686421866534,0.0,0.0,0.0,0.0,0.0,1.0,1.0,lgbm_gpu_engineered
2024-12-11,-1.1169293200355757,True,0.7444730144046663,0.7444730144046663,1.0,-0.011169293200355757,1.0,0.001,-0.012169293200355757,0.9888307067996442,0.9878307067996442,lgbm_gpu_engineered
2024-12-12,1.4156490833941326,True,0.426091655552114,0.426091655552114,0.0,0.0,1.0,0.001,-0.001,0.9888307067996442,0.9868428760928446,lgbm_gpu_engineered
2024-12-13,-0.08504799301751742,True,0.679000314622167,0.679000314622167,1.0,-0.0008504799301751742,1.0,0.001,-0.0018504799301751742,0.9879897261291702,0.9850167431563984,lgbm_gpu_engineered
2024-12-14,2.886101293644905,True,0.4272664247407075,0.4272664247407075,0.0,0.0,1.0,0.001,-0.001,0.9879897261291702,0.984031726413242,lgbm_gpu_engineered
2024-12-15,1.6596788984881483,True,0.5715486699383833,0.5715486699383833,0.0,0.0,0.0,0.0,0.0,0.9879897261291702,0.984031726413242,lgbm_gpu_engineered
2024-12-16,0.1045771070669721,True,0.5712026117573256,0.5712026117573256,0.0,0.0,0.0,0.0,0.0,0.9879897261291702,0.984031726413242,lgbm_gpu_engineered
2024-12-17,-5.746210601989676,True,0.4440981967555973,0.4440981967555973,0.0,-0.0,0.0,0.0,-0.0,0.9879897261291702,0.984031726413242,lgbm_gpu_engineered
2024-12-18,-2.5495268879325628,True,0.48376526422215044,0.48376526422215044,0.0,-0.0,0.0,0.0,-0.0,0.9879897261291702,0.984031726413242,lgbm_gpu_engineered
2024-12-19,0.2717960528709318,True,0.6325796689463941,0.6325796689463941,0.0,0.0,0.0,0.0,0.0,0.9879897261291702,0.984031726413242,lgbm_gpu_engineered
2024-12-20,-0.5433973434635808,True,0.6677400943486954,0.6677400943486954,1.0,-0.005433973434635808,1.0,0.001,-0.006433973434635808,0.9826210162036912,0.9777004924266604,lgbm_gpu_engineered
2024-12-21,-2.1802983021374844,True,0.6459159376495907,0.6459159376495907,0.0,-0.0,1.0,0.001,-0.001,0.9826210162036912,0.9767227919342337,lgbm_gpu_engineered
2024-12-22,-0.4402456102765462,True,0.6099410723934887,0.6099410723934887,0.0,-0.0,0.0,0.0,-0.0,0.9826210162036912,0.9767227919342337,lgbm_gpu_engineered
2024-12-23,4.213760595334648,True,0.5708212351832206,0.5708212351832206,0.0,0.0,0.0,0.0,0.0,0.9826210162036912,0.9767227919342337,lgbm_gpu_engineered
2024-12-24,0.6314615210434305,True,0.7802473120704774,0.7802473120704774,1.0,0.0063146152104343045,1.0,0.001,0.0053146152104343045,0.9888258898187035,0.9819136977406254,lgbm_gpu_engineered
2024-12-25,-3.528406928650052,False,0.2671199481583915,0.2671199481583915,0.0,-0.0,1.0,0.001,-0.001,0.9888258898187035,0.9809317840428848,lgbm_gpu_engineered
2024-12-26,-1.7022260795415023,True,0.4780423006911151,0.4780423006911151,0.0,-0.0,0.0,0.0,-0.0,0.9888258898187035,0.9809317840428848,lgbm_gpu_engineered
2024-12-27,1.0609799867287384,True,0.4866215651776974,0.4866215651776974,0.0,0.0,0.0,0.0,0.0,0.9888258898187035,0.9809317840428848,lgbm_gpu_engineered
2024-12-28,-1.7167251608511402,False,0.3326326507512785,0.3326326507512785,0.0,-0.0,0.0,0.0,-0.0,0.9888258898187035,0.9809317840428848,lgbm_gpu_engineered
2024-12-29,-0.948373223930199,False,0.35857509232923596,0.35857509232923596,0.0,-0.0,0.0,0.0,-0.0,0.9888258898187035,0.9809317840428848,lgbm_gpu_engineered
2024-12-30,0.8484077565384274,True,0.7325045638741835,0.7325045638741835,1.0,0.008484077565384274,1.0,0.001,0.007484077565384274,0.9972151653665855,0.9882731536010126,lgbm_gpu_engineered
2024-12-31,1.060219561302178,True,0.7298417316006267,0.7298417316006267,1.0,0.010602195613021781,0.0,0.0,0.010602195613021781,1.0077878356180738,0.9987510188945885,lgbm_gpu_engineered
2025-01-01,2.6129247147606893,False,0.4330517664801349,0.4330517664801349,0.0,0.0,1.0,0.001,-0.001,1.0077878356180738,0.9977522678756939,lgbm_gpu_engineered
2025-01-02,1.2597729955682757,True,0.6719849152953722,0.6719849152953722,1.0,0.012597729955682757,1.0,0.001,0.011597729955682756,1.0204836746238124,1.0093239292411862,lgbm_gpu_engineered
2025-01-03,0.13128146911018934,False,0.6671159659172927,0.6671159659172927,0.0,0.0,1.0,0.001,-0.001,1.0204836746238124,1.008314605311945,lgbm_gpu_engineered
2025-01-04,0.0801480042089242,False,0.21599201232328166,0.21599201232328166,0.0,0.0,0.0,0.0,0.0,1.0204836746238124,1.008314605311945,lgbm_gpu_engineered
2025-01-05,3.8276219245942267,False,0.1959874557793322,0.1959874557793322,0.0,0.0,0.0,0.0,0.0,1.0204836746238124,1.008314605311945,lgbm_gpu_engineered
2025-01-07,-1.9388436629511285,True,0.5644779577916681,0.5644779577916681,0.0,-0.0,0.0,0.0,-0.0,1.0204836746238124,1.008314605311945,lgbm_gpu_engineered
2025-01-08,-2.6929603222076492,True,0.5463797233920337,0.5463797233920337,0.0,-0.0,0.0,0.0,-0.0,1.0204836746238124,1.008314605311945,lgbm_gpu_engineered
2025-01-09,2.3976181025154863,True,0.4846313309276416,0.4846313309276416,0.0,0.0,0.0,0.0,0.0,1.0204836746238124,1.008314605311945,lgbm_gpu_engineered
2025-01-10,-0.1424047578467369,True,0.5487541447090399,0.5487541447090399,0.0,-0.0,0.0,0.0,-0.0,1.0204836746238124,1.008314605311945,lgbm_gpu_engineered
2025-01-11,-0.08264678561502592,False,0.39650264223981474,0.39650264223981474,0.0,-0.0,0.0,0.0,-0.0,1.0204836746238124,1.008314605311945,lgbm_gpu_engineered
2025-01-12,0.029724205673309356,False,0.3535583077391772,0.3535583077391772,0.0,0.0,0.0,0.0,0.0,1.0204836746238124,1.008314605311945,lgbm_gpu_engineered
2025-01-13,2.1345722040169157,True,0.6362169265759529,0.6362169265759529,0.0,0.0,0.0,0.0,0.0,1.0204836746238124,1.008314605311945,lgbm_gpu_engineered
2025-01-14,4.11299996325778,True,0.5606129726269607,0.5606129726269607,0.0,0.0,0.0,0.0,0.0,1.0204836746238124,1.008314605311945,lgbm_gpu_engineered
2025-01-15,-0.7438333563293043,True,0.7529925522636827,0.7529925522636827,1.0,-0.0074383335632930425,1.0,0.001,-0.008438333563293043,1.0128929766560655,0.9998061103355825,lgbm_gpu_engineered
2025-01-16,4.716598568833419,True,0.32292815930470276,0.32292815930470276,0.0,0.0,1.0,0.001,-0.001,1.0128929766560655,0.998806304225247,lgbm_gpu_engineered
2025-01-17,-0.051663504258914195,True,0.6459326734174586,0.6459326734174586,0.0,-0.0,0.0,0.0,-0.0,1.0128929766560655,0.998806304225247,lgbm_gpu_engineered
2025-01-18,-3.1783567377192568,True,0.6706838579001437,0.6706838579001437,1.0,-0.03178356737719257,1.0,0.001,-0.03278356737719257,0.9806996244866323,0.9660618704539139,lgbm_gpu_engineered
2025-01-19,0.9170622908047932,True,0.6264355809832353,0.6264355809832353,0.0,0.0,1.0,0.001,-0.001,0.9806996244866323,0.96509580858346,lgbm_gpu_engineered
2025-01-20,4.047967653568851,True,0.3928734703390949,0.3928734703390949,0.0,0.0,0.0,0.0,0.0,0.9806996244866323,0.96509580858346,lgbm_gpu_engineered
2025-01-21,-2.3488299826845638,True,0.45979669613713914,0.45979669613713914,0.0,-0.0,0.0,0.0,-0.0,0.9806996244866323,0.96509580858346,lgbm_gpu_engineered
2025-01-22,0.2962783076025932,True,0.48409578066912273,0.48409578066912273,0.0,0.0,0.0,0.0,0.0,0.9806996244866323,0.96509580858346,lgbm_gpu_engineered
2025-01-23,0.8265785680243276,True,0.5685081329085568,0.5685081329085568,0.0,0.0,0.0,0.0,0.0,0.9806996244866323,0.96509580858346,lgbm_gpu_engineered
2025-01-24,-0.10001569662844156,True,0.318702591219256,0.318702591219256,0.0,-0.0,0.0,0.0,-0.0,0.9806996244866323,0.96509580858346,lgbm_gpu_engineered
2025-01-25,-1.9406534499448846,False,0.12307667947964927,0.12307667947964927,0.0,-0.0,0.0,0.0,-0.0,0.9806996244866323,0.96509580858346,lgbm_gpu_engineered
2025-01-26,-0.5792734886665207,False,0.2711637494717191,0.2711637494717191,0.0,-0.0,0.0,0.0,-0.0,0.9806996244866323,0.96509580858346,lgbm_gpu_engineered
2025-01-27,-0.7397669160641884,True,0.49161961328889614,0.49161961328889614,0.0,-0.0,0.0,0.0,-0.0,0.9806996244866323,0.96509580858346,lgbm_gpu_engineered
2025-01-28,2.3395602825692086,True,0.4729093431244467,0.4729093431244467,0.0,0.0,0.0,0.0,0.0,0.9806996244866323,0.96509580858346,lgbm_gpu_engineered
2025-01-29,0.9952379879751394,True,0.30048786537373945,0.30048786537373945,0.0,0.0,0.0,0.0,0.0,0.9806996244866323,0.96509580858346,lgbm_gpu_engineered
2025-01-30,-2.2249243050878498,False,0.2724632706061652,0.2724632706061652,0.0,-0.0,0.0,0.0,-0.0,0.9806996244866323,0.96509580858346,lgbm_gpu_engineered
2025-01-31,-1.7080384621634526,True,0.5292018101962368,0.5292018101962368,0.0,-0.0,0.0,0.0,-0.0,0.9806996244866323,0.96509580858346,lgbm_gpu_engineered
2025-02-01,-2.947596219670423,False,0.4481349234684792,0.4481349234684792,0.0,-0.0,0.0,0.0,-0.0,0.9806996244866323,0.96509580858346,lgbm_gpu_engineered
2025-02-02,3.804365081173988,True,0.3948137118090061,0.3948137118090061,0.0,0.0,0.0,0.0,0.0,0.9806996244866323,0.96509580858346,lgbm_gpu_engineered
2025-02-03,-3.4846278405663456,True,0.4811385306955712,0.4811385306955712,0.0,-0.0,0.0,0.0,-0.0,0.9806996244866323,0.96509580858346,lgbm_gpu_engineered
2025-02-04,-1.2836943218062724,True,0.3931768505276494,0.3931768505276494,0.0,-0.0,0.0,0.0,-0.0,0.9806996244866323,0.96509580858346,lgbm_gpu_engineered
2025-02-05,-0.022924323774897726,True,0.38678307054826694,0.38678307054826694,0.0,-0.0,0.0,0.0,-0.0,0.9806996244866323,0.96509580858346,lgbm_gpu_engineered
2025-02-06,-0.06647556256734743,False,0.5787033101936933,0.5787033101936933,0.0,-0.0,0.0,0.0,-0.0,0.9806996244866323,0.96509580858346,lgbm_gpu_engineered
2025-02-07,-0.04830959709924976,True,0.4812287575627714,0.4812287575627714,0.0,-0.0,0.0,0.0,-0.0,0.9806996244866323,0.96509580858346,lgbm_gpu_engineered
2025-02-08,0.018283765004545316,False,0.2952871531550016,0.2952871531550016,0.0,0.0,0.0,0.0,0.0,0.9806996244866323,0.96509580858346,lgbm_gpu_engineered
2025-02-09,0.9714611676219231,False,0.3099689076026676,0.3099689076026676,0.0,0.0,0.0,0.0,0.0,0.9806996244866323,0.96509580858346,lgbm_gpu_engineered
2025-02-10,-1.7345724709743937,False,0.4594429250956606,0.4594429250956606,0.0,-0.0,0.0,0.0,-0.0,0.9806996244866323,0.96509580858346,lgbm_gpu_engineered
2025-02-11,2.233406885677658,False,0.3394462944062414,0.3394462944062414,0.0,0.0,0.0,0.0,0.0,0.9806996244866323,0.96509580858346,lgbm_gpu_engineered
2025-02-12,-1.2892487184132717,True,0.5276933375361452,0.5276933375361452,0.0,-0.0,0.0,0.0,-0.0,0.9806996244866323,0.96509580858346,lgbm_gpu_engineered
2025-02-13,0.9160278803397981,False,0.5271520477211638,0.5271520477211638,0.0,0.0,0.0,0.0,0.0,0.9806996244866323,0.96509580858346,lgbm_gpu_engineered
2025-02-14,0.07320640697474623,False,0.3145633994950776,0.3145633994950776,0.0,0.0,0.0,0.0,0.0,0.9806996244866323,0.96509580858346,lgbm_gpu_engineered
2025-02-15,-1.4401672980240199,False,0.21861820481296573,0.21861820481296573,0.0,-0.0,0.0,0.0,-0.0,0.9806996244866323,0.96509580858346,lgbm_gpu_engineered
2025-02-16,-0.41762236235300954,False,0.39304011786979637,0.39304011786979637,0.0,-0.0,0.0,0.0,-0.0,0.9806996244866323,0.96509580858346,lgbm_gpu_engineered
2025-02-17,-0.24415545387781457,False,0.6248135700486949,0.6248135700486949,0.0,-0.0,0.0,0.0,-0.0,0.9806996244866323,0.96509580858346,lgbm_gpu_engineered
2025-02-18,1.1472343504350446,False,0.6702495623694862,0.6702495623694862,0.0,0.0,0.0,0.0,0.0,0.9806996244866323,0.96509580858346,lgbm_gpu_engineered
2025-02-19,1.7574558032842136,False,0.29782987859445237,0.29782987859445237,0.0,0.0,0.0,0.0,0.0,0.9806996244866323,0.96509580858346,lgbm_gpu_engineered
2025-02-20,-2.245807176184722,False,0.3397734327918261,0.3397734327918261,0.0,-0.0,0.0,0.0,-0.0,0.9806996244866323,0.96509580858346,lgbm_gpu_engineered
2025-02-21,0.47043783073406065,True,0.4676628948902096,0.4676628948902096,0.0,0.0,0.0,0.0,0.0,0.9806996244866323,0.96509580858346,lgbm_gpu_engineered
2025-02-22,-0.31460239332733453,False,0.3937988341416381,0.3937988341416381,0.0,-0.0,0.0,0.0,-0.0,0.9806996244866323,0.96509580858346,lgbm_gpu_engineered
2025-02-23,-5.043681513571874,False,0.33508474728536514,0.33508474728536514,0.0,-0.0,0.0,0.0,-0.0,0.9806996244866323,0.96509580858346,lgbm_gpu_engineered
2025-02-24,-2.9337712021491935,False,0.5015744879363325,0.5015744879363325,0.0,-0.0,0.0,0.0,-0.0,0.9806996244866323,0.96509580858346,lgbm_gpu_engineered
2025-02-25,-4.94629004695274,True,0.6976437598417408,0.6976437598417408,1.0,-0.0494629004695274,1.0,0.001,-0.0504629004695274,0.9321913765701471,0.9163942748513548,lgbm_gpu_engineered
2025-02-26,0.4234922709094535,True,0.4224993578812468,0.4224993578812468,0.0,0.0,1.0,0.001,-0.001,0.9321913765701471,0.9154778805765035,lgbm_gpu_engineered
2025-02-27,-0.3910297790814532,True,0.6731206077653931,0.6731206077653931,1.0,-0.003910297790814532,1.0,0.001,-0.004910297790814532,0.9285462306897284,0.9109826115619691,lgbm_gpu_engineered
2025-02-28,1.9661575342751147,True,0.7110314423470334,0.7110314423470334,1.0,0.019661575342751147,0.0,0.0,0.019661575342751147,0.9468029123636621,0.928893964815131,lgbm_gpu_engineered
2025-03-01,9.550452979612857,False,0.4315706819880226,0.4315706819880226,0.0,0.0,1.0,0.001,-0.001,0.9468029123636621,0.9279650708503159,lgbm_gpu_engineered
2025-03-02,-8.682040111941614,True,0.22859362320096596,0.22859362320096596,0.0,-0.0,0.0,0.0,-0.0,0.9468029123636621,0.9279650708503159,lgbm_gpu_engineered
2025-03-03,1.3437685575495406,True,0.5597066057388744,0.5597066057388744,0.0,0.0,0.0,0.0,0.0,0.9468029123636621,0.9279650708503159,lgbm_gpu_engineered
2025-03-04,3.899657851208138,True,0.3697589874262519,0.3697589874262519,0.0,0.0,0.0,0.0,0.0,0.9468029123636621,0.9279650708503159,lgbm_gpu_engineered
2025-03-05,-0.7303133084179958,True,0.6911934319885096,0.6911934319885096,1.0,-0.007303133084179958,1.0,0.001,-0.008303133084179959,0.9398882846901812,0.9202600533695752,lgbm_gpu_engineered
2025-03-06,-3.57824911826653,False,0.4933734721725573,0.4933734721725573,0.0,-0.0,1.0,0.001,-0.001,0.9398882846901812,0.9193397933162056,lgbm_gpu_engineered
2025-03-07,-0.6779571257010009,True,0.39109958850233545,0.39109958850233545,0.0,-0.0,0.0,0.0,-0.0,0.9398882846901812,0.9193397933162056,lgbm_gpu_engineered
2025-03-08,-6.44603432710168,False,0.37652783932072986,0.37652783932072986,0.0,-0.0,0.0,0.0,-0.0,0.9398882846901812,0.9193397933162056,lgbm_gpu_engineered
2025-03-09,-2.567012890361897,False,0.41019919993512344,0.41019919993512344,0.0,-0.0,0.0,0.0,-0.0,0.9398882846901812,0.9193397933162056,lgbm_gpu_engineered
2025-03-10,5.513944554449135,True,0.6299414757913351,0.6299414757913351,0.0,0.0,0.0,0.0,0.0,0.9398882846901812,0.9193397933162056,lgbm_gpu_engineered
2025-03-11,1.0380466895202334,True,0.4385794770312242,0.4385794770312242,0.0,0.0,0.0,0.0,0.0,0.9398882846901812,0.9193397933162056,lgbm_gpu_engineered
2025-03-12,-3.17197970748182,False,0.37186474204159464,0.37186474204159464,0.0,-0.0,0.0,0.0,-0.0,0.9398882846901812,0.9193397933162056,lgbm_gpu_engineered
2025-03-13,3.580259620308812,False,0.5655763658706064,0.5655763658706064,0.0,0.0,0.0,0.0,0.0,0.9398882846901812,0.9193397933162056,lgbm_gpu_engineered
2025-03-14,0.44541123525254633,False,0.5977396852295884,0.5977396852295884,0.0,0.0,0.0,0.0,0.0,0.9398882846901812,0.9193397933162056,lgbm_gpu_engineered
2025-03-15,-2.0907717157540473,False,0.291558313934085,0.291558313934085,0.0,-0.0,0.0,0.0,-0.0,0.9398882846901812,0.9193397933162056,lgbm_gpu_engineered
2025-03-16,1.8115835083536647,False,0.24899542683240294,0.24899542683240294,0.0,0.0,0.0,0.0,0.0,0.9398882846901812,0.9193397933162056,lgbm_gpu_engineered
2025-03-17,-1.6142449028442418,False,0.22590402921101468,0.22590402921101468,0.0,-0.0,0.0,0.0,-0.0,0.9398882846901812,0.9193397933162056,lgbm_gpu_engineered
2025-03-18,4.9997601050550955,False,0.25632779328620364,0.25632779328620364,0.0,0.0,0.0,0.0,0.0,0.9398882846901812,0.9193397933162056,lgbm_gpu_engineered
2025-03-19,-3.093725379117185,False,0.2631718950381853,0.2631718950381853,0.0,-0.0,0.0,0.0,-0.0,0.9398882846901812,0.9193397933162056,lgbm_gpu_engineered
2025-03-20,-0.14727011460912154,False,0.2597836039260745,0.2597836039260745,0.0,-0.0,0.0,0.0,-0.0,0.9398882846901812,0.9193397933162056,lgbm_gpu_engineered
2025-03-21,-0.25077306278807887,False,0.3606477969963641,0.3606477969963641,0.0,-0.0,0.0,0.0,-0.0,0.9398882846901812,0.9193397933162056,lgbm_gpu_engineered
2025-03-22,2.6503933905394295,False,0.4136922941382443,0.4136922941382443,0.0,0.0,0.0,0.0,0.0,0.9398882846901812,0.9193397933162056,lgbm_gpu_engineered
2025-03-23,1.6786352378946434,False,0.40301935139010014,0.40301935139010014,0.0,0.0,0.0,0.0,0.0,0.9398882846901812,0.9193397933162056,lgbm_gpu_engineered
2025-03-24,-0.031098600241552532,False,0.5539269082027714,0.5539269082027714,0.0,-0.0,0.0,0.0,-0.0,0.9398882846901812,0.9193397933162056,lgbm_gpu_engineered
2025-03-25,-0.652577110204744,False,0.4288675028640227,0.4288675028640227,0.0,-0.0,0.0,0.0,-0.0,0.9398882846901812,0.9193397933162056,lgbm_gpu_engineered
2025-03-26,0.3178549412391707,False,0.46712327429433065,0.46712327429433065,0.0,0.0,0.0,0.0,0.0,0.9398882846901812,0.9193397933162056,lgbm_gpu_engineered
2025-03-27,-3.2393289916566204,False,0.23648692453852968,0.23648692453852968,0.0,-0.0,0.0,0.0,-0.0,0.9398882846901812,0.9193397933162056,lgbm_gpu_engineered
2025-03-28,-2.0812056603918605,False,0.7209666288326396,0.7209666288326396,0.0,-0.0,0.0,0.0,-0.0,0.9398882846901812,0.9193397933162056,lgbm_gpu_engineered
2025-03-29,-0.3184869109843613,False,0.6222796114597874,0.6222796114597874,0.0,-0.0,0.0,0.0,-0.0,0.9398882846901812,0.9193397933162056,lgbm_gpu_engineered
2025-03-30,0.26038970780313253,False,0.3227978059709465,0.3227978059709465,0.0,0.0,0.0,0.0,0.0,0.9398882846901812,0.9193397933162056,lgbm_gpu_engineered
2025-03-31,3.17418810684309,False,0.7085523621259702,0.7085523621259702,0.0,0.0,0.0,0.0,0.0,0.9398882846901812,0.9193397933162056,lgbm_gpu_engineered
2025-04-01,-3.1507420800550134,False,0.5691422486496055,0.5691422486496055,0.0,-0.0,0.0,0.0,-0.0,0.9398882846901812,0.9193397933162056,lgbm_gpu_engineered
2025-04-02,0.7481504135517403,False,0.4000715652698647,0.4000715652698647,0.0,0.0,0.0,0.0,0.0,0.9398882846901812,0.9193397933162056,lgbm_gpu_engineered
2025-04-03,0.8916382019940938,False,0.5044342529109649,0.5044342529109649,0.0,0.0,0.0,0.0,0.0,0.9398882846901812,0.9193397933162056,lgbm_gpu_engineered
2025-04-04,-0.4043325726492686,False,0.5941798478842591,0.5941798478842591,0.0,-0.0,0.0,0.0,-0.0,0.9398882846901812,0.9193397933162056,lgbm_gpu_engineered
2025-04-05,-6.3353396427263675,False,0.3252017368630972,0.3252017368630972,0.0,-0.0,0.0,0.0,-0.0,0.9398882846901812,0.9193397933162056,lgbm_gpu_engineered
2025-04-06,1.305195029613082,False,0.7390745996781136,0.7390745996781136,0.0,0.0,0.0,0.0,0.0,0.9398882846901812,0.9193397933162056,lgbm_gpu_engineered
2025-04-07,-3.739976334343409,True,0.6967931425964843,0.6967931425964843,1.0,-0.03739976334343409,1.0,0.001,-0.03839976334343409,0.9047366852735022,0.8840373628206617,lgbm_gpu_engineered
2025-04-08,8.26253916648998,False,0.6072523726690309,0.6072523726690309,0.0,0.0,1.0,0.001,-0.001,0.9047366852735022,0.8831533254578411,lgbm_gpu_engineered
2025-04-09,-3.56990599146636,True,0.3604693569707319,0.3604693569707319,0.0,-0.0,0.0,0.0,-0.0,0.9047366852735022,0.8831533254578411,lgbm_gpu_engineered
2025-04-10,4.745546227457886,False,0.6629014901393451,0.6629014901393451,0.0,0.0,0.0,0.0,0.0,0.9047366852735022,0.8831533254578411,lgbm_gpu_engineered
2025-04-11,2.256791727173346,False,0.3310111823879545,0.3310111823879545,0.0,0.0,0.0,0.0,0.0,0.9047366852735022,0.8831533254578411,lgbm_gpu_engineered
2025-04-12,-1.878516957885823,False,0.34226955856268687,0.34226955856268687,0.0,-0.0,0.0,0.0,-0.0,0.9047366852735022,0.8831533254578411,lgbm_gpu_engineered
2025-04-13,1.0245734631468162,False,0.17798586569978087,0.17798586569978087,0.0,0.0,0.0,0.0,0.0,0.9047366852735022,0.8831533254578411,lgbm_gpu_engineered
2025-04-14,-1.033089354397465,False,0.29839113787408433,0.29839113787408433,0.0,-0.0,0.0,0.0,-0.0,0.9047366852735022,0.8831533254578411,lgbm_gpu_engineered
2025-04-15,0.4360934564412222,False,0.164747939292076,0.164747939292076,0.0,0.0,0.0,0.0,0.0,0.9047366852735022,0.8831533254578411,lgbm_gpu_engineered
2025-04-16,1.025637449930672,False,0.24488284393854504,0.24488284393854504,0.0,0.0,0.0,0.0,0.0,0.9047366852735022,0.8831533254578411,lgbm_gpu_engineered
2025-04-17,-0.5241078764249063,False,0.359609790209238,0.359609790209238,0.0,-0.0,0.0,0.0,-0.0,0.9047366852735022,0.8831533254578411,lgbm_gpu_engineered
2025-04-18,0.7254038339443714,False,0.2250937239658314,0.2250937239658314,0.0,0.0,0.0,0.0,0.0,0.9047366852735022,0.8831533254578411,lgbm_gpu_engineered
2025-04-19,0.13036230231544543,False,0.5766144611092193,0.5766144611092193,0.0,0.0,0.0,0.0,0.0,0.9047366852735022,0.8831533254578411,lgbm_gpu_engineered
2025-04-20,2.7527099529631727,False,0.3143778419340477,0.3143778419340477,0.0,0.0,0.0,0.0,0.0,0.9047366852735022,0.8831533254578411,lgbm_gpu_engineered
2025-04-21,6.767662701452015,False,0.8040611327935547,0.8040611327935547,0.0,0.0,0.0,0.0,0.0,0.9047366852735022,0.8831533254578411,lgbm_gpu_engineered
2025-04-22,0.27527134594511615,True,0.542215676073767,0.542215676073767,0.0,0.0,0.0,0.0,0.0,0.9047366852735022,0.8831533254578411,lgbm_gpu_engineered
2025-04-23,0.26114175645013393,False,0.6970659000826499,0.6970659000826499,0.0,0.0,0.0,0.0,0.0,0.9047366852735022,0.8831533254578411,lgbm_gpu_engineered
2025-04-24,0.8267742531563593,False,0.5541846038444271,0.5541846038444271,0.0,0.0,0.0,0.0,0.0,0.9047366852735022,0.8831533254578411,lgbm_gpu_engineered
2025-04-26,-0.942540809771053,False,0.4990487604399151,0.4990487604399151,0.0,-0.0,0.0,0.0,-0.0,0.9047366852735022,0.8831533254578411,lgbm_gpu_engineered
2025-04-27,1.3054325526514532,False,0.5944528514692472,0.5944528514692472,0.0,0.0,0.0,0.0,0.0,0.9047366852735022,0.8831533254578411,lgbm_gpu_engineered
2025-04-28,-0.7306486319308303,False,0.35867067456584384,0.35867067456584384,0.0,-0.0,0.0,0.0,-0.0,0.9047366852735022,0.8831533254578411,lgbm_gpu_engineered
2025-04-29,-0.08217291810309613,False,0.6463176810948824,0.6463176810948824,0.0,-0.0,0.0,0.0,-0.0,0.9047366852735022,0.8831533254578411,lgbm_gpu_engineered
2025-04-30,2.425526614507767,False,0.5334744647220967,0.5334744647220967,0.0,0.0,0.0,0.0,0.0,0.9047366852735022,0.8831533254578411,lgbm_gpu_engineered
2025-05-01,0.43291974532626565,False,0.527922779036352,0.527922779036352,0.0,0.0,0.0,0.0,0.0,0.9047366852735022,0.8831533254578411,lgbm_gpu_engineered
2025-05-02,-1.0507405827035687,False,0.6090700463966595,0.6090700463966595,0.0,-0.0,0.0,0.0,-0.0,0.9047366852735022,0.8831533254578411,lgbm_gpu_engineered
2025-05-03,-1.6433317174712747,False,0.6334385090845087,0.6334385090845087,0.0,-0.0,0.0,0.0,-0.0,0.9047366852735022,0.8831533254578411,lgbm_gpu_engineered
2025-05-04,0.45811763897039004,False,0.6419122480227356,0.6419122480227356,0.0,0.0,0.0,0.0,0.0,0.9047366852735022,0.8831533254578411,lgbm_gpu_engineered
2025-05-05,2.168299794413664,False,0.47789829020647884,0.47789829020647884,0.0,0.0,0.0,0.0,0.0,0.9047366852735022,0.8831533254578411,lgbm_gpu_engineered
2025-05-06,0.23743581586117557,False,0.7472248714108849,0.7472248714108849,0.0,0.0,0.0,0.0,0.0,0.9047366852735022,0.8831533254578411,lgbm_gpu_engineered
2025-05-07,6.3990437464578775,True,0.6632253690318106,0.6632253690318106,1.0,0.06399043746457878,1.0,0.001,0.06299043746457877,0.9626311815544065,0.9387835397767281,lgbm_gpu_engineered
2025-05-08,-0.2621130818400763,True,0.6739044211700703,0.6739044211700703,1.0,-0.002621130818400763,0.0,0.0,-0.002621130818400763,0.9601079992976808,0.936322865308812,lgbm_gpu_engineered
2025-05-09,1.6756941758927724,True,0.7410624950394723,0.7410624950394723,1.0,0.016756941758927724,0.0,0.0,0.016756941758927724,0.9761964731241927,0.9520127730303442,lgbm_gpu_engineered
2025-05-10,-0.5635047193781384,False,0.5748562054330281,0.5748562054330281,0.0,-0.0,1.0,0.001,-0.001,0.9761964731241927,0.9510607602573138,lgbm_gpu_engineered
2025-05-11,-1.242389281274392,False,0.7043365564832282,0.7043365564832282,0.0,-0.0,0.0,0.0,-0.0,0.9761964731241927,0.9510607602573138,lgbm_gpu_engineered
2025-05-12,1.3197358248725033,True,0.7491242174830521,0.7491242174830521,1.0,0.013197358248725033,1.0,0.001,0.012197358248725032,0.9890796877011545,0.9626611890664769,lgbm_gpu_engineered
2025-05-13,-0.6051642240404331,True,0.7051435437354748,0.7051435437354748,1.0,-0.006051642240404331,0.0,0.0,-0.006051642240404331,0.9830941312839363,0.9568355079515244,lgbm_gpu_engineered
2025-05-14,0.198211052629782,False,0.6203678323264031,0.6203678323264031,0.0,0.0,1.0,0.001,-0.001,0.9830941312839363,0.9558786724435728,lgbm_gpu_engineered
2025-05-15,-0.24613470244020386,False,0.43648473899063667,0.43648473899063667,0.0,-0.0,0.0,0.0,-0.0,0.9830941312839363,0.9558786724435728,lgbm_gpu_engineered
2025-05-16,-0.28814878109744146,False,0.6288945535784459,0.6288945535784459,0.0,-0.0,0.0,0.0,-0.0,0.9830941312839363,0.9558786724435728,lgbm_gpu_engineered
2025-05-17,3.154266519659865,False,0.6293621836564192,0.6293621836564192,0.0,0.0,0.0,0.0,0.0,0.9830941312839363,0.9558786724435728,lgbm_gpu_engineered
2025-05-18,-0.7889709931436006,False,0.4229351306852681,0.4229351306852681,0.0,-0.0,0.0,0.0,-0.0,0.9830941312839363,0.9558786724435728,lgbm_gpu_engineered
2025-05-19,1.1220046530480143,True,0.5012780793541708,0.5012780793541708,0.0,0.0,0.0,0.0,0.0,0.9830941312839363,0.9558786724435728,lgbm_gpu_engineered
2025-05-20,2.7034018449719976,False,0.5745027587105759,0.5745027587105759,0.0,0.0,0.0,0.0,0.0,0.9830941312839363,0.9558786724435728,lgbm_gpu_engineered
2025-05-21,1.8191448638679386,True,0.5954578346692517,0.5954578346692517,0.0,0.0,0.0,0.0,0.0,0.9830941312839363,0.9558786724435728,lgbm_gpu_engineered
2025-05-22,-3.9270668202023518,True,0.8012957080085138,0.8012957080085138,1.0,-0.03927066820202352,1.0,0.001,-0.04027066820202352,0.9444873678429283,0.9173847995842069,lgbm_gpu_engineered
2025-05-23,0.4691674073487251,True,0.5330225615512175,0.5330225615512175,0.0,0.0,1.0,0.001,-0.001,0.9444873678429283,0.9164674147846227,lgbm_gpu_engineered
2025-05-24,1.1543009819045436,False,0.545086872152505,0.545086872152505,0.0,0.0,0.0,0.0,0.0,0.9444873678429283,0.9164674147846227,lgbm_gpu_engineered
2025-05-25,0.3714175371671846,False,0.622516289108323,0.622516289108323,0.0,0.0,0.0,0.0,0.0,0.9444873678429283,0.9164674147846227,lgbm_gpu_engineered
2025-05-26,-0.4072780217708405,False,0.5336824556911409,0.5336824556911409,0.0,-0.0,0.0,0.0,-0.0,0.9444873678429283,0.9164674147846227,lgbm_gpu_engineered
2025-05-27,-1.0939184653144474,True,0.7628408613248497,0.7628408613248497,1.0,-0.010939184653144474,1.0,0.001,-0.011939184653144475,0.9341554461235321,0.9055255410909191,lgbm_gpu_engineered
2025-05-28,-2.004196337944353,False,0.6438559019960861,0.6438559019960861,0.0,-0.0,1.0,0.001,-0.001,0.9341554461235321,0.9046200155498282,lgbm_gpu_engineered
2025-05-29,-1.5554336978341854,True,0.6397616411765497,0.6397616411765497,0.0,-0.0,0.0,0.0,-0.0,0.9341554461235321,0.9046200155498282,lgbm_gpu_engineered
2025-05-30,0.6149348357177731,True,0.625419095429195,0.625419095429195,0.0,0.0,0.0,0.0,0.0,0.9341554461235321,0.9046200155498282,lgbm_gpu_engineered
2025-05-31,0.9690618169351017,False,0.42100673375088105,0.42100673375088105,0.0,0.0,0.0,0.0,0.0,0.9341554461235321,0.9046200155498282,lgbm_gpu_engineered
2025-06-01,0.21715582000447764,False,0.6746846835206312,0.6746846835206312,0.0,0.0,0.0,0.0,0.0,0.9341554461235321,0.9046200155498282,lgbm_gpu_engineered
2025-06-02,-0.42411787466475337,False,0.520356676937276,0.520356676937276,0.0,-0.0,0.0,0.0,-0.0,0.9341554461235321,0.9046200155498282,lgbm_gpu_engineered
2025-06-03,-0.6643915136436584,False,0.7585439635087741,0.7585439635087741,0.0,-0.0,0.0,0.0,-0.0,0.9341554461235321,0.9046200155498282,lgbm_gpu_engineered
2025-06-04,-3.0134359325224014,False,0.7074277446769879,0.7074277446769879,0.0,-0.0,0.0,0.0,-0.0,0.9341554461235321,0.9046200155498282,lgbm_gpu_engineered
2025-06-05,2.7707252931573167,True,0.5749278554754219,0.5749278554754219,0.0,0.0,0.0,0.0,0.0,0.9341554461235321,0.9046200155498282,lgbm_gpu_engineered
2025-06-06,1.1737496074678777,False,0.4821144262975675,0.4821144262975675,0.0,0.0,0.0,0.0,0.0,0.9341554461235321,0.9046200155498282,lgbm_gpu_engineered
2025-06-07,0.16855786016509722,False,0.5666239936581168,0.5666239936581168,0.0,0.0,0.0,0.0,0.0,0.9341554461235321,0.9046200155498282,lgbm_gpu_engineered
2025-06-08,4.253991795791734,False,0.3544252490572729,0.3544252490572729,0.0,0.0,0.0,0.0,0.0,0.9341554461235321,0.9046200155498282,lgbm_gpu_engineered
2025-06-09,-0.03342625487465778,True,0.7027530685890959,0.7027530685890959,1.0,-0.0003342625487465778,1.0,0.001,-0.0013342625487465778,0.9338431929431853,0.9034130149422335,lgbm_gpu_engineered
2025-06-10,-1.4244955298426398,False,0.6615221274562213,0.6615221274562213,0.0,-0.0,1.0,0.001,-0.001,0.9338431929431853,0.9025096019272912,lgbm_gpu_engineered
2025-06-11,-2.5371753999169577,False,0.7865497932441785,0.7865497932441785,0.0,-0.0,0.0,0.0,-0.0,0.9338431929431853,0.9025096019272912,lgbm_gpu_engineered
2025-06-12,0.15285141831733462,True,0.526770517344853,0.526770517344853,0.0,0.0,0.0,0.0,0.0,0.9338431929431853,0.9025096019272912,lgbm_gpu_engineered
2025-06-13,-0.5830491579897124,True,0.4306633031172735,0.4306633031172735,0.0,-0.0,0.0,0.0,-0.0,0.9338431929431853,0.9025096019272912,lgbm_gpu_engineered
2025-06-14,0.0754862720314664,False,0.4424771915405317,0.4424771915405317,0.0,0.0,0.0,0.0,0.0,0.9338431929431853,0.9025096019272912,lgbm_gpu_engineered
2025-06-15,1.1792615001237072,False,0.34865888447762294,0.34865888447762294,0.0,0.0,0.0,0.0,0.0,0.9338431929431853,0.9025096019272912,lgbm_gpu_engineered
2025-06-16,-2.0559056941174436,False,0.8260886387669568,0.8260886387669568,0.0,-0.0,0.0,0.0,-0.0,0.9338431929431853,0.9025096019272912,lgbm_gpu_engineered
2025-06-17,0.2697972498650669,True,0.5841720373783831,0.5841720373783831,0.0,0.0,0.0,0.0,0.0,0.9338431929431853,0.9025096019272912,lgbm_gpu_engineered
2025-06-18,-0.1897718789613423,False,0.6949493705052234,0.6949493705052234,0.0,-0.0,0.0,0.0,-0.0,0.9338431929431853,0.9025096019272912,lgbm_gpu_engineered
2025-06-19,-1.3131746055793259,False,0.7699920075784116,0.7699920075784116,0.0,-0.0,0.0,0.0,-0.0,0.9338431929431853,0.9025096019272912,lgbm_gpu_engineered
2025-06-20,-1.0184874363913243,False,0.6304013178166484,0.6304013178166484,0.0,-0.0,0.0,0.0,-0.0,0.9338431929431853,0.9025096019272912,lgbm_gpu_engineered
2025-06-21,-1.2422235919953284,False,0.47408747717408883,0.47408747717408883,0.0,-0.0,0.0,0.0,-0.0,0.9338431929431853,0.9025096019272912,lgbm_gpu_engineered
2025-06-22,4.545759771084712,True,0.6816357909504381,0.6816357909504381,1.0,0.04545759771084712,1.0,0.001,0.04445759771084712,0.9762934611330096,0.9426330107399514,lgbm_gpu_engineered
2025-06-23,0.4431419225533917,True,0.3891473680726255,0.3891473680726255,0.0,0.0,1.0,0.001,-0.001,0.9762934611330096,0.9416903777292115,lgbm_gpu_engineered
2025-06-24,1.2406215749838134,False,0.7990626189158005,0.7990626189158005,0.0,0.0,0.0,0.0,0.0,0.9762934611330096,0.9416903777292115,lgbm_gpu_engineered
2025-06-25,-0.3737454466123835,False,0.6998788874085224,0.6998788874085224,0.0,-0.0,0.0,0.0,-0.0,0.9762934611330096,0.9416903777292115,lgbm_gpu_engineered
2025-06-26,0.12007263229245613,False,0.7237372256204526,0.7237372256204526,0.0,0.0,0.0,0.0,0.0,0.9762934611330096,0.9416903777292115,lgbm_gpu_engineered
2025-06-27,0.22343537784448309,False,0.7271234145575434,0.7271234145575434,0.0,0.0,0.0,0.0,0.0,0.9762934611330096,0.9416903777292115,lgbm_gpu_engineered
2025-06-28,0.9856422495764683,False,0.4809726400281391,0.4809726400281391,0.0,0.0,0.0,0.0,0.0,0.9762934611330096,0.9416903777292115,lgbm_gpu_engineered
2025-06-29,-1.1535062936840146,False,0.5796277704412696,0.5796277704412696,0.0,-0.0,0.0,0.0,-0.0,0.9762934611330096,0.9416903777292115,lgbm_gpu_engineered
2025-06-30,-1.3413452013053329,False,0.6518533265024461,0.6518533265024461,0.0,-0.0,0.0,0.0,-0.0,0.9762934611330096,0.9416903777292115,lgbm_gpu_engineered
2025-07-01,2.990624847553991,False,0.5623188853752061,0.5623188853752061,0.0,0.0,0.0,0.0,0.0,0.9762934611330096,0.9416903777292115,lgbm_gpu_engineered
2025-07-02,0.7244728772290987,True,0.8746856194533471,0.8746856194533471,1.0,0.007244728772290987,1.0,0.001,0.006244728772290987,0.9833664424610795,0.9475709787256068,lgbm_gpu_engineered
2025-07-03,-1.4716556343200904,False,0.8840494932995407,0.8840494932995407,0.0,-0.0,1.0,0.001,-0.001,0.9833664424610795,0.9466234077468813,lgbm_gpu_engineered
2025-07-04,0.18220480395592098,False,0.5148996834494556,0.5148996834494556,0.0,0.0,0.0,0.0,0.0,0.9833664424610795,0.9466234077468813,lgbm_gpu_engineered
2025-07-05,0.9247710575546852,False,0.42921930622508225,0.42921930622508225,0.0,0.0,0.0,0.0,0.0,0.9833664424610795,0.9466234077468813,lgbm_gpu_engineered
2025-07-06,-0.8534295352390808,False,0.74154822183748,0.74154822183748,0.0,-0.0,0.0,0.0,-0.0,0.9833664424610795,0.9466234077468813,lgbm_gpu_engineered
2025-07-07,0.6005750382996888,False,0.6551726037230241,0.6551726037230241,0.0,0.0,0.0,0.0,0.0,0.9833664424610795,0.9466234077468813,lgbm_gpu_engineered
2025-07-08,2.1810695604753683,False,0.7164956489637766,0.7164956489637766,0.0,0.0,0.0,0.0,0.0,0.9833664424610795,0.9466234077468813,lgbm_gpu_engineered
2025-07-09,4.1864660687494615,True,0.8516664097977097,0.8516664097977097,1.0,0.041864660687494615,1.0,0.001,0.040864660687494614,1.0245347449061812,0.9853068521032973,lgbm_gpu_engineered
2025-07-10,1.3189291760499877,True,0.629724496977561,0.629724496977561,0.0,0.0,1.0,0.001,-0.001,1.0245347449061812,0.984321545251194,lgbm_gpu_engineered
2025-07-11,-0.06957770402219454,True,0.5225419568878602,0.5225419568878602,0.0,-0.0,0.0,0.0,-0.0,1.0245347449061812,0.984321545251194,lgbm_gpu_engineered
2025-07-12,1.4313342548076147,False,0.542514172335377,0.542514172335377,0.0,0.0,0.0,0.0,0.0,1.0245347449061812,0.984321545251194,lgbm_gpu_engineered
2025-07-13,0.6158578325259345,False,0.37054584376162264,0.37054584376162264,0.0,0.0,0.0,0.0,0.0,1.0245347449061812,0.984321545251194,lgbm_gpu_engineered
2025-07-14,-1.729262210051885,True,0.6233748965142368,0.6233748965142368,0.0,-0.0,0.0,0.0,-0.0,1.0245347449061812,0.984321545251194,lgbm_gpu_engineered
2025-07-15,0.816219450392297,True,0.603097310029796,0.603097310029796,0.0,0.0,0.0,0.0,0.0,1.0245347449061812,0.984321545251194,lgbm_gpu_engineered
2025-07-16,0.4643278306736054,True,0.6122780273481412,0.6122780273481412,0.0,0.0,0.0,0.0,0.0,1.0245347449061812,0.984321545251194,lgbm_gpu_engineered
2025-07-17,-1.078563897020779,True,0.5528966923431186,0.5528966923431186,0.0,-0.0,0.0,0.0,-0.0,1.0245347449061812,0.984321545251194,lgbm_gpu_engineered
2025-07-18,-0.053600229283989886,True,0.41484275455401204,0.41484275455401204,0.0,-0.0,0.0,0.0,-0.0,1.0245347449061812,0.984321545251194,lgbm_gpu_engineered
2025-07-19,-0.541960002562214,False,0.48198629689331457,0.48198629689331457,0.0,-0.0,0.0,0.0,-0.0,1.0245347449061812,0.984321545251194,lgbm_gpu_engineered
2025-07-20,0.11828564931994912,True,0.6095063615875632,0.6095063615875632,0.0,0.0,0.0,0.0,0.0,1.0245347449061812,0.984321545251194,lgbm_gpu_engineered
2025-07-21,2.176332622218302,True,0.264571849836728,0.264571849836728,0.0,0.0,0.0,0.0,0.0,1.0245347449061812,0.984321545251194,lgbm_gpu_engineered
2025-07-22,-1.0337504434577038,True,0.5591433888521002,0.5591433888521002,0.0,-0.0,0.0,0.0,-0.0,1.0245347449061812,0.984321545251194,lgbm_gpu_engineered
2025-07-23,-0.32584822936673197,True,0.47940080680115327,0.47940080680115327,0.0,-0.0,0.0,0.0,-0.0,1.0245347449061812,0.984321545251194,lgbm_gpu_engineered
2025-07-24,-0.6185093838706357,True,0.49869063127237073,0.49869063127237073,0.0,-0.0,0.0,0.0,-0.0,1.0245347449061812,0.984321545251194,lgbm_gpu_engineered
2025-07-25,0.2647868724685587,True,0.7275126198632555,0.7275126198632555,1.0,0.002647868724685587,1.0,0.001,0.001647868724685587,1.027247578414572,0.9859435779406477,lgbm_gpu_engineered
2025-07-26,1.2727075099638885,False,0.2887774449418457,0.2887774449418457,0.0,0.0,1.0,0.001,-0.001,1.027247578414572,0.984957634362707,lgbm_gpu_engineered
2025-07-27,-1.2758768211219684,False,0.5366301735468078,0.5366301735468078,0.0,-0.0,0.0,0.0,-0.0,1.027247578414572,0.984957634362707,lgbm_gpu_engineered
2025-07-28,-0.0019742508661990676,True,0.6056730196591228,0.6056730196591228,0.0,-0.0,0.0,0.0,-0.0,1.027247578414572,0.984957634362707,lgbm_gpu_engineered
2025-07-29,-0.07713643170961237,True,0.7731177422519195,0.7731177422519195,1.0,-0.0007713643170961237,1.0,0.001,-0.0017713643170961238,1.0264551962877597,0.9832129155553455,lgbm_gpu_engineered
2025-07-30,-1.7592832754910526,True,0.8301733421293392,0.8301733421293392,1.0,-0.017592832754910526,0.0,0.0,-0.017592832754910526,1.0083969416890604,0.9659154151695124,lgbm_gpu_engineered
2025-07-31,-2.1062154747402473,True,0.8247803867558815,0.8247803867558815,1.0,-0.021062154747402473,0.0,0.0,-0.021062154747402473,0.987157929256398,0.9455711552223106,lgbm_gpu_engineered
2025-08-01,-0.6999393518263508,True,0.42690976788595897,0.42690976788595897,0.0,-0.0,1.0,0.001,-0.001,0.987157929256398,0.9446255840670883,lgbm_gpu_engineered
2025-08-02,1.5025363723748075,False,0.5481926124970935,0.5481926124970935,0.0,0.0,0.0,0.0,0.0,0.987157929256398,0.9446255840670883,lgbm_gpu_engineered
2025-08-03,0.7478798363486527,False,0.5488176557521658,0.5488176557521658,0.0,0.0,0.0,0.0,0.0,0.987157929256398,0.9446255840670883,lgbm_gpu_engineered
2025-08-04,-0.8085706753543476,False,0.6180998414895243,0.6180998414895243,0.0,-0.0,0.0,0.0,-0.0,0.987157929256398,0.9446255840670883,lgbm_gpu_engineered
2025-08-05,0.7767158415357134,True,0.5232804267359903,0.5232804267359903,0.0,0.0,0.0,0.0,0.0,0.987157929256398,0.9446255840670883,lgbm_gpu_engineered
2025-08-06,2.1463456180234486,True,0.5087995982265507,0.5087995982265507,0.0,0.0,0.0,0.0,0.0,0.987157929256398,0.9446255840670883,lgbm_gpu_engineered
2025-08-07,-0.68782400705657,True,0.5921854156112923,0.5921854156112923,0.0,-0.0,0.0,0.0,-0.0,0.987157929256398,0.9446255840670883,lgbm_gpu_engineered
2025-08-08,-0.16142706587778388,True,0.7955075681001942,0.7955075681001942,1.0,-0.0016142706587778388,1.0,0.001,-0.002614270658777839,0.9855643891756195,0.9421560771191309,lgbm_gpu_engineered
2025-08-09,2.408918266480664,False,0.6784682858585648,0.6784682858585648,0.0,0.0,1.0,0.001,-0.001,0.9855643891756195,0.9412139210420117,lgbm_gpu_engineered
2025-08-10,-0.4822128356753663,True,0.49730098674218626,0.49730098674218626,0.0,-0.0,0.0,0.0,-0.0,0.9855643891756195,0.9412139210420117,lgbm_gpu_engineered
2025-08-11,1.2140515376580119,True,0.7413926204008037,0.7413926204008037,1.0,0.012140515376580119,1.0,0.001,0.011140515376580118,0.9975296487970159,0.9516995292020316,lgbm_gpu_engineered
2025-08-12,2.6388279596092357,True,0.7356207776225913,0.7356207776225913,1.0,0.026388279596092357,0.0,0.0,0.026388279596092357,1.0238527400748634,0.9768132424700843,lgbm_gpu_engineered
2025-08-13,-4.041122267235197,True,0.5254433310552796,0.5254433310552796,0.0,-0.0,1.0,0.001,-0.001,1.0238527400748634,0.9758364292276142,lgbm_gpu_engineered
2025-08-14,-0.8121240187970669,True,0.6674339857900928,0.6674339857900928,1.0,-0.008121240187970669,1.0,0.001,-0.00912124018797067,1.0155377860556034,0.9669355907724575,lgbm_gpu_engineered
2025-08-15,0.07921746665282559,True,0.4517083063103772,0.4517083063103772,0.0,0.0,1.0,0.001,-0.001,1.0155377860556034,0.9659686551816851,lgbm_gpu_engineered
2025-08-16,-0.032588834829794244,False,0.6253832521629998,0.6253832521629998,0.0,-0.0,0.0,0.0,-0.0,1.0155377860556034,0.9659686551816851,lgbm_gpu_engineered
2025-08-17,-1.022323279139703,False,0.57908063564833,0.57908063564833,0.0,-0.0,0.0,0.0,-0.0,1.0155377860556034,0.9659686551816851,lgbm_gpu_engineered
2025-08-18,-2.9428514056440758,True,0.5405953964398886,0.5405953964398886,0.0,-0.0,0.0,0.0,-0.0,1.0155377860556034,0.9659686551816851,lgbm_gpu_engineered
2025-08-19,1.2794003430595335,True,0.5268991414072531,0.5268991414072531,0.0,0.0,0.0,0.0,0.0,1.0155377860556034,0.9659686551816851,lgbm_gpu_engineered
2025-08-20,-1.623902974513114,True,0.4403777820012785,0.4403777820012785,0.0,-0.0,0.0,0.0,-0.0,1.0155377860556034,0.9659686551816851,lgbm_gpu_engineered
2025-08-21,3.962900798880531,True,0.4078336879501824,0.4078336879501824,0.0,0.0,0.0,0.0,0.0,1.0155377860556034,0.9659686551816851,lgbm_gpu_engineered
2025-08-22,-1.2832252765613172,True,0.48179527396994987,0.48179527396994987,0.0,-0.0,0.0,0.0,-0.0,1.0155377860556034,0.9659686551816851,lgbm_gpu_engineered
2025-08-23,-1.6605933647771742,False,0.22761652652776754,0.22761652652776754,0.0,-0.0,0.0,0.0,-0.0,1.0155377860556034,0.9659686551816851,lgbm_gpu_engineered
2025-08-24,-2.9385900493979156,True,0.4658265113479131,0.4658265113479131,0.0,-0.0,0.0,0.0,-0.0,1.0155377860556034,0.9659686551816851,lgbm_gpu_engineered
2025-08-25,1.5240086898922645,True,0.3944707766019996,0.3944707766019996,0.0,0.0,0.0,0.0,0.0,1.0155377860556034,0.9659686551816851,lgbm_gpu_engineered
2025-08-26,-0.5193022862549412,True,0.4780238888270889,0.4780238888270889,0.0,-0.0,0.0,0.0,-0.0,1.0155377860556034,0.9659686551816851,lgbm_gpu_engineered
2025-08-27,1.189280397942638,True,0.45412544435596824,0.45412544435596824,0.0,0.0,0.0,0.0,0.0,1.0155377860556034,0.9659686551816851,lgbm_gpu_engineered
2025-08-28,-3.6731759955323295,True,0.3213217319608272,0.3213217319608272,0.0,-0.0,0.0,0.0,-0.0,1.0155377860556034,0.9659686551816851,lgbm_gpu_engineered
2025-08-29,0.3664157476186425,True,0.3584913843147169,0.3584913843147169,0.0,0.0,0.0,0.0,0.0,1.0155377860556034,0.9659686551816851,lgbm_gpu_engineered
2025-08-30,-0.525107534173741,False,0.4369174740314169,0.4369174740314169,0.0,-0.0,0.0,0.0,-0.0,1.0155377860556034,0.9659686551816851,lgbm_gpu_engineered
2025-08-31,0.9367272930950854,False,0.3803830967871207,0.3803830967871207,0.0,0.0,0.0,0.0,0.0,1.0155377860556034,0.9659686551816851,lgbm_gpu_engineered
2025-09-01,1.7848801737061493,True,0.4792845851700534,0.4792845851700534,0.0,0.0,0.0,0.0,0.0,1.0155377860556034,0.9659686551816851,lgbm_gpu_engineered
2025-09-02,0.4699840343410866,True,0.40393424285723606,0.40393424285723606,0.0,0.0,0.0,0.0,0.0,1.0155377860556034,0.9659686551816851,lgbm_gpu_engineered
2025-09-03,-0.8947195185422974,True,0.49177989842895165,0.49177989842895165,0.0,-0.0,0.0,0.0,-0.0,1.0155377860556034,0.9659686551816851,lgbm_gpu_engineered
2025-09-04,-0.06558419928113235,True,0.2427508304448483,0.2427508304448483,0.0,-0.0,0.0,0.0,-0.0,1.0155377860556034,0.9659686551816851,lgbm_gpu_engineered
2025-09-05,-0.38525555367432407,True,0.33296710655785733,0.33296710655785733,0.0,-0.0,0.0,0.0,-0.0,1.0155377860556034,0.9659686551816851,lgbm_gpu_engineered
2025-09-06,0.8554542812086785,False,0.1916240829825569,0.1916240829825569,0.0,0.0,0.0,0.0,0.0,1.0155377860556034,0.9659686551816851,lgbm_gpu_engineered
2025-09-07,0.8130177859939192,False,0.35697106261907297,0.35697106261907297,0.0,0.0,0.0,0.0,0.0,1.0155377860556034,0.9659686551816851,lgbm_gpu_engineered
2025-09-08,-0.4826232823193166,False,0.31650626295874484,0.31650626295874484,0.0,-0.0,0.0,0.0,-0.0,1.0155377860556034,0.9659686551816851,lgbm_gpu_engineered
2025-09-09,2.174124101370767,False,0.1378112161334238,0.1378112161334238,0.0,0.0,0.0,0.0,0.0,1.0155377860556034,0.9659686551816851,lgbm_gpu_engineered
2025-09-10,1.3620945043858246,False,0.5488868232990322,0.5488868232990322,0.0,0.0,0.0,0.0,0.0,1.0155377860556034,0.9659686551816851,lgbm_gpu_engineered
2025-09-11,0.5142859655061782,False,0.5319142528860248,0.5319142528860248,0.0,0.0,0.0,0.0,0.0,1.0155377860556034,0.9659686551816851,lgbm_gpu_engineered
2025-09-12,-0.13011908618274504,False,0.6420253087735416,0.6420253087735416,0.0,-0.0,0.0,0.0,-0.0,1.0155377860556034,0.9659686551816851,lgbm_gpu_engineered
2025-09-13,-0.46817523505617853,False,0.4902681447397971,0.4902681447397971,0.0,-0.0,0.0,0.0,-0.0,1.0155377860556034,0.9659686551816851,lgbm_gpu_engineered
2025-09-14,0.03224981011604733,False,0.4919420662499241,0.4919420662499241,0.0,0.0,0.0,0.0,0.0,1.0155377860556034,0.9659686551816851,lgbm_gpu_engineered
2025-09-15,1.2112382641498831,False,0.44634269518193076,0.44634269518193076,0.0,0.0,0.0,0.0,0.0,1.0155377860556034,0.9659686551816851,lgbm_gpu_engineered
2025-09-16,-0.32066883445814875,False,0.5996197227423357,0.5996197227423357,0.0,-0.0,0.0,0.0,-0.0,1.0155377860556034,0.9659686551816851,lgbm_gpu_engineered
2025-09-17,0.5741425944741474,True,0.5891064546456125,0.5891064546456125,0.0,0.0,0.0,0.0,0.0,1.0155377860556034,0.9659686551816851,lgbm_gpu_engineered
2025-09-18,-1.2364506846338497,False,0.5950339279118216,0.5950339279118216,0.0,-0.0,0.0,0.0,-0.0,1.0155377860556034,0.9659686551816851,lgbm_gpu_engineered
2025-09-19,0.028612575730124767,False,0.4696180227412162,0.4696180227412162,0.0,0.0,0.0,0.0,0.0,1.0155377860556034,0.9659686551816851,lgbm_gpu_engineered
2025-09-20,-0.3593675600818802,False,0.4433858142914626,0.4433858142914626,0.0,-0.0,0.0,0.0,-0.0,1.0155377860556034,0.9659686551816851,lgbm_gpu_engineered
2025-09-21,-2.218083931492132,False,0.5166120597919889,0.5166120597919889,0.0,-0.0,0.0,0.0,-0.0,1.0155377860556034,0.9659686551816851,lgbm_gpu_engineered
2025-09-22,-0.651013327573835,True,0.42736263760221277,0.42736263760221277,0.0,-0.0,0.0,0.0,-0.0,1.0155377860556034,0.9659686551816851,lgbm_gpu_engineered
2025-09-23,1.1731809832655538,False,0.4159408187305197,0.4159408187305197,0.0,0.0,0.0,0.0,0.0,1.0155377860556034,0.9659686551816851,lgbm_gpu_engineered
2025-09-24,-3.776048156409062,False,0.5938862624346881,0.5938862624346881,0.0,-0.0,0.0,0.0,-0.0,1.0155377860556034,0.9659686551816851,lgbm_gpu_engineered
2025-09-25,0.608476284627324,True,0.525434705035525,0.525434705035525,0.0,0.0,0.0,0.0,0.0,1.0155377860556034,0.9659686551816851,lgbm_gpu_engineered
2025-09-26,-0.028148770775293652,True,0.5257041479155586,0.5257041479155586,0.0,-0.0,0.0,0.0,-0.0,1.0155377860556034,0.9659686551816851,lgbm_gpu_engineered
2025-09-27,2.225248016477188,False,0.3007596472073832,0.3007596472073832,0.0,0.0,0.0,0.0,0.0,1.0155377860556034,0.9659686551816851,lgbm_gpu_engineered
2025-09-28,2.031473906432546,False,0.39759897736545263,0.39759897736545263,0.0,0.0,0.0,0.0,0.0,1.0155377860556034,0.9659686551816851,lgbm_gpu_engineered
2025-09-29,-0.3009577997342028,True,0.5534668563279402,0.5534668563279402,0.0,-0.0,0.0,0.0,-0.0,1.0155377860556034,0.9659686551816851,lgbm_gpu_engineered
2025-09-30,4.026829179914837,True,0.5987686042458379,0.5987686042458379,0.0,0.0,0.0,0.0,0.0,1.0155377860556034,0.9659686551816851,lgbm_gpu_engineered
2025-10-01,1.7128920845327356,True,0.5927742452556041,0.5927742452556041,0.0,0.0,0.0,0.0,0.0,1.0155377860556034,0.9659686551816851,lgbm_gpu_engineered
2025-10-02,1.3136036748664148,True,0.5332421084244386,0.5332421084244386,0.0,0.0,0.0,0.0,0.0,1.0155377860556034,0.9659686551816851,lgbm_gpu_engineered
2025-10-03,0.1299606980548873,True,0.4592805308818818,0.4592805308818818,0.0,0.0,0.0,0.0,0.0,1.0155377860556034,0.9659686551816851,lgbm_gpu_engineered
2025-10-04,0.8887425412982486,False,0.4013443306250632,0.4013443306250632,0.0,0.0,0.0,0.0,0.0,1.0155377860556034,0.9659686551816851,lgbm_gpu_engineered
2025-10-05,1.0031736794915869,True,0.6214784543169272,0.6214784543169272,0.0,0.0,0.0,0.0,0.0,1.0155377860556034,0.9659686551816851,lgbm_gpu_engineered
2025-10-06,-2.6461574802715715,True,0.4677553166332739,0.4677553166332739,0.0,-0.0,0.0,0.0,-0.0,1.0155377860556034,0.9659686551816851,lgbm_gpu_engineered
2025-10-07,1.567280940669602,True,0.579638584969704,0.579638584969704,0.0,0.0,0.0,0.0,0.0,1.0155377860556034,0.9659686551816851,lgbm_gpu_engineered
2025-10-08,-1.3370216251727518,True,0.4234410258203922,0.4234410258203922,0.0,-0.0,0.0,0.0,-0.0,1.0155377860556034,0.9659686551816851,lgbm_gpu_engineered
2025-10-09,-6.976852117831744,True,0.5845792497014904,0.5845792497014904,0.0,-0.0,0.0,0.0,-0.0,1.0155377860556034,0.9659686551816851,lgbm_gpu_engineered
2025-10-10,-2.125599811033263,True,0.5873267293567178,0.5873267293567178,0.0,-0.0,0.0,0.0,-0.0,1.0155377860556034,0.9659686551816851,lgbm_gpu_engineered
2025-10-11,3.9364372838716077,True,0.7335287806765266,0.7335287806765266,1.0,0.03936437283871608,1.0,0.001,0.038364372838716077,1.0555137940977004,1.0030274368195884,lgbm_gpu_engineered
2025-10-12,0.0879679657679322,True,0.523990105146387,0.523990105146387,0.0,0.0,1.0,0.001,-0.001,1.0555137940977004,1.0020244093827688,lgbm_gpu_engineered
2025-10-13,-1.8672628880645359,True,0.41777819090797386,0.41777819090797386,0.0,-0.0,0.0,0.0,-0.0,1.0555137940977004,1.0020244093827688,lgbm_gpu_engineered
2025-10-14,-2.064646024028005,True,0.3764702954842638,0.3764702954842638,0.0,-0.0,0.0,0.0,-0.0,1.0555137940977004,1.0020244093827688,lgbm_gpu_engineered
2025-10-15,-2.3443318504017374,True,0.4143396582985218,0.4143396582985218,0.0,-0.0,0.0,0.0,-0.0,1.0555137940977004,1.0020244093827688,lgbm_gpu_engineered
2025-10-16,-1.588236351834038,True,0.3526528755607766,0.3526528755607766,0.0,-0.0,0.0,0.0,-0.0,1.0555137940977004,1.0020244093827688,lgbm_gpu_engineered
2025-10-17,0.6861009972426446,True,0.3416559347283888,0.3416559347283888,0.0,0.0,0.0,0.0,0.0,1.0555137940977004,1.0020244093827688,lgbm_gpu_engineered
2025-10-18,1.3698405510000455,False,0.2889007535634999,0.2889007535634999,0.0,0.0,0.0,0.0,0.0,1.0555137940977004,1.0020244093827688,lgbm_gpu_engineered
2025-10-19,1.768912239467313,False,0.37344705893674385,0.37344705893674385,0.0,0.0,0.0,0.0,0.0,1.0555137940977004,1.0020244093827688,lgbm_gpu_engineered
2025-10-20,-1.9098105646452646,True,0.38328102019627674,0.38328102019627674,0.0,-0.0,0.0,0.0,-0.0,1.0555137940977004,1.0020244093827688,lgbm_gpu_engineered
2025-10-21,-0.7267028792566799,True,0.4017353497031527,0.4017353497031527,0.0,-0.0,0.0,0.0,-0.0,1.0555137940977004,1.0020244093827688,lgbm_gpu_engineered
2025-10-22,2.2111355667553845,True,0.6141615059360818,0.6141615059360818,0.0,0.0,0.0,0.0,0.0,1.0555137940977004,1.0020244093827688,lgbm_gpu_engineered
2025-10-23,0.8759859251149305,False,0.2714504311703592,0.2714504311703592,0.0,0.0,0.0,0.0,0.0,1.0555137940977004,1.0020244093827688,lgbm_gpu_engineered
2025-10-24,0.5474045023684315,False,0.4712185656191919,0.4712185656191919,0.0,0.0,0.0,0.0,0.0,1.0555137940977004,1.0020244093827688,lgbm_gpu_engineered
2025-10-25,2.535538312743024,False,0.3238263957110748,0.3238263957110748,0.0,0.0,0.0,0.0,0.0,1.0555137940977004,1.0020244093827688,lgbm_gpu_engineered
2025-10-26,-0.30847352525406047,False,0.4747970417985638,0.4747970417985638,0.0,-0.0,0.0,0.0,-0.0,1.0555137940977004,1.0020244093827688,lgbm_gpu_engineered
2025-10-27,-1.019252462848308,True,0.6579066874889433,0.6579066874889433,1.0,-0.01019252462848308,1.0,0.001,-0.01119252462848308,1.0447554437556559,0.990809226502411,lgbm_gpu_engineered
2025-10-28,-2.5681284408657135,True,0.532519371870086,0.532519371870086,0.0,-0.0,1.0,0.001,-0.001,1.0447554437556559,0.9898184172759086,lgbm_gpu_engineered
2025-10-29,-1.5898895718551742,True,0.4378876845173623,0.4378876845173623,0.0,-0.0,0.0,0.0,-0.0,1.0447554437556559,0.9898184172759086,lgbm_gpu_engineered
2025-10-30,1.1547120379193476,True,0.46374337160587403,0.46374337160587403,0.0,0.0,0.0,0.0,0.0,1.0447554437556559,0.9898184172759086,lgbm_gpu_engineered
2025-10-31,0.4635536182247879,False,0.6995388531629848,0.6995388531629848,0.0,0.0,0.0,0.0,0.0,1.0447554437556559,0.9898184172759086,lgbm_gpu_engineered
2025-11-01,0.5229768982454308,False,0.6239709016230032,0.6239709016230032,0.0,0.0,0.0,0.0,0.0,1.0447554437556559,0.9898184172759086,lgbm_gpu_engineered
2025-11-02,-3.698585893164408,False,0.5963237685147055,0.5963237685147055,0.0,-0.0,0.0,0.0,-0.0,1.0447554437556559,0.9898184172759086,lgbm_gpu_engineered
2025-11-03,-4.652384063068105,True,0.6592398733018618,0.6592398733018618,1.0,-0.04652384063068105,1.0,0.001,-0.047523840630681054,0.9961494079923313,0.9427784445599754,lgbm_gpu_engineered
2025-11-04,2.265282648549194,True,0.5596835073478634,0.5596835073478634,0.0,0.0,1.0,0.001,-0.001,0.9961494079923313,0.9418356661154155,lgbm_gpu_engineered
2025-11-05,-2.493503798083263,True,0.5429945798571146,0.5429945798571146,0.0,-0.0,0.0,0.0,-0.0,0.9961494079923313,0.9418356661154155,lgbm_gpu_engineered
2025-11-06,2.0445121741957006,True,0.4892874463016871,0.4892874463016871,0.0,0.0,0.0,0.0,0.0,0.9961494079923313,0.9418356661154155,lgbm_gpu_engineered
2025-11-07,-1.0547196317199026,True,0.6259642577154707,0.6259642577154707,0.0,-0.0,0.0,0.0,-0.0,0.9961494079923313,0.9418356661154155,lgbm_gpu_engineered
2025-11-08,2.383137448193029,False,0.7531111846721387,0.7531111846721387,0.0,0.0,0.0,0.0,0.0,0.9961494079923313,0.9418356661154155,lgbm_gpu_engineered
2025-11-09,1.2194017448672767,False,0.4780201648799012,0.4780201648799012,0.0,0.0,0.0,0.0,0.0,0.9961494079923313,0.9418356661154155,lgbm_gpu_engineered
2025-11-10,-2.829454130454079,True,0.46656944387732163,0.46656944387732163,0.0,-0.0,0.0,0.0,-0.0,0.9961494079923313,0.9418356661154155,lgbm_gpu_engineered
2025-11-11,-1.2954505253314763,True,0.13349740265287563,0.13349740265287563,0.0,-0.0,0.0,0.0,-0.0,0.9961494079923313,0.9418356661154155,lgbm_gpu_engineered
2025-11-12,-1.933536967351135,True,0.3161515299543896,0.3161515299543896,0.0,-0.0,0.0,0.0,-0.0,0.9961494079923313,0.9418356661154155,lgbm_gpu_engineered
2025-11-13,-5.315783786249007,True,0.4113777001438379,0.4113777001438379,0.0,-0.0,0.0,0.0,-0.0,0.9961494079923313,0.9418356661154155,lgbm_gpu_engineered
2025-11-14,1.2196889211437911,True,0.39891926013417733,0.39891926013417733,0.0,0.0,0.0,0.0,0.0,0.9961494079923313,0.9418356661154155,lgbm_gpu_engineered
2025-11-15,-1.435983820826503,False,0.3510453022161259,0.3510453022161259,0.0,-0.0,0.0,0.0,-0.0,0.9961494079923313,0.9418356661154155,lgbm_gpu_engineered
2025-11-16,-2.212006537551514,True,0.2980353757357612,0.2980353757357612,0.0,-0.0,0.0,0.0,-0.0,0.9961494079923313,0.9418356661154155,lgbm_gpu_engineered
2025-11-17,0.9284005043766586,True,0.4256363505410956,0.4256363505410956,0.0,0.0,0.0,0.0,0.0,0.9961494079923313,0.9418356661154155,lgbm_gpu_engineered
2025-11-18,-1.5953746750565823,True,0.730163708440499,0.730163708440499,1.0,-0.015953746750565823,1.0,0.001,-0.016953746750565823,0.9802570926114956,0.9258680227514442,lgbm_gpu_engineered
2025-11-19,-5.28512689185111,True,0.5962460386108596,0.5962460386108596,0.0,-0.0,1.0,0.001,-0.001,0.9802570926114956,0.9249421547286928,lgbm_gpu_engineered
2025-11-20,-1.7790340109098413,True,0.7516077810204804,0.7516077810204804,1.0,-0.017790340109098413,1.0,0.001,-0.018790340109098413,0.9628179855395811,0.9075621770600983,lgbm_gpu_engineered
2025-11-21,-0.5198314151592665,True,0.525020245771026,0.525020245771026,0.0,-0.0,1.0,0.001,-0.001,0.9628179855395811,0.9066546148830382,lgbm_gpu_engineered
2025-11-22,2.5477734635657168,False,0.5065667366150268,0.5065667366150268,0.0,0.0,0.0,0.0,0.0,0.9628179855395811,0.9066546148830382,lgbm_gpu_engineered
2025-11-23,1.688329653360121,False,0.3452744437535963,0.3452744437535963,0.0,0.0,0.0,0.0,0.0,0.9628179855395811,0.9066546148830382,lgbm_gpu_engineered
2025-11-24,-1.0520742688141405,True,0.40052364825901793,0.40052364825901793,0.0,-0.0,0.0,0.0,-0.0,0.9628179855395811,0.9066546148830382,lgbm_gpu_engineered
2025-11-25,3.636830551491177,False,0.4530191730600596,0.4530191730600596,0.0,0.0,0.0,0.0,0.0,0.9628179855395811,0.9066546148830382,lgbm_gpu_engineered
2025-11-26,0.8473504729832548,True,0.22346854715408213,0.22346854715408213,0.0,0.0,0.0,0.0,0.0,0.9628179855395811,0.9066546148830382,lgbm_gpu_engineered
2025-11-27,-0.40106027389381627,False,0.13636154909923376,0.13636154909923376,0.0,-0.0,0.0,0.0,-0.0,0.9628179855395811,0.9066546148830382,lgbm_gpu_engineered
2025-11-28,-0.07425028351905061,False,0.19914495021486966,0.19914495021486966,0.0,-0.0,0.0,0.0,-0.0,0.9628179855395811,0.9066546148830382,lgbm_gpu_engineered
2025-11-29,-0.5035073877646679,False,0.10679176037123649,0.10679176037123649,0.0,-0.0,0.0,0.0,-0.0,0.9628179855395811,0.9066546148830382,lgbm_gpu_engineered
2025-11-30,-4.505529247207896,False,0.07296361396966841,0.07296361396966841,0.0,-0.0,0.0,0.0,-0.0,0.9628179855395811,0.9066546148830382,lgbm_gpu_engineered
2025-12-01,5.825464938016567,True,0.1369133948087156,0.1369133948087156,0.0,0.0,0.0,0.0,0.0,0.9628179855395811,0.9066546148830382,lgbm_gpu_engineered
2025-12-02,2.3837949867722363,True,0.3793480594502484,0.3793480594502484,0.0,0.0,0.0,0.0,0.0,0.9628179855395811,0.9066546148830382,lgbm_gpu_engineered
2025-12-03,-1.482104377550164,True,0.2125654415771104,0.2125654415771104,0.0,-0.0,0.0,0.0,-0.0,0.9628179855395811,0.9066546148830382,lgbm_gpu_engineered
2025-12-04,-2.9887330373216225,False,0.2972825360066362,0.2972825360066362,0.0,-0.0,0.0,0.0,-0.0,0.9628179855395811,0.9066546148830382,lgbm_gpu_engineered
2025-12-05,-0.12908122468182626,False,0.3499395800694685,0.3499395800694685,0.0,-0.0,0.0,0.0,-0.0,0.9628179855395811,0.9066546148830382,lgbm_gpu_engineered
2025-12-06,1.2694471554050235,False,0.25706475445273946,0.25706475445273946,0.0,0.0,0.0,0.0,0.0,0.9628179855395811,0.9066546148830382,lgbm_gpu_engineered
2025-12-07,0.25945560296725123,False,0.5809706431571304,0.5809706431571304,0.0,0.0,0.0,0.0,0.0,0.9628179855395811,0.9066546148830382,lgbm_gpu_engineered
2025-12-08,2.2633530616329445,False,0.6420731682245325,0.6420731682245325,0.0,0.0,0.0,0.0,0.0,0.9628179855395811,0.9066546148830382,lgbm_gpu_engineered
2025-12-09,-0.7236522211271801,False,0.306755835480516,0.306755835480516,0.0,-0.0,0.0,0.0,-0.0,0.9628179855395811,0.9066546148830382,lgbm_gpu_engineered
2025-12-10,0.5329119618741718,False,0.5394225111310812,0.5394225111310812,0.0,0.0,0.0,0.0,0.0,0.9628179855395811,0.9066546148830382,lgbm_gpu_engineered
2025-12-11,-2.422321386120674,False,0.14802554943645663,0.14802554943645663,0.0,-0.0,0.0,0.0,-0.0,0.9628179855395811,0.9066546148830382,lgbm_gpu_engineered
2025-12-12,0.03134678764229459,True,0.3463946346613203,0.3463946346613203,0.0,0.0,0.0,0.0,0.0,0.9628179855395811,0.9066546148830382,lgbm_gpu_engineered
2025-12-13,-2.3516739363752315,False,0.5218415652570112,0.5218415652570112,0.0,-0.0,0.0,0.0,-0.0,0.9628179855395811,0.9066546148830382,lgbm_gpu_engineered
2025-12-14,-1.9908078936967,False,0.24179334870832406,0.24179334870832406,0.0,-0.0,0.0,0.0,-0.0,0.9628179855395811,0.9066546148830382,lgbm_gpu_engineered
2025-12-15,1.6480059361409172,False,0.26469335609386935,0.26469335609386935,0.0,0.0,0.0,0.0,0.0,0.9628179855395811,0.9066546148830382,lgbm_gpu_engineered
2025-12-16,-1.935507109105894,False,0.45151190045724765,0.45151190045724765,0.0,-0.0,0.0,0.0,-0.0,0.9628179855395811,0.9066546148830382,lgbm_gpu_engineered
2025-12-17,-0.7908292107279613,False,0.28640392518959046,0.28640392518959046,0.0,-0.0,0.0,0.0,-0.0,0.9628179855395811,0.9066546148830382,lgbm_gpu_engineered
2025-12-18,3.090097713717843,False,0.7864100885144771,0.7864100885144771,0.0,0.0,0.0,0.0,0.0,0.9628179855395811,0.9066546148830382,lgbm_gpu_engineered
2025-12-19,0.2731077738661547,False,0.5058312627155304,0.5058312627155304,0.0,0.0,0.0,0.0,0.0,0.9628179855395811,0.9066546148830382,lgbm_gpu_engineered
2025-12-20,0.3143959974644561,False,0.25812497467961765,0.25812497467961765,0.0,0.0,0.0,0.0,0.0,0.9628179855395811,0.9066546148830382,lgbm_gpu_engineered
2025-12-21,-0.14864790528285043,False,0.32472064419455493,0.32472064419455493,0.0,-0.0,0.0,0.0,-0.0,0.9628179855395811,0.9066546148830382,lgbm_gpu_engineered
2025-12-22,-1.215974047919599,False,0.18602326950008619,0.18602326950008619,0.0,-0.0,0.0,0.0,-0.0,0.9628179855395811,0.9066546148830382,lgbm_gpu_engineered
2025-12-23,0.22646365284737513,False,0.27069249692913333,0.27069249692913333,0.0,0.0,0.0,0.0,0.0,0.9628179855395811,0.9066546148830382,lgbm_gpu_engineered
2025-12-24,-0.43055622310417263,False,0.2507981209951104,0.2507981209951104,0.0,-0.0,0.0,0.0,-0.0,0.9628179855395811,0.9066546148830382,lgbm_gpu_engineered
2025-12-25,0.07644603322913834,False,0.07222427522923511,0.07222427522923511,0.0,0.0,0.0,0.0,0.0,0.9628179855395811,0.9066546148830382,lgbm_gpu_engineered
2025-12-26,0.5735605525503784,False,0.5405722015254565,0.5405722015254565,0.0,0.0,0.0,0.0,0.0,0.9628179855395811,0.9066546148830382,lgbm_gpu_engineered
2025-12-27,0.038358610925337544,False,0.2588629679654686,0.2588629679654686,0.0,0.0,0.0,0.0,0.0,0.9628179855395811,0.9066546148830382,lgbm_gpu_engineered
2025-12-28,-0.7943173820266769,False,0.20857329976807087,0.20857329976807087,0.0,-0.0,0.0,0.0,-0.0,0.9628179855395811,0.9066546148830382,lgbm_gpu_engineered
2025-12-29,1.4826942349620564,False,0.29396465371046543,0.29396465371046543,0.0,0.0,0.0,0.0,0.0,0.9628179855395811,0.9066546148830382,lgbm_gpu_engineered
2025-12-30,-1.041844740246467,False,0.1418870461862231,0.1418870461862231,0.0,-0.0,0.0,0.0,-0.0,0.9628179855395811,0.9066546148830382,lgbm_gpu_engineered
2025-12-31,1.3977518339667538,False,0.32912830084329053,0.32912830084329053,0.0,0.0,0.0,0.0,0.0,0.9628179855395811,0.9066546148830382,lgbm_gpu_engineered
2026-01-01,1.3667122921255048,False,0.284518428023953,0.284518428023953,0.0,0.0,0.0,0.0,0.0,0.9628179855395811,0.9066546148830382,lgbm_gpu_engineered
2026-01-02,0.7321078638514056,False,0.5014254127764339,0.5014254127764339,0.0,0.0,0.0,0.0,0.0,0.9628179855395811,0.9066546148830382,lgbm_gpu_engineered
2026-01-03,0.8943445698309516,False,0.5128857504553526,0.5128857504553526,0.0,0.0,0.0,0.0,0.0,0.9628179855395811,0.9066546148830382,lgbm_gpu_engineered
2026-01-04,2.7009825802690735,False,0.4901999306580453,0.4901999306580453,0.0,0.0,0.0,0.0,0.0,0.9628179855395811,0.9066546148830382,lgbm_gpu_engineered
2026-01-05,-0.16352711961346023,False,0.5108240948161906,0.5108240948161906,0.0,-0.0,0.0,0.0,-0.0,0.9628179855395811,0.9066546148830382,lgbm_gpu_engineered
2026-01-06,-2.5829527204251357,False,0.376569767321391,0.376569767321391,0.0,-0.0,0.0,0.0,-0.0,0.9628179855395811,0.9066546148830382,lgbm_gpu_engineered
2026-01-07,-0.3076724046541912,False,0.3603377842150606,0.3603377842150606,0.0,-0.0,0.0,0.0,-0.0,0.9628179855395811,0.9066546148830382,lgbm_gpu_engineered
2026-01-08,-0.5646925984974294,False,0.42061571996050257,0.42061571996050257,0.0,-0.0,0.0,0.0,-0.0,0.9628179855395811,0.9066546148830382,lgbm_gpu_engineered
2026-01-09,-0.1397069847536736,False,0.20258418159603264,0.20258418159603264,0.0,-0.0,0.0,0.0,-0.0,0.9628179855395811,0.9066546148830382,lgbm_gpu_engineered
2026-01-10,0.48769647688045037,False,0.23095592587374658,0.23095592587374658,0.0,0.0,0.0,0.0,0.0,0.9628179855395811,0.9066546148830382,lgbm_gpu_engineered
2026-01-11,0.4024457429802286,False,0.2640030266782423,0.2640030266782423,0.0,0.0,0.0,0.0,0.0,0.9628179855395811,0.9066546148830382,lgbm_gpu_engineered
2026-01-12,4.527528885126264,False,0.355620370924034,0.355620370924034,0.0,0.0,0.0,0.0,0.0,0.9628179855395811,0.9066546148830382,lgbm_gpu_engineered
2026-01-13,1.6864423365986925,False,0.6077391770990584,0.6077391770990584,0.0,0.0,0.0,0.0,0.0,0.9628179855395811,0.9066546148830382,lgbm_gpu_engineered
2026-01-14,-1.421799419905967,False,0.1848099703124466,0.1848099703124466,0.0,-0.0,0.0,0.0,-0.0,0.9628179855395811,0.9066546148830382,lgbm_gpu_engineered
2026-01-15,-0.027284132392391136,False,0.2410060695295052,0.2410060695295052,0.0,-0.0,0.0,0.0,-0.0,0.9628179855395811,0.9066546148830382,lgbm_gpu_engineered
2026-01-16,-0.4451136256293897,False,0.36955721479248316,0.36955721479248316,0.0,-0.0,0.0,0.0,-0.0,0.9628179855395811,0.9066546148830382,lgbm_gpu_engineered
2026-01-17,-1.541002514624834,False,0.20085395044604668,0.20085395044604668,0.0,-0.0,0.0,0.0,-0.0,0.9628179855395811,0.9066546148830382,lgbm_gpu_engineered
2026-01-18,-1.1543146480490485,False,0.25447976845399656,0.25447976845399656,0.0,-0.0,0.0,0.0,-0.0,0.9628179855395811,0.9066546148830382,lgbm_gpu_engineered
2026-01-19,-4.584033237499218,False,0.6002426884034648,0.6002426884034648,0.0,-0.0,0.0,0.0,-0.0,0.9628179855395811,0.9066546148830382,lgbm_gpu_engineered
2026-01-20,1.2071608510981546,False,0.285990001626941,0.285990001626941,0.0,0.0,0.0,0.0,0.0,0.9628179855395811,0.9066546148830382,lgbm_gpu_engineered
2026-01-21,0.0956534957143873,False,0.6162278555796754,0.6162278555796754,0.0,0.0,0.0,0.0,0.0,0.9628179855395811,0.9066546148830382,lgbm_gpu_engineered
2026-01-22,0.04630084862766726,False,0.23799172149846787,0.23799172149846787,0.0,0.0,0.0,0.0,0.0,0.9628179855395811,0.9066546148830382,lgbm_gpu_engineered
2026-01-23,-0.439244250598092,False,0.31955582015189116,0.31955582015189116,0.0,-0.0,0.0,0.0,-0.0,0.9628179855395811,0.9066546148830382,lgbm_gpu_engineered
2026-01-24,-2.8487203509257375,False,0.15152833999016133,0.15152833999016133,0.0,-0.0,0.0,0.0,-0.0,0.9628179855395811,0.9066546148830382,lgbm_gpu_engineered
2026-01-25,1.9578126787931138,False,0.3724036651040142,0.3724036651040142,0.0,0.0,0.0,0.0,0.0,0.9628179855395811,0.9066546148830382,lgbm_gpu_engineered
2026-01-26,0.9464787027023913,False,0.37883097269008903,0.37883097269008903,0.0,0.0,0.0,0.0,0.0,0.9628179855395811,0.9066546148830382,lgbm_gpu_engineered
2026-01-27,0.09202877056453396,False,0.12848597498759123,0.12848597498759123,0.0,0.0,0.0,0.0,0.0,0.9628179855395811,0.9066546148830382,lgbm_gpu_engineered
2026-01-28,-5.183614563372574,False,0.3370940320702982,0.3370940320702982,0.0,-0.0,0.0,0.0,-0.0,0.9628179855395811,0.9066546148830382,lgbm_gpu_engineered
2026-01-29,-0.5119696877728619,False,0.4046458411710509,0.4046458411710509,0.0,-0.0,0.0,0.0,-0.0,0.9628179855395811,0.9066546148830382,lgbm_gpu_engineered
2026-01-30,-6.546567255435032,True,0.7127092275579696,0.7127092275579696,1.0,-0.06546567255435032,1.0,0.001,-0.06646567255435032,0.8997864585688077,0.8463932061303316,lgbm_gpu_engineered
2026-01-31,-2.094439679701987,True,0.6877431619513081,0.6877431619513081,1.0,-0.02094439679701987,0.0,0.0,-0.02094439679701987,0.8809409739479573,0.8286660109748362,lgbm_gpu_engineered
2026-02-01,2.2271291537603544,False,0.6351376443500839,0.6351376443500839,0.0,0.0,1.0,0.001,-0.001,0.8809409739479573,0.8278373449638613,lgbm_gpu_engineered
2026-02-02,-3.882661934945053,True,0.44272096343908324,0.44272096343908324,0.0,-0.0,0.0,0.0,-0.0,0.8809409739479573,0.8278373449638613,lgbm_gpu_engineered
2026-02-03,-3.455931736640505,True,0.6772926702747658,0.6772926702747658,1.0,-0.03455931736640505,1.0,0.001,-0.03555931736640505,0.8504962552482199,0.7984000140865292,lgbm_gpu_engineered
2026-02-04,-14.129892381358545,True,0.7207219269223285,0.7207219269223285,1.0,-0.14129892381358544,0.0,0.0,-0.14129892381358544,0.730322049674162,0.6855869513233511,lgbm_gpu_engineered
2026-02-05,12.524769126232261,True,0.7668847463553334,0.7668847463553334,1.0,0.1252476912623226,0.0,0.0,0.1252476912623226,0.8217932002738181,0.7714551341361752,lgbm_gpu_engineered
2026-02-06,-1.8048541205989532,True,0.2447070889788897,0.2447070889788897,0.0,-0.0,1.0,0.001,-0.001,0.8217932002738181,0.770683679002039,lgbm_gpu_engineered
2026-02-07,1.4184900201757111,False,0.589532234887532,0.589532234887532,0.0,0.0,0.0,0.0,0.0,0.8217932002738181,0.770683679002039,lgbm_gpu_engineered
2026-02-08,-0.20486141417196402,False,0.347375758165183,0.347375758165183,0.0,-0.0,0.0,0.0,-0.0,0.8217932002738181,0.770683679002039,lgbm_gpu_engineered
2026-02-09,-1.8921927121284043,False,0.24613015940782937,0.24613015940782937,0.0,-0.0,0.0,0.0,-0.0,0.8217932002738181,0.770683679002039,lgbm_gpu_engineered
2026-02-10,-2.619404614799148,False,0.7435090596917837,0.7435090596917837,0.0,-0.0,0.0,0.0,-0.0,0.8217932002738181,0.770683679002039,lgbm_gpu_engineered
2026-02-11,-1.1495780977477277,False,0.40056218770787694,0.40056218770787694,0.0,-0.0,0.0,0.0,-0.0,0.8217932002738181,0.770683679002039,lgbm_gpu_engineered
2026-02-12,3.9805596623848194,False,0.565760070386538,0.565760070386538,0.0,0.0,0.0,0.0,0.0,0.8217932002738181,0.770683679002039,lgbm_gpu_engineered
2026-02-13,1.3212456278809848,False,0.2876935074581252,0.2876935074581252,0.0,0.0,0.0,0.0,0.0,0.8217932002738181,0.770683679002039,lgbm_gpu_engineered
2026-02-14,-1.4038567315427408,False,0.32883915582080403,0.32883915582080403,0.0,-0.0,0.0,0.0,-0.0,0.8217932002738181,0.770683679002039,lgbm_gpu_engineered
2026-02-15,0.0799101589935125,False,0.2960931505837519,0.2960931505837519,0.0,0.0,0.0,0.0,0.0,0.8217932002738181,0.770683679002039,lgbm_gpu_engineered
2026-02-16,-1.9594358734823403,False,0.20880011104437324,0.20880011104437324,0.0,-0.0,0.0,0.0,-0.0,0.8217932002738181,0.770683679002039,lgbm_gpu_engineered
2026-02-17,-1.5836888807606253,False,0.608986911657529,0.608986911657529,0.0,-0.0,0.0,0.0,-0.0,0.8217932002738181,0.770683679002039,lgbm_gpu_engineered
2026-02-18,0.8012052068341324,False,0.5081252028042696,0.5081252028042696,0.0,0.0,0.0,0.0,0.0,0.8217932002738181,0.770683679002039,lgbm_gpu_engineered
2026-02-19,1.5650197075734784,False,0.6816401492396595,0.6816401492396595,0.0,0.0,0.0,0.0,0.0,0.8217932002738181,0.770683679002039,lgbm_gpu_engineered
2026-02-20,-0.002435467576455963,False,0.520346526116867,0.520346526116867,0.0,-0.0,0.0,0.0,-0.0,0.8217932002738181,0.770683679002039,lgbm_gpu_engineered
2026-02-21,-0.5064057803784272,False,0.27482528620439195,0.27482528620439195,0.0,-0.0,0.0,0.0,-0.0,0.8217932002738181,0.770683679002039,lgbm_gpu_engineered
2026-02-22,-4.497014110892317,False,0.6738499832717573,0.6738499832717573,0.0,-0.0,0.0,0.0,-0.0,0.8217932002738181,0.770683679002039,lgbm_gpu_engineered
2026-02-23,-0.8305824880296298,False,0.22953770195001066,0.22953770195001066,0.0,-0.0,0.0,0.0,-0.0,0.8217932002738181,0.770683679002039,lgbm_gpu_engineered
2026-02-24,6.055055289432643,False,0.5392179406650363,0.5392179406650363,0.0,0.0,0.0,0.0,0.0,0.8217932002738181,0.770683679002039,lgbm_gpu_engineered
2026-02-25,-0.7450715585058165,False,0.38994984177398795,0.38994984177398795,0.0,-0.0,0.0,0.0,-0.0,0.8217932002738181,0.770683679002039,lgbm_gpu_engineered
2026-02-26,-2.3304501473983996,False,0.3974997286593233,0.3974997286593233,0.0,-0.0,0.0,0.0,-0.0,0.8217932002738181,0.770683679002039,lgbm_gpu_engineered
2026-02-27,1.6910019957618205,False,0.2590209724384475,0.2590209724384475,0.0,0.0,0.0,0.0,0.0,0.8217932002738181,0.770683679002039,lgbm_gpu_engineered
2026-02-28,-1.8773664883674046,False,0.4606351566909663,0.4606351566909663,0.0,-0.0,0.0,0.0,-0.0,0.8217932002738181,0.770683679002039,lgbm_gpu_engineered
2026-03-01,4.620988327616793,False,0.3154560015309092,0.3154560015309092,0.0,0.0,0.0,0.0,0.0,0.8217932002738181,0.770683679002039,lgbm_gpu_engineered
2026-03-02,-0.7011227255569463,False,0.4212834698578428,0.4212834698578428,0.0,-0.0,0.0,0.0,-0.0,0.8217932002738181,0.770683679002039,lgbm_gpu_engineered
2026-03-03,6.467555605177866,False,0.5552142360314906,0.5552142360314906,0.0,0.0,0.0,0.0,0.0,0.8217932002738181,0.770683679002039,lgbm_gpu_engineered
2026-03-04,-2.5710882421896564,True,0.7213015531704637,0.7213015531704637,1.0,-0.025710882421896564,1.0,0.001,-0.026710882421896565,0.8006641719264639,0.7500980378677409,lgbm_gpu_engineered
2026-03-05,-3.8178851796890623,False,0.6838239617119359,0.6838239617119359,0.0,-0.0,1.0,0.001,-0.001,0.8006641719264639,0.7493479398298731,lgbm_gpu_engineered
2026-03-06,-1.267893913767526,False,0.4649141987417737,0.4649141987417737,0.0,-0.0,0.0,0.0,-0.0,0.8006641719264639,0.7493479398298731,lgbm_gpu_engineered
2026-03-07,-1.936617019467901,False,0.44337768757233653,0.44337768757233653,0.0,-0.0,0.0,0.0,-0.0,0.8006641719264639,0.7493479398298731,lgbm_gpu_engineered
2026-03-08,3.6874482776915407,False,0.47414071536878727,0.47414071536878727,0.0,0.0,0.0,0.0,0.0,0.8006641719264639,0.7493479398298731,lgbm_gpu_engineered
2026-03-09,2.228780635725758,False,0.6035560866344637,0.6035560866344637,0.0,0.0,0.0,0.0,0.0,0.8006641719264639,0.7493479398298731,lgbm_gpu_engineered
2026-03-10,0.3975020350486469,False,0.42063364802659803,0.42063364802659803,0.0,0.0,0.0,0.0,0.0,0.8006641719264639,0.7493479398298731,lgbm_gpu_engineered
2026-03-11,0.4110513591636167,False,0.5205544551820477,0.5205544551820477,0.0,0.0,0.0,0.0,0.0,0.8006641719264639,0.7493479398298731,lgbm_gpu_engineered
2026-03-12,0.6735442992662266,False,0.355968639022303,0.355968639022303,0.0,0.0,0.0,0.0,0.0,0.8006641719264639,0.7493479398298731,lgbm_gpu_engineered
2026-03-13,0.34714019404360474,False,0.6070098345074754,0.6070098345074754,0.0,0.0,0.0,0.0,0.0,0.8006641719264639,0.7493479398298731,lgbm_gpu_engineered
2026-03-14,2.212030271169718,False,0.37766994661785447,0.37766994661785447,0.0,0.0,0.0,0.0,0.0,0.8006641719264639,0.7493479398298731,lgbm_gpu_engineered
2026-03-17,-3.62122396594321,False,0.3845741522437018,0.3845741522437018,0.0,-0.0,0.0,0.0,-0.0,0.8006641719264639,0.7493479398298731,lgbm_gpu_engineered
2026-03-18,-1.8706972384470388,False,0.6682088124541494,0.6682088124541494,0.0,-0.0,0.0,0.0,-0.0,0.8006641719264639,0.7493479398298731,lgbm_gpu_engineered
2026-03-19,0.8722250723753211,False,0.32830235276880904,0.32830235276880904,0.0,0.0,0.0,0.0,0.0,0.8006641719264639,0.7493479398298731,lgbm_gpu_engineered
2026-03-20,-2.5680602546325204,False,0.7369624506476086,0.7369624506476086,0.0,-0.0,0.0,0.0,-0.0,0.8006641719264639,0.7493479398298731,lgbm_gpu_engineered
2026-03-21,-1.2607965253281006,False,0.39650032840038035,0.39650032840038035,0.0,-0.0,0.0,0.0,-0.0,0.8006641719264639,0.7493479398298731,lgbm_gpu_engineered
2026-03-22,4.524488014825101,False,0.4210007596504918,0.4210007596504918,0.0,0.0,0.0,0.0,0.0,0.8006641719264639,0.7493479398298731,lgbm_gpu_engineered
2026-03-23,-0.5598262529164066,False,0.6600519373253076,0.6600519373253076,0.0,-0.0,0.0,0.0,-0.0,0.8006641719264639,0.7493479398298731,lgbm_gpu_engineered
2026-03-24,1.1231529778693128,False,0.5617605578767527,0.5617605578767527,0.0,0.0,0.0,0.0,0.0,0.8006641719264639,0.7493479398298731,lgbm_gpu_engineered
2026-03-25,-3.531428903229905,False,0.4207056590550561,0.4207056590550561,0.0,-0.0,0.0,0.0,-0.0,0.8006641719264639,0.7493479398298731,lgbm_gpu_engineered
2026-03-26,-3.5662044616623034,False,0.5162766702323651,0.5162766702323651,0.0,-0.0,0.0,0.0,-0.0,0.8006641719264639,0.7493479398298731,lgbm_gpu_engineered
2026-03-27,-0.02815819275042708,False,0.5879084991285551,0.5879084991285551,0.0,-0.0,0.0,0.0,-0.0,0.8006641719264639,0.7493479398298731,lgbm_gpu_engineered
2026-03-28,-0.5500227885263609,False,0.48654066366462434,0.48654066366462434,0.0,-0.0,0.0,0.0,-0.0,0.8006641719264639,0.7493479398298731,lgbm_gpu_engineered
2026-03-29,1.116707315484189,False,0.554038214455357,0.554038214455357,0.0,0.0,0.0,0.0,0.0,0.8006641719264639,0.7493479398298731,lgbm_gpu_engineered
2026-03-30,2.311941479563351,False,0.7892413028685863,0.7892413028685863,0.0,0.0,0.0,0.0,0.0,0.8006641719264639,0.7493479398298731,lgbm_gpu_engineered
2026-03-31,-0.22680682914228978,False,0.20655635727395877,0.20655635727395877,0.0,-0.0,0.0,0.0,-0.0,0.8006641719264639,0.7493479398298731,lgbm_gpu_engineered
2026-04-01,-1.7479577533077273,False,0.4111959949485235,0.4111959949485235,0.0,-0.0,0.0,0.0,-0.0,0.8006641719264639,0.7493479398298731,lgbm_gpu_engineered
2026-04-02,0.06358522809097877,False,0.20118490629208896,0.20118490629208896,0.0,0.0,0.0,0.0,0.0,0.8006641719264639,0.7493479398298731,lgbm_gpu_engineered
2026-04-03,0.5369911059425414,False,0.12454411777163524,0.12454411777163524,0.0,0.0,0.0,0.0,0.0,0.8006641719264639,0.7493479398298731,lgbm_gpu_engineered
2026-04-04,2.513553056906015,False,0.27906036606735124,0.27906036606735124,0.0,0.0,0.0,0.0,0.0,0.8006641719264639,0.7493479398298731,lgbm_gpu_engineered
2026-04-05,-0.17695992030517527,False,0.2090203222278593,0.2090203222278593,0.0,-0.0,0.0,0.0,-0.0,0.8006641719264639,0.7493479398298731,lgbm_gpu_engineered
2026-04-06,4.474125312086663,False,0.38025947973117796,0.38025947973117796,0.0,0.0,0.0,0.0,0.0,0.8006641719264639,0.7493479398298731,lgbm_gpu_engineered
2026-04-07,-1.1361353371537541,False,0.6973396448602378,0.6973396448602378,0.0,-0.0,0.0,0.0,-0.0,0.8006641719264639,0.7493479398298731,lgbm_gpu_engineered
2026-04-08,0.9061281070850802,False,0.4548171298418314,0.4548171298418314,0.0,0.0,0.0,0.0,0.0,0.8006641719264639,0.7493479398298731,lgbm_gpu_engineered
2026-04-09,1.6876904061948084,False,0.4833539261635816,0.4833539261635816,0.0,0.0,0.0,0.0,0.0,0.8006641719264639,0.7493479398298731,lgbm_gpu_engineered
2026-04-10,0.10307967248304184,False,0.5626596563387076,0.5626596563387076,0.0,0.0,0.0,0.0,0.0,0.8006641719264639,0.7493479398298731,lgbm_gpu_engineered
2026-04-11,-3.1495312720733026,False,0.41424509084447797,0.41424509084447797,0.0,-0.0,0.0,0.0,-0.0,0.8006641719264639,0.7493479398298731,lgbm_gpu_engineered
2026-04-12,5.273575609654846,False,0.3727547852247332,0.3727547852247332,0.0,0.0,0.0,0.0,0.0,0.8006641719264639,0.7493479398298731,lgbm_gpu_engineered
2026-04-13,-0.40683723175310993,False,0.7801493140727861,0.7801493140727861,0.0,-0.0,0.0,0.0,-0.0,0.8006641719264639,0.7493479398298731,lgbm_gpu_engineered
2026-04-14,0.8404626904874313,False,0.2851255886863416,0.2851255886863416,0.0,0.0,0.0,0.0,0.0,0.8006641719264639,0.7493479398298731,lgbm_gpu_engineered
2026-04-15,0.4639453579876829,False,0.536161818131723,0.536161818131723,0.0,0.0,0.0,0.0,0.0,0.8006641719264639,0.7493479398298731,lgbm_gpu_engineered
2026-04-16,2.627659540184779,False,0.6490746276070704,0.6490746276070704,0.0,0.0,0.0,0.0,0.0,0.8006641719264639,0.7493479398298731,lgbm_gpu_engineered
2026-04-17,-1.8950106561428814,False,0.27197243008138045,0.27197243008138045,0.0,-0.0,0.0,0.0,-0.0,0.8006641719264639,0.7493479398298731,lgbm_gpu_engineered
2024-11-26,4.323745271515378,True,0.5655467510223389,0.5655467510223389,0.0,0.0,0.0,0.0,0.0,1.0,1.0,xgb_gpu_engineered
2024-11-27,-0.32310787967048116,True,0.4239424169063568,0.4239424169063568,0.0,-0.0,0.0,0.0,-0.0,1.0,1.0,xgb_gpu_engineered
2024-11-28,1.8912786163713058,True,0.4521481990814209,0.4521481990814209,0.0,0.0,0.0,0.0,0.0,1.0,1.0,xgb_gpu_engineered
2024-11-29,-1.0388394458550332,True,0.6357586979866028,0.6357586979866028,1.0,-0.010388394458550332,1.0,0.001,-0.011388394458550333,0.9896116055414497,0.9886116055414497,xgb_gpu_engineered
2024-11-30,0.8613193542348574,False,0.5409092903137207,0.5409092903137207,0.0,0.0,1.0,0.001,-0.001,0.9896116055414497,0.9876229939359082,xgb_gpu_engineered
2024-12-01,-1.454037255458307,False,0.377148300409317,0.377148300409317,0.0,-0.0,0.0,0.0,-0.0,0.9896116055414497,0.9876229939359082,xgb_gpu_engineered
2024-12-02,0.1427621551364444,True,0.5461432337760925,0.5461432337760925,0.0,0.0,0.0,0.0,0.0,0.9896116055414497,0.9876229939359082,xgb_gpu_engineered
2024-12-03,2.881567529768403,True,0.4377952218055725,0.4377952218055725,0.0,0.0,0.0,0.0,0.0,0.9896116055414497,0.9876229939359082,xgb_gpu_engineered
2024-12-04,-2.2020788503929523,True,0.6320237517356873,0.6320237517356873,1.0,-0.022020788503929523,1.0,0.001,-0.023020788503929523,0.9678195776747873,0.964887133870892,xgb_gpu_engineered
2024-12-05,3.444474217316973,True,0.5671047568321228,0.5671047568321228,0.0,0.0,1.0,0.001,-0.001,0.9678195776747873,0.9639222467370211,xgb_gpu_engineered
2024-12-06,0.002627082989481444,True,0.6500983238220215,0.6500983238220215,1.0,2.627082989481444e-05,1.0,0.001,-0.0009737291701051856,0.9678450030982813,0.96298364752766,xgb_gpu_engineered
2024-12-07,1.3136868131795154,True,0.4872095286846161,0.4872095286846161,0.0,0.0,1.0,0.001,-0.001,0.9678450030982813,0.9620206638801323,xgb_gpu_engineered
2024-12-08,-3.7568614800964073,True,0.45051154494285583,0.45051154494285583,0.0,-0.0,0.0,0.0,-0.0,0.9678450030982813,0.9620206638801323,xgb_gpu_engineered
2024-12-09,-0.7772430783165474,True,0.43401873111724854,0.43401873111724854,0.0,-0.0,0.0,0.0,-0.0,0.9678450030982813,0.9620206638801323,xgb_gpu_engineered
2024-12-10,4.652269534294651,True,0.7122220396995544,0.7122220396995544,1.0,0.04652269534294651,1.0,0.001,0.045522695342946506,1.0128717613166156,1.0058144374755666,xgb_gpu_engineered
2024-12-11,-1.1169293200355757,True,0.7097038626670837,0.7097038626670837,1.0,-0.011169293200355757,0.0,0.0,-0.011169293200355757,1.0015586996401096,0.9945802011182512,xgb_gpu_engineered
2024-12-12,1.4156490833941326,True,0.5399649143218994,0.5399649143218994,0.0,0.0,1.0,0.001,-0.001,1.0015586996401096,0.993585620917133,xgb_gpu_engineered
2024-12-13,-0.08504799301751742,True,0.5706616044044495,0.5706616044044495,0.0,-0.0,0.0,0.0,-0.0,1.0015586996401096,0.993585620917133,xgb_gpu_engineered
2024-12-14,2.886101293644905,True,0.4592971205711365,0.4592971205711365,0.0,0.0,0.0,0.0,0.0,1.0015586996401096,0.993585620917133,xgb_gpu_engineered
2024-12-15,1.6596788984881483,True,0.5609752535820007,0.5609752535820007,0.0,0.0,0.0,0.0,0.0,1.0015586996401096,0.993585620917133,xgb_gpu_engineered
2024-12-16,0.1045771070669721,True,0.5596736073493958,0.5596736073493958,0.0,0.0,0.0,0.0,0.0,1.0015586996401096,0.993585620917133,xgb_gpu_engineered
2024-12-17,-5.746210601989676,True,0.5404629707336426,0.5404629707336426,0.0,-0.0,0.0,0.0,-0.0,1.0015586996401096,0.993585620917133,xgb_gpu_engineered
2024-12-18,-2.5495268879325628,True,0.5549182891845703,0.5549182891845703,0.0,-0.0,0.0,0.0,-0.0,1.0015586996401096,0.993585620917133,xgb_gpu_engineered
2024-12-19,0.2717960528709318,True,0.6630395650863647,0.6630395650863647,1.0,0.002717960528709318,1.0,0.001,0.0017179605287093178,1.0042808966529169,0.9952925617957619,xgb_gpu_engineered
2024-12-20,-0.5433973434635808,True,0.7357407212257385,0.7357407212257385,1.0,-0.005433973434635808,0.0,0.0,-0.005433973434635808,0.9988236609395927,0.989884168455273,xgb_gpu_engineered
2024-12-21,-2.1802983021374844,True,0.677963376045227,0.677963376045227,1.0,-0.021802983021374844,0.0,0.0,-0.021802983021374844,0.9770463256187794,0.968301740737315,xgb_gpu_engineered
2024-12-22,-0.4402456102765462,True,0.6163269281387329,0.6163269281387329,1.0,-0.004402456102765462,0.0,0.0,-0.004402456102765462,0.9727449220598744,0.9640388348294876,xgb_gpu_engineered
2024-12-23,4.213760595334648,True,0.6003406643867493,0.6003406643867493,0.0,0.0,1.0,0.001,-0.001,0.9727449220598744,0.9630747959946581,xgb_gpu_engineered
2024-12-24,0.6314615210434305,True,0.7225072383880615,0.7225072383880615,1.0,0.0063146152104343045,1.0,0.001,0.0053146152104343045,0.9788874319405864,0.9681931679542373,xgb_gpu_engineered
2024-12-25,-3.528406928650052,False,0.45390385389328003,0.45390385389328003,0.0,-0.0,1.0,0.001,-0.001,0.9788874319405864,0.967224974786283,xgb_gpu_engineered
2024-12-26,-1.7022260795415023,True,0.48610347509384155,0.48610347509384155,0.0,-0.0,0.0,0.0,-0.0,0.9788874319405864,0.967224974786283,xgb_gpu_engineered
2024-12-27,1.0609799867287384,True,0.5759310722351074,0.5759310722351074,0.0,0.0,0.0,0.0,0.0,0.9788874319405864,0.967224974786283,xgb_gpu_engineered
2024-12-28,-1.7167251608511402,False,0.3651524484157562,0.3651524484157562,0.0,-0.0,0.0,0.0,-0.0,0.9788874319405864,0.967224974786283,xgb_gpu_engineered
2024-12-29,-0.948373223930199,False,0.4227774739265442,0.4227774739265442,0.0,-0.0,0.0,0.0,-0.0,0.9788874319405864,0.967224974786283,xgb_gpu_engineered
2024-12-30,0.8484077565384274,True,0.6391708254814148,0.6391708254814148,1.0,0.008484077565384274,1.0,0.001,0.007484077565384274,0.9871923888409501,0.9744637615207605,xgb_gpu_engineered
2024-12-31,1.060219561302178,True,0.6778430938720703,0.6778430938720703,1.0,0.010602195613021781,0.0,0.0,0.010602195613021781,0.997658795655128,0.9847952169382046,xgb_gpu_engineered
2025-01-01,2.6129247147606893,False,0.3616373538970947,0.3616373538970947,0.0,0.0,1.0,0.001,-0.001,0.997658795655128,0.9838104217212664,xgb_gpu_engineered
2025-01-02,1.2597729955682757,True,0.6177611947059631,0.6177611947059631,1.0,0.012597729955682757,1.0,0.001,0.011597729955682756,1.010227031750703,0.9952203893199759,xgb_gpu_engineered
2025-01-03,0.13128146911018934,False,0.7011340856552124,0.7011340856552124,0.0,0.0,1.0,0.001,-0.001,1.010227031750703,0.9942251689306559,xgb_gpu_engineered
2025-01-04,0.0801480042089242,False,0.26369521021842957,0.26369521021842957,0.0,0.0,0.0,0.0,0.0,1.010227031750703,0.9942251689306559,xgb_gpu_engineered
2025-01-05,3.8276219245942267,False,0.2649659216403961,0.2649659216403961,0.0,0.0,0.0,0.0,0.0,1.010227031750703,0.9942251689306559,xgb_gpu_engineered
2025-01-07,-1.9388436629511285,True,0.49494674801826477,0.49494674801826477,0.0,-0.0,0.0,0.0,-0.0,1.010227031750703,0.9942251689306559,xgb_gpu_engineered
2025-01-08,-2.6929603222076492,True,0.6034333109855652,0.6034333109855652,0.0,-0.0,0.0,0.0,-0.0,1.010227031750703,0.9942251689306559,xgb_gpu_engineered
2025-01-09,2.3976181025154863,True,0.48298439383506775,0.48298439383506775,0.0,0.0,0.0,0.0,0.0,1.010227031750703,0.9942251689306559,xgb_gpu_engineered
2025-01-10,-0.1424047578467369,True,0.6054224967956543,0.6054224967956543,0.0,-0.0,0.0,0.0,-0.0,1.010227031750703,0.9942251689306559,xgb_gpu_engineered
2025-01-11,-0.08264678561502592,False,0.383250892162323,0.383250892162323,0.0,-0.0,0.0,0.0,-0.0,1.010227031750703,0.9942251689306559,xgb_gpu_engineered
2025-01-12,0.029724205673309356,False,0.3135700523853302,0.3135700523853302,0.0,0.0,0.0,0.0,0.0,1.010227031750703,0.9942251689306559,xgb_gpu_engineered
2025-01-13,2.1345722040169157,True,0.6175301671028137,0.6175301671028137,1.0,0.021345722040169157,1.0,0.001,0.020345722040169156,1.0317910571679185,1.0144533978630594,xgb_gpu_engineered
2025-01-14,4.11299996325778,True,0.4533771574497223,0.4533771574497223,0.0,0.0,1.0,0.001,-0.001,1.0317910571679185,1.0134389444651963,xgb_gpu_engineered
2025-01-15,-0.7438333563293043,True,0.6673887968063354,0.6673887968063354,1.0,-0.0074383335632930425,1.0,0.001,-0.008438333563293043,1.0241162511170807,1.0048872086057674,xgb_gpu_engineered
2025-01-16,4.716598568833419,True,0.37034884095191956,0.37034884095191956,0.0,0.0,1.0,0.001,-0.001,1.0241162511170807,1.0038823213971617,xgb_gpu_engineered
2025-01-17,-0.051663504258914195,True,0.6409543752670288,0.6409543752670288,1.0,-0.000516635042589142,1.0,0.001,-0.001516635042589142,1.0235871567740686,1.002359798289895,xgb_gpu_engineered
2025-01-18,-3.1783567377192568,True,0.6089689135551453,0.6089689135551453,1.0,-0.03178356737719257,0.0,0.0,-0.03178356737719257,0.991053905410311,0.970501228104759,xgb_gpu_engineered
2025-01-19,0.9170622908047932,True,0.719242513179779,0.719242513179779,1.0,0.009170622908047932,0.0,0.0,0.009170622908047932,1.0001424870583773,0.9794013288995052,xgb_gpu_engineered
2025-01-20,4.047967653568851,True,0.43165352940559387,0.43165352940559387,0.0,0.0,1.0,0.001,-0.001,1.0001424870583773,0.9784219275706056,xgb_gpu_engineered
2025-01-21,-2.3488299826845638,True,0.46233999729156494,0.46233999729156494,0.0,-0.0,0.0,0.0,-0.0,1.0001424870583773,0.9784219275706056,xgb_gpu_engineered
2025-01-22,0.2962783076025932,True,0.46724966168403625,0.46724966168403625,0.0,0.0,0.0,0.0,0.0,1.0001424870583773,0.9784219275706056,xgb_gpu_engineered
2025-01-23,0.8265785680243276,True,0.6414638757705688,0.6414638757705688,1.0,0.008265785680243276,1.0,0.001,0.007265785680243276,1.0084094505061072,0.9855309316011843,xgb_gpu_engineered
2025-01-24,-0.10001569662844156,True,0.48191988468170166,0.48191988468170166,0.0,-0.0,1.0,0.001,-0.001,1.0084094505061072,0.9845454006695832,xgb_gpu_engineered
2025-01-25,-1.9406534499448846,False,0.24576182663440704,0.24576182663440704,0.0,-0.0,0.0,0.0,-0.0,1.0084094505061072,0.9845454006695832,xgb_gpu_engineered
2025-01-26,-0.5792734886665207,False,0.2597459852695465,0.2597459852695465,0.0,-0.0,0.0,0.0,-0.0,1.0084094505061072,0.9845454006695832,xgb_gpu_engineered
2025-01-27,-0.7397669160641884,True,0.5385136604309082,0.5385136604309082,0.0,-0.0,0.0,0.0,-0.0,1.0084094505061072,0.9845454006695832,xgb_gpu_engineered
2025-01-28,2.3395602825692086,True,0.5210275650024414,0.5210275650024414,0.0,0.0,0.0,0.0,0.0,1.0084094505061072,0.9845454006695832,xgb_gpu_engineered
2025-01-29,0.9952379879751394,True,0.4716945290565491,0.4716945290565491,0.0,0.0,0.0,0.0,0.0,1.0084094505061072,0.9845454006695832,xgb_gpu_engineered
2025-01-30,-2.2249243050878498,False,0.37001097202301025,0.37001097202301025,0.0,-0.0,0.0,0.0,-0.0,1.0084094505061072,0.9845454006695832,xgb_gpu_engineered
2025-01-31,-1.7080384621634526,True,0.5316431522369385,0.5316431522369385,0.0,-0.0,0.0,0.0,-0.0,1.0084094505061072,0.9845454006695832,xgb_gpu_engineered
2025-02-01,-2.947596219670423,False,0.5061795115470886,0.5061795115470886,0.0,-0.0,0.0,0.0,-0.0,1.0084094505061072,0.9845454006695832,xgb_gpu_engineered
2025-02-02,3.804365081173988,True,0.4723378121852875,0.4723378121852875,0.0,0.0,0.0,0.0,0.0,1.0084094505061072,0.9845454006695832,xgb_gpu_engineered
2025-02-03,-3.4846278405663456,True,0.39917418360710144,0.39917418360710144,0.0,-0.0,0.0,0.0,-0.0,1.0084094505061072,0.9845454006695832,xgb_gpu_engineered
2025-02-04,-1.2836943218062724,True,0.4627080261707306,0.4627080261707306,0.0,-0.0,0.0,0.0,-0.0,1.0084094505061072,0.9845454006695832,xgb_gpu_engineered
2025-02-05,-0.022924323774897726,True,0.4711395800113678,0.4711395800113678,0.0,-0.0,0.0,0.0,-0.0,1.0084094505061072,0.9845454006695832,xgb_gpu_engineered
2025-02-06,-0.06647556256734743,False,0.6024426817893982,0.6024426817893982,0.0,-0.0,0.0,0.0,-0.0,1.0084094505061072,0.9845454006695832,xgb_gpu_engineered
2025-02-07,-0.04830959709924976,True,0.4775694012641907,0.4775694012641907,0.0,-0.0,0.0,0.0,-0.0,1.0084094505061072,0.9845454006695832,xgb_gpu_engineered
2025-02-08,0.018283765004545316,False,0.34868553280830383,0.34868553280830383,0.0,0.0,0.0,0.0,0.0,1.0084094505061072,0.9845454006695832,xgb_gpu_engineered
2025-02-09,0.9714611676219231,False,0.2486836016178131,0.2486836016178131,0.0,0.0,0.0,0.0,0.0,1.0084094505061072,0.9845454006695832,xgb_gpu_engineered
2025-02-10,-1.7345724709743937,False,0.3636501133441925,0.3636501133441925,0.0,-0.0,0.0,0.0,-0.0,1.0084094505061072,0.9845454006695832,xgb_gpu_engineered
2025-02-11,2.233406885677658,False,0.3885827660560608,0.3885827660560608,0.0,0.0,0.0,0.0,0.0,1.0084094505061072,0.9845454006695832,xgb_gpu_engineered
2025-02-12,-1.2892487184132717,True,0.4030360281467438,0.4030360281467438,0.0,-0.0,0.0,0.0,-0.0,1.0084094505061072,0.9845454006695832,xgb_gpu_engineered
2025-02-13,0.9160278803397981,False,0.41106706857681274,0.41106706857681274,0.0,0.0,0.0,0.0,0.0,1.0084094505061072,0.9845454006695832,xgb_gpu_engineered
2025-02-14,0.07320640697474623,False,0.459595650434494,0.459595650434494,0.0,0.0,0.0,0.0,0.0,1.0084094505061072,0.9845454006695832,xgb_gpu_engineered
2025-02-15,-1.4401672980240199,False,0.2049965113401413,0.2049965113401413,0.0,-0.0,0.0,0.0,-0.0,1.0084094505061072,0.9845454006695832,xgb_gpu_engineered
2025-02-16,-0.41762236235300954,False,0.37287214398384094,0.37287214398384094,0.0,-0.0,0.0,0.0,-0.0,1.0084094505061072,0.9845454006695832,xgb_gpu_engineered
2025-02-17,-0.24415545387781457,False,0.5380124449729919,0.5380124449729919,0.0,-0.0,0.0,0.0,-0.0,1.0084094505061072,0.9845454006695832,xgb_gpu_engineered
2025-02-18,1.1472343504350446,False,0.5565059185028076,0.5565059185028076,0.0,0.0,0.0,0.0,0.0,1.0084094505061072,0.9845454006695832,xgb_gpu_engineered
2025-02-19,1.7574558032842136,False,0.44109728932380676,0.44109728932380676,0.0,0.0,0.0,0.0,0.0,1.0084094505061072,0.9845454006695832,xgb_gpu_engineered
2025-02-20,-2.245807176184722,False,0.4327099621295929,0.4327099621295929,0.0,-0.0,0.0,0.0,-0.0,1.0084094505061072,0.9845454006695832,xgb_gpu_engineered
2025-02-21,0.47043783073406065,True,0.4323546886444092,0.4323546886444092,0.0,0.0,0.0,0.0,0.0,1.0084094505061072,0.9845454006695832,xgb_gpu_engineered
2025-02-22,-0.31460239332733453,False,0.4179271161556244,0.4179271161556244,0.0,-0.0,0.0,0.0,-0.0,1.0084094505061072,0.9845454006695832,xgb_gpu_engineered
2025-02-23,-5.043681513571874,False,0.28237003087997437,0.28237003087997437,0.0,-0.0,0.0,0.0,-0.0,1.0084094505061072,0.9845454006695832,xgb_gpu_engineered
2025-02-24,-2.9337712021491935,False,0.4667135179042816,0.4667135179042816,0.0,-0.0,0.0,0.0,-0.0,1.0084094505061072,0.9845454006695832,xgb_gpu_engineered
2025-02-25,-4.94629004695274,True,0.6623565554618835,0.6623565554618835,1.0,-0.0494629004695274,1.0,0.001,-0.0504629004695274,0.9585305942231928,0.934862384107863,xgb_gpu_engineered
2025-02-26,0.4234922709094535,True,0.48750296235084534,0.48750296235084534,0.0,0.0,1.0,0.001,-0.001,0.9585305942231928,0.9339275217237551,xgb_gpu_engineered
2025-02-27,-0.3910297790814532,True,0.5341615676879883,0.5341615676879883,0.0,-0.0,0.0,0.0,-0.0,0.9585305942231928,0.9339275217237551,xgb_gpu_engineered
2025-02-28,1.9661575342751147,True,0.6227833032608032,0.6227833032608032,1.0,0.019661575342751147,1.0,0.001,0.018661575342751147,0.9773768157198441,0.9513560805350718,xgb_gpu_engineered
2025-03-01,9.550452979612857,False,0.5370076298713684,0.5370076298713684,0.0,0.0,1.0,0.001,-0.001,0.9773768157198441,0.9504047244545367,xgb_gpu_engineered
2025-03-02,-8.682040111941614,True,0.3407244384288788,0.3407244384288788,0.0,-0.0,0.0,0.0,-0.0,0.9773768157198441,0.9504047244545367,xgb_gpu_engineered
2025-03-03,1.3437685575495406,True,0.6213863492012024,0.6213863492012024,1.0,0.013437685575495406,1.0,0.001,0.012437685575495405,0.9905104980582663,0.9622255595867675,xgb_gpu_engineered
2025-03-04,3.899657851208138,True,0.5247188806533813,0.5247188806533813,0.0,0.0,1.0,0.001,-0.001,0.9905104980582663,0.9612633340271807,xgb_gpu_engineered
2025-03-05,-0.7303133084179958,True,0.6816461682319641,0.6816461682319641,1.0,-0.007303133084179958,1.0,0.001,-0.008303133084179959,0.9832766680696694,0.9532818366358105,xgb_gpu_engineered
2025-03-06,-3.57824911826653,False,0.5193986892700195,0.5193986892700195,0.0,-0.0,1.0,0.001,-0.001,0.9832766680696694,0.9523285547991747,xgb_gpu_engineered
2025-03-07,-0.6779571257010009,True,0.5090007185935974,0.5090007185935974,0.0,-0.0,0.0,0.0,-0.0,0.9832766680696694,0.9523285547991747,xgb_gpu_engineered
2025-03-08,-6.44603432710168,False,0.3913269340991974,0.3913269340991974,0.0,-0.0,0.0,0.0,-0.0,0.9832766680696694,0.9523285547991747,xgb_gpu_engineered
2025-03-09,-2.567012890361897,False,0.3304336369037628,0.3304336369037628,0.0,-0.0,0.0,0.0,-0.0,0.9832766680696694,0.9523285547991747,xgb_gpu_engineered
2025-03-10,5.513944554449135,True,0.610244631767273,0.610244631767273,1.0,0.05513944554449135,1.0,0.001,0.05413944554449135,1.0374939983638658,1.0038870947321885,xgb_gpu_engineered
2025-03-11,1.0380466895202334,True,0.4765418469905853,0.4765418469905853,0.0,0.0,1.0,0.001,-0.001,1.0374939983638658,1.0028832076374563,xgb_gpu_engineered
2025-03-12,-3.17197970748182,False,0.4847763180732727,0.4847763180732727,0.0,-0.0,0.0,0.0,-0.0,1.0374939983638658,1.0028832076374563,xgb_gpu_engineered
2025-03-13,3.580259620308812,False,0.4841378331184387,0.4841378331184387,0.0,0.0,0.0,0.0,0.0,1.0374939983638658,1.0028832076374563,xgb_gpu_engineered
2025-03-14,0.44541123525254633,False,0.6163077354431152,0.6163077354431152,0.0,0.0,0.0,0.0,0.0,1.0374939983638658,1.0028832076374563,xgb_gpu_engineered
2025-03-15,-2.0907717157540473,False,0.30941593647003174,0.30941593647003174,0.0,-0.0,0.0,0.0,-0.0,1.0374939983638658,1.0028832076374563,xgb_gpu_engineered
2025-03-16,1.8115835083536647,False,0.23213087022304535,0.23213087022304535,0.0,0.0,0.0,0.0,0.0,1.0374939983638658,1.0028832076374563,xgb_gpu_engineered
2025-03-17,-1.6142449028442418,False,0.32526758313179016,0.32526758313179016,0.0,-0.0,0.0,0.0,-0.0,1.0374939983638658,1.0028832076374563,xgb_gpu_engineered
2025-03-18,4.9997601050550955,False,0.2631627321243286,0.2631627321243286,0.0,0.0,0.0,0.0,0.0,1.0374939983638658,1.0028832076374563,xgb_gpu_engineered
2025-03-19,-3.093725379117185,False,0.39550894498825073,0.39550894498825073,0.0,-0.0,0.0,0.0,-0.0,1.0374939983638658,1.0028832076374563,xgb_gpu_engineered
2025-03-20,-0.14727011460912154,False,0.39916107058525085,0.39916107058525085,0.0,-0.0,0.0,0.0,-0.0,1.0374939983638658,1.0028832076374563,xgb_gpu_engineered
2025-03-21,-0.25077306278807887,False,0.5256927609443665,0.5256927609443665,0.0,-0.0,0.0,0.0,-0.0,1.0374939983638658,1.0028832076374563,xgb_gpu_engineered
2025-03-22,2.6503933905394295,False,0.3655494451522827,0.3655494451522827,0.0,0.0,0.0,0.0,0.0,1.0374939983638658,1.0028832076374563,xgb_gpu_engineered
2025-03-23,1.6786352378946434,False,0.3290063142776489,0.3290063142776489,0.0,0.0,0.0,0.0,0.0,1.0374939983638658,1.0028832076374563,xgb_gpu_engineered
2025-03-24,-0.031098600241552532,False,0.5985897779464722,0.5985897779464722,0.0,-0.0,0.0,0.0,-0.0,1.0374939983638658,1.0028832076374563,xgb_gpu_engineered
2025-03-25,-0.652577110204744,False,0.48291724920272827,0.48291724920272827,0.0,-0.0,0.0,0.0,-0.0,1.0374939983638658,1.0028832076374563,xgb_gpu_engineered
2025-03-26,0.3178549412391707,False,0.43128618597984314,0.43128618597984314,0.0,0.0,0.0,0.0,0.0,1.0374939983638658,1.0028832076374563,xgb_gpu_engineered
2025-03-27,-3.2393289916566204,False,0.3259311616420746,0.3259311616420746,0.0,-0.0,0.0,0.0,-0.0,1.0374939983638658,1.0028832076374563,xgb_gpu_engineered
2025-03-28,-2.0812056603918605,False,0.5295378565788269,0.5295378565788269,0.0,-0.0,0.0,0.0,-0.0,1.0374939983638658,1.0028832076374563,xgb_gpu_engineered
2025-03-29,-0.3184869109843613,False,0.5510116815567017,0.5510116815567017,0.0,-0.0,0.0,0.0,-0.0,1.0374939983638658,1.0028832076374563,xgb_gpu_engineered
2025-03-30,0.26038970780313253,False,0.4266849756240845,0.4266849756240845,0.0,0.0,0.0,0.0,0.0,1.0374939983638658,1.0028832076374563,xgb_gpu_engineered
2025-03-31,3.17418810684309,False,0.6587993502616882,0.6587993502616882,0.0,0.0,0.0,0.0,0.0,1.0374939983638658,1.0028832076374563,xgb_gpu_engineered
2025-04-01,-3.1507420800550134,False,0.47177231311798096,0.47177231311798096,0.0,-0.0,0.0,0.0,-0.0,1.0374939983638658,1.0028832076374563,xgb_gpu_engineered
2025-04-02,0.7481504135517403,False,0.5526617765426636,0.5526617765426636,0.0,0.0,0.0,0.0,0.0,1.0374939983638658,1.0028832076374563,xgb_gpu_engineered
2025-04-03,0.8916382019940938,False,0.5688111782073975,0.5688111782073975,0.0,0.0,0.0,0.0,0.0,1.0374939983638658,1.0028832076374563,xgb_gpu_engineered
2025-04-04,-0.4043325726492686,False,0.6009086966514587,0.6009086966514587,0.0,-0.0,0.0,0.0,-0.0,1.0374939983638658,1.0028832076374563,xgb_gpu_engineered
2025-04-05,-6.3353396427263675,False,0.2757858633995056,0.2757858633995056,0.0,-0.0,0.0,0.0,-0.0,1.0374939983638658,1.0028832076374563,xgb_gpu_engineered
2025-04-06,1.305195029613082,False,0.6923747658729553,0.6923747658729553,0.0,0.0,0.0,0.0,0.0,1.0374939983638658,1.0028832076374563,xgb_gpu_engineered
2025-04-07,-3.739976334343409,True,0.628614604473114,0.628614604473114,1.0,-0.03739976334343409,1.0,0.001,-0.03839976334343409,0.998691968354824,0.9643727298030739,xgb_gpu_engineered
2025-04-08,8.26253916648998,False,0.5758854150772095,0.5758854150772095,0.0,0.0,1.0,0.001,-0.001,0.998691968354824,0.9634083570732708,xgb_gpu_engineered
2025-04-09,-3.56990599146636,True,0.3819722533226013,0.3819722533226013,0.0,-0.0,0.0,0.0,-0.0,0.998691968354824,0.9634083570732708,xgb_gpu_engineered
2025-04-10,4.745546227457886,False,0.5309195518493652,0.5309195518493652,0.0,0.0,0.0,0.0,0.0,0.998691968354824,0.9634083570732708,xgb_gpu_engineered
2025-04-11,2.256791727173346,False,0.2881848216056824,0.2881848216056824,0.0,0.0,0.0,0.0,0.0,0.998691968354824,0.9634083570732708,xgb_gpu_engineered
2025-04-12,-1.878516957885823,False,0.34199804067611694,0.34199804067611694,0.0,-0.0,0.0,0.0,-0.0,0.998691968354824,0.9634083570732708,xgb_gpu_engineered
2025-04-13,1.0245734631468162,False,0.16750571131706238,0.16750571131706238,0.0,0.0,0.0,0.0,0.0,0.998691968354824,0.9634083570732708,xgb_gpu_engineered
2025-04-14,-1.033089354397465,False,0.4516332149505615,0.4516332149505615,0.0,-0.0,0.0,0.0,-0.0,0.998691968354824,0.9634083570732708,xgb_gpu_engineered
2025-04-15,0.4360934564412222,False,0.2276546061038971,0.2276546061038971,0.0,0.0,0.0,0.0,0.0,0.998691968354824,0.9634083570732708,xgb_gpu_engineered
2025-04-16,1.025637449930672,False,0.3088425397872925,0.3088425397872925,0.0,0.0,0.0,0.0,0.0,0.998691968354824,0.9634083570732708,xgb_gpu_engineered
2025-04-17,-0.5241078764249063,False,0.36423927545547485,0.36423927545547485,0.0,-0.0,0.0,0.0,-0.0,0.998691968354824,0.9634083570732708,xgb_gpu_engineered
2025-04-18,0.7254038339443714,False,0.21407802402973175,0.21407802402973175,0.0,0.0,0.0,0.0,0.0,0.998691968354824,0.9634083570732708,xgb_gpu_engineered
2025-04-19,0.13036230231544543,False,0.4362993836402893,0.4362993836402893,0.0,0.0,0.0,0.0,0.0,0.998691968354824,0.9634083570732708,xgb_gpu_engineered
2025-04-20,2.7527099529631727,False,0.28019171953201294,0.28019171953201294,0.0,0.0,0.0,0.0,0.0,0.998691968354824,0.9634083570732708,xgb_gpu_engineered
2025-04-21,6.767662701452015,False,0.5661943554878235,0.5661943554878235,0.0,0.0,0.0,0.0,0.0,0.998691968354824,0.9634083570732708,xgb_gpu_engineered
2025-04-22,0.27527134594511615,True,0.5360694527626038,0.5360694527626038,0.0,0.0,0.0,0.0,0.0,0.998691968354824,0.9634083570732708,xgb_gpu_engineered
2025-04-23,0.26114175645013393,False,0.6041194200515747,0.6041194200515747,0.0,0.0,0.0,0.0,0.0,0.998691968354824,0.9634083570732708,xgb_gpu_engineered
2025-04-24,0.8267742531563593,False,0.5702444314956665,0.5702444314956665,0.0,0.0,0.0,0.0,0.0,0.998691968354824,0.9634083570732708,xgb_gpu_engineered
2025-04-26,-0.942540809771053,False,0.4543977677822113,0.4543977677822113,0.0,-0.0,0.0,0.0,-0.0,0.998691968354824,0.9634083570732708,xgb_gpu_engineered
2025-04-27,1.3054325526514532,False,0.5630863904953003,0.5630863904953003,0.0,0.0,0.0,0.0,0.0,0.998691968354824,0.9634083570732708,xgb_gpu_engineered
2025-04-28,-0.7306486319308303,False,0.31329500675201416,0.31329500675201416,0.0,-0.0,0.0,0.0,-0.0,0.998691968354824,0.9634083570732708,xgb_gpu_engineered
2025-04-29,-0.08217291810309613,False,0.37657052278518677,0.37657052278518677,0.0,-0.0,0.0,0.0,-0.0,0.998691968354824,0.9634083570732708,xgb_gpu_engineered
2025-04-30,2.425526614507767,False,0.5282154679298401,0.5282154679298401,0.0,0.0,0.0,0.0,0.0,0.998691968354824,0.9634083570732708,xgb_gpu_engineered
2025-05-01,0.43291974532626565,False,0.48792150616645813,0.48792150616645813,0.0,0.0,0.0,0.0,0.0,0.998691968354824,0.9634083570732708,xgb_gpu_engineered
2025-05-02,-1.0507405827035687,False,0.6285961270332336,0.6285961270332336,0.0,-0.0,0.0,0.0,-0.0,0.998691968354824,0.9634083570732708,xgb_gpu_engineered
2025-05-03,-1.6433317174712747,False,0.6171448826789856,0.6171448826789856,0.0,-0.0,0.0,0.0,-0.0,0.998691968354824,0.9634083570732708,xgb_gpu_engineered
2025-05-04,0.45811763897039004,False,0.530571699142456,0.530571699142456,0.0,0.0,0.0,0.0,0.0,0.998691968354824,0.9634083570732708,xgb_gpu_engineered
2025-05-05,2.168299794413664,False,0.5993226170539856,0.5993226170539856,0.0,0.0,0.0,0.0,0.0,0.998691968354824,0.9634083570732708,xgb_gpu_engineered
2025-05-06,0.23743581586117557,False,0.649983823299408,0.649983823299408,0.0,0.0,0.0,0.0,0.0,0.998691968354824,0.9634083570732708,xgb_gpu_engineered
2025-05-07,6.3990437464578775,True,0.6728594899177551,0.6728594899177551,1.0,0.06399043746457878,1.0,0.001,0.06299043746457877,1.0625987043022105,1.0240938709423473,xgb_gpu_engineered
2025-05-08,-0.2621130818400763,True,0.5510026812553406,0.5510026812553406,0.0,-0.0,1.0,0.001,-0.001,1.0625987043022105,1.023069777071405,xgb_gpu_engineered
2025-05-09,1.6756941758927724,True,0.7599590420722961,0.7599590420722961,1.0,0.016756941758927724,1.0,0.001,0.015756941758927723,1.0804046089033146,1.0391902279640384,xgb_gpu_engineered
2025-05-10,-0.5635047193781384,False,0.5397729873657227,0.5397729873657227,0.0,-0.0,1.0,0.001,-0.001,1.0804046089033146,1.0381510377360743,xgb_gpu_engineered
2025-05-11,-1.242389281274392,False,0.7767787575721741,0.7767787575721741,0.0,-0.0,0.0,0.0,-0.0,1.0804046089033146,1.0381510377360743,xgb_gpu_engineered
2025-05-12,1.3197358248725033,True,0.7571489810943604,0.7571489810943604,1.0,0.013197358248725033,1.0,0.001,0.012197358248725032,1.0946630955805854,1.0508137378596267,xgb_gpu_engineered
2025-05-13,-0.6051642240404331,True,0.5911594033241272,0.5911594033241272,0.0,-0.0,1.0,0.001,-0.001,1.0946630955805854,1.0497629241217672,xgb_gpu_engineered
2025-05-14,0.198211052629782,False,0.6448888182640076,0.6448888182640076,0.0,0.0,0.0,0.0,0.0,1.0946630955805854,1.0497629241217672,xgb_gpu_engineered
2025-05-15,-0.24613470244020386,False,0.5178418755531311,0.5178418755531311,0.0,-0.0,0.0,0.0,-0.0,1.0946630955805854,1.0497629241217672,xgb_gpu_engineered
2025-05-16,-0.28814878109744146,False,0.6733594536781311,0.6733594536781311,0.0,-0.0,0.0,0.0,-0.0,1.0946630955805854,1.0497629241217672,xgb_gpu_engineered
2025-05-17,3.154266519659865,False,0.6747141480445862,0.6747141480445862,0.0,0.0,0.0,0.0,0.0,1.0946630955805854,1.0497629241217672,xgb_gpu_engineered
2025-05-18,-0.7889709931436006,False,0.44208794832229614,0.44208794832229614,0.0,-0.0,0.0,0.0,-0.0,1.0946630955805854,1.0497629241217672,xgb_gpu_engineered
2025-05-19,1.1220046530480143,True,0.5617074966430664,0.5617074966430664,0.0,0.0,0.0,0.0,0.0,1.0946630955805854,1.0497629241217672,xgb_gpu_engineered
2025-05-20,2.7034018449719976,False,0.5310606360435486,0.5310606360435486,0.0,0.0,0.0,0.0,0.0,1.0946630955805854,1.0497629241217672,xgb_gpu_engineered
2025-05-21,1.8191448638679386,True,0.5936203598976135,0.5936203598976135,0.0,0.0,0.0,0.0,0.0,1.0946630955805854,1.0497629241217672,xgb_gpu_engineered
2025-05-22,-3.9270668202023518,True,0.7586467862129211,0.7586467862129211,1.0,-0.03927066820202352,1.0,0.001,-0.04027066820202352,1.0516749443610403,1.0074882697136736,xgb_gpu_engineered
2025-05-23,0.4691674073487251,True,0.5277620553970337,0.5277620553970337,0.0,0.0,1.0,0.001,-0.001,1.0516749443610403,1.0064807814439598,xgb_gpu_engineered
2025-05-24,1.1543009819045436,False,0.5709183216094971,0.5709183216094971,0.0,0.0,0.0,0.0,0.0,1.0516749443610403,1.0064807814439598,xgb_gpu_engineered
2025-05-25,0.3714175371671846,False,0.5283082127571106,0.5283082127571106,0.0,0.0,0.0,0.0,0.0,1.0516749443610403,1.0064807814439598,xgb_gpu_engineered
2025-05-26,-0.4072780217708405,False,0.5227850675582886,0.5227850675582886,0.0,-0.0,0.0,0.0,-0.0,1.0516749443610403,1.0064807814439598,xgb_gpu_engineered
2025-05-27,-1.0939184653144474,True,0.689577043056488,0.689577043056488,1.0,-0.010939184653144474,1.0,0.001,-0.011939184653144475,1.0401704779495895,0.9944642215444592,xgb_gpu_engineered
2025-05-28,-2.004196337944353,False,0.680043637752533,0.680043637752533,0.0,-0.0,1.0,0.001,-0.001,1.0401704779495895,0.9934697573229148,xgb_gpu_engineered
2025-05-29,-1.5554336978341854,True,0.6151878237724304,0.6151878237724304,1.0,-0.015554336978341854,1.0,0.001,-0.016554336978341855,1.0239913158206386,0.9770235241823997,xgb_gpu_engineered
2025-05-30,0.6149348357177731,True,0.7458341121673584,0.7458341121673584,1.0,0.006149348357177731,0.0,0.0,0.006149348357177731,1.0302881951363445,0.9830315821857547,xgb_gpu_engineered
2025-05-31,0.9690618169351017,False,0.5071395039558411,0.5071395039558411,0.0,0.0,1.0,0.001,-0.001,1.0302881951363445,0.982048550603569,xgb_gpu_engineered
2025-06-01,0.21715582000447764,False,0.6297927498817444,0.6297927498817444,0.0,0.0,0.0,0.0,0.0,1.0302881951363445,0.982048550603569,xgb_gpu_engineered
2025-06-02,-0.42411787466475337,False,0.5437033772468567,0.5437033772468567,0.0,-0.0,0.0,0.0,-0.0,1.0302881951363445,0.982048550603569,xgb_gpu_engineered
2025-06-03,-0.6643915136436584,False,0.7753241658210754,0.7753241658210754,0.0,-0.0,0.0,0.0,-0.0,1.0302881951363445,0.982048550603569,xgb_gpu_engineered
2025-06-04,-3.0134359325224014,False,0.6869135499000549,0.6869135499000549,0.0,-0.0,0.0,0.0,-0.0,1.0302881951363445,0.982048550603569,xgb_gpu_engineered
2025-06-05,2.7707252931573167,True,0.5573337078094482,0.5573337078094482,0.0,0.0,0.0,0.0,0.0,1.0302881951363445,0.982048550603569,xgb_gpu_engineered
2025-06-06,1.1737496074678777,False,0.5840290784835815,0.5840290784835815,0.0,0.0,0.0,0.0,0.0,1.0302881951363445,0.982048550603569,xgb_gpu_engineered
2025-06-07,0.16855786016509722,False,0.5865479707717896,0.5865479707717896,0.0,0.0,0.0,0.0,0.0,1.0302881951363445,0.982048550603569,xgb_gpu_engineered
2025-06-08,4.253991795791734,False,0.45801204442977905,0.45801204442977905,0.0,0.0,0.0,0.0,0.0,1.0302881951363445,0.982048550603569,xgb_gpu_engineered
2025-06-09,-0.03342625487465778,True,0.679347574710846,0.679347574710846,1.0,-0.0003342625487465778,1.0,0.001,-0.0013342625487465778,1.0299438083782948,0.9807382400014478,xgb_gpu_engineered
2025-06-10,-1.4244955298426398,False,0.6789759993553162,0.6789759993553162,0.0,-0.0,1.0,0.001,-0.001,1.0299438083782948,0.9797575017614464,xgb_gpu_engineered
2025-06-11,-2.5371753999169577,False,0.7464448809623718,0.7464448809623718,0.0,-0.0,0.0,0.0,-0.0,1.0299438083782948,0.9797575017614464,xgb_gpu_engineered
2025-06-12,0.15285141831733462,True,0.4887995719909668,0.4887995719909668,0.0,0.0,0.0,0.0,0.0,1.0299438083782948,0.9797575017614464,xgb_gpu_engineered
2025-06-13,-0.5830491579897124,True,0.38936272263526917,0.38936272263526917,0.0,-0.0,0.0,0.0,-0.0,1.0299438083782948,0.9797575017614464,xgb_gpu_engineered
2025-06-14,0.0754862720314664,False,0.5466644167900085,0.5466644167900085,0.0,0.0,0.0,0.0,0.0,1.0299438083782948,0.9797575017614464,xgb_gpu_engineered
2025-06-15,1.1792615001237072,False,0.414829820394516,0.414829820394516,0.0,0.0,0.0,0.0,0.0,1.0299438083782948,0.9797575017614464,xgb_gpu_engineered
2025-06-16,-2.0559056941174436,False,0.7522870898246765,0.7522870898246765,0.0,-0.0,0.0,0.0,-0.0,1.0299438083782948,0.9797575017614464,xgb_gpu_engineered
2025-06-17,0.2697972498650669,True,0.5305771827697754,0.5305771827697754,0.0,0.0,0.0,0.0,0.0,1.0299438083782948,0.9797575017614464,xgb_gpu_engineered
2025-06-18,-0.1897718789613423,False,0.5826196074485779,0.5826196074485779,0.0,-0.0,0.0,0.0,-0.0,1.0299438083782948,0.9797575017614464,xgb_gpu_engineered
2025-06-19,-1.3131746055793259,False,0.6309950947761536,0.6309950947761536,0.0,-0.0,0.0,0.0,-0.0,1.0299438083782948,0.9797575017614464,xgb_gpu_engineered
2025-06-20,-1.0184874363913243,False,0.6247323155403137,0.6247323155403137,0.0,-0.0,0.0,0.0,-0.0,1.0299438083782948,0.9797575017614464,xgb_gpu_engineered
2025-06-21,-1.2422235919953284,False,0.49996185302734375,0.49996185302734375,0.0,-0.0,0.0,0.0,-0.0,1.0299438083782948,0.9797575017614464,xgb_gpu_engineered
2025-06-22,4.545759771084712,True,0.676322877407074,0.676322877407074,1.0,0.04545759771084712,1.0,0.001,0.04445759771084712,1.0767625796843332,1.0233151666289413,xgb_gpu_engineered
2025-06-23,0.4431419225533917,True,0.48188501596450806,0.48188501596450806,0.0,0.0,1.0,0.001,-0.001,1.0767625796843332,1.0222918514623123,xgb_gpu_engineered
2025-06-24,1.2406215749838134,False,0.7560359835624695,0.7560359835624695,0.0,0.0,0.0,0.0,0.0,1.0767625796843332,1.0222918514623123,xgb_gpu_engineered
2025-06-25,-0.3737454466123835,False,0.6404203772544861,0.6404203772544861,0.0,-0.0,0.0,0.0,-0.0,1.0767625796843332,1.0222918514623123,xgb_gpu_engineered
2025-06-26,0.12007263229245613,False,0.6450043320655823,0.6450043320655823,0.0,0.0,0.0,0.0,0.0,1.0767625796843332,1.0222918514623123,xgb_gpu_engineered
2025-06-27,0.22343537784448309,False,0.6707188487052917,0.6707188487052917,0.0,0.0,0.0,0.0,0.0,1.0767625796843332,1.0222918514623123,xgb_gpu_engineered
2025-06-28,0.9856422495764683,False,0.48644500970840454,0.48644500970840454,0.0,0.0,0.0,0.0,0.0,1.0767625796843332,1.0222918514623123,xgb_gpu_engineered
2025-06-29,-1.1535062936840146,False,0.5468893051147461,0.5468893051147461,0.0,-0.0,0.0,0.0,-0.0,1.0767625796843332,1.0222918514623123,xgb_gpu_engineered
2025-06-30,-1.3413452013053329,False,0.4917052686214447,0.4917052686214447,0.0,-0.0,0.0,0.0,-0.0,1.0767625796843332,1.0222918514623123,xgb_gpu_engineered
2025-07-01,2.990624847553991,False,0.5393573045730591,0.5393573045730591,0.0,0.0,0.0,0.0,0.0,1.0767625796843332,1.0222918514623123,xgb_gpu_engineered
2025-07-02,0.7244728772290987,True,0.725213885307312,0.725213885307312,1.0,0.007244728772290987,1.0,0.001,0.006244728772290987,1.0845634325262985,1.0286757868008176,xgb_gpu_engineered
2025-07-03,-1.4716556343200904,False,0.787731945514679,0.787731945514679,0.0,-0.0,1.0,0.001,-0.001,1.0845634325262985,1.0276471110140168,xgb_gpu_engineered
2025-07-04,0.18220480395592098,False,0.49111974239349365,0.49111974239349365,0.0,0.0,0.0,0.0,0.0,1.0845634325262985,1.0276471110140168,xgb_gpu_engineered
2025-07-05,0.9247710575546852,False,0.5150598287582397,0.5150598287582397,0.0,0.0,0.0,0.0,0.0,1.0845634325262985,1.0276471110140168,xgb_gpu_engineered
2025-07-06,-0.8534295352390808,False,0.7276288866996765,0.7276288866996765,0.0,-0.0,0.0,0.0,-0.0,1.0845634325262985,1.0276471110140168,xgb_gpu_engineered
2025-07-07,0.6005750382996888,False,0.605430006980896,0.605430006980896,0.0,0.0,0.0,0.0,0.0,1.0845634325262985,1.0276471110140168,xgb_gpu_engineered
2025-07-08,2.1810695604753683,False,0.6984496116638184,0.6984496116638184,0.0,0.0,0.0,0.0,0.0,1.0845634325262985,1.0276471110140168,xgb_gpu_engineered
2025-07-09,4.1864660687494615,True,0.7906962037086487,0.7906962037086487,1.0,0.041864660687494615,1.0,0.001,0.040864660687494614,1.1299683126230764,1.0696415615120887,xgb_gpu_engineered
2025-07-10,1.3189291760499877,True,0.6239058971405029,0.6239058971405029,1.0,0.013189291760499877,0.0,0.0,0.013189291760499877,1.144871794378382,1.0837493761460282,xgb_gpu_engineered
2025-07-11,-0.06957770402219454,True,0.6167274713516235,0.6167274713516235,1.0,-0.0006957770402219454,0.0,0.0,-0.0006957770402219454,1.1440752188698557,1.082995328212751,xgb_gpu_engineered
2025-07-12,1.4313342548076147,False,0.6377485990524292,0.6377485990524292,0.0,0.0,1.0,0.001,-0.001,1.1440752188698557,1.0819123328845381,xgb_gpu_engineered
2025-07-13,0.6158578325259345,False,0.5666287541389465,0.5666287541389465,0.0,0.0,0.0,0.0,0.0,1.1440752188698557,1.0819123328845381,xgb_gpu_engineered
2025-07-14,-1.729262210051885,True,0.7601355314254761,0.7601355314254761,1.0,-0.01729262210051885,1.0,0.001,-0.01829262210051885,1.124291158455371,1.0621213194331904,xgb_gpu_engineered
2025-07-15,0.816219450392297,True,0.6531316041946411,0.6531316041946411,1.0,0.00816219450392297,0.0,0.0,0.00816219450392297,1.1334678415697246,1.0707905602291674,xgb_gpu_engineered
2025-07-16,0.4643278306736054,True,0.5887909531593323,0.5887909531593323,0.0,0.0,1.0,0.001,-0.001,1.1334678415697246,1.0697197696689382,xgb_gpu_engineered
2025-07-17,-1.078563897020779,True,0.5076679587364197,0.5076679587364197,0.0,-0.0,0.0,0.0,-0.0,1.1334678415697246,1.0697197696689382,xgb_gpu_engineered
2025-07-18,-0.053600229283989886,True,0.4357278347015381,0.4357278347015381,0.0,-0.0,0.0,0.0,-0.0,1.1334678415697246,1.0697197696689382,xgb_gpu_engineered
2025-07-19,-0.541960002562214,False,0.5657966732978821,0.5657966732978821,0.0,-0.0,0.0,0.0,-0.0,1.1334678415697246,1.0697197696689382,xgb_gpu_engineered
2025-07-20,0.11828564931994912,True,0.6966226100921631,0.6966226100921631,1.0,0.0011828564931994912,1.0,0.001,0.00018285649319949113,1.1348085713659581,1.069915374874726,xgb_gpu_engineered
2025-07-21,2.176332622218302,True,0.4172941744327545,0.4172941744327545,0.0,0.0,1.0,0.001,-0.001,1.1348085713659581,1.0688454594998513,xgb_gpu_engineered
2025-07-22,-1.0337504434577038,True,0.581403911113739,0.581403911113739,0.0,-0.0,0.0,0.0,-0.0,1.1348085713659581,1.0688454594998513,xgb_gpu_engineered
2025-07-23,-0.32584822936673197,True,0.6138784289360046,0.6138784289360046,1.0,-0.0032584822936673197,1.0,0.001,-0.00425848229366732,1.1311108177294602,1.0642938000359046,xgb_gpu_engineered
2025-07-24,-0.6185093838706357,True,0.6782952547073364,0.6782952547073364,1.0,-0.006185093838706357,0.0,0.0,-0.006185093838706357,1.1241147911798277,1.057711043010729,xgb_gpu_engineered
2025-07-25,0.2647868724685587,True,0.7442894577980042,0.7442894577980042,1.0,0.002647868724685587,0.0,0.0,0.002647868724685587,1.1270912995783493,1.0605117230012717,xgb_gpu_engineered
2025-07-26,1.2727075099638885,False,0.41383910179138184,0.41383910179138184,0.0,0.0,1.0,0.001,-0.001,1.1270912995783493,1.0594512112782704,xgb_gpu_engineered
2025-07-27,-1.2758768211219684,False,0.6498367786407471,0.6498367786407471,0.0,-0.0,0.0,0.0,-0.0,1.1270912995783493,1.0594512112782704,xgb_gpu_engineered
2025-07-28,-0.0019742508661990676,True,0.7267441153526306,0.7267441153526306,1.0,-1.9742508661990676e-05,1.0,0.001,-0.0010197425086619907,1.1270690479686045,1.0583708438422765,xgb_gpu_engineered
2025-07-29,-0.07713643170961237,True,0.6711585521697998,0.6711585521697998,1.0,-0.0007713643170961237,0.0,0.0,-0.0007713643170961237,1.126199667122098,1.0575544543390818,xgb_gpu_engineered
2025-07-30,-1.7592832754910526,True,0.7923536896705627,0.7923536896705627,1.0,-0.017592832754910526,0.0,0.0,-0.017592832754910526,1.1063866247297829,1.0389490756946838,xgb_gpu_engineered
2025-07-31,-2.1062154747402473,True,0.813133955001831,0.813133955001831,1.0,-0.021062154747402473,0.0,0.0,-0.021062154747402473,1.083083738429268,1.0170665694877317,xgb_gpu_engineered
2025-08-01,-0.6999393518263508,True,0.5279721021652222,0.5279721021652222,0.0,-0.0,1.0,0.001,-0.001,1.083083738429268,1.016049502918244,xgb_gpu_engineered
2025-08-02,1.5025363723748075,False,0.6772218942642212,0.6772218942642212,0.0,0.0,0.0,0.0,0.0,1.083083738429268,1.016049502918244,xgb_gpu_engineered
2025-08-03,0.7478798363486527,False,0.5875725150108337,0.5875725150108337,0.0,0.0,0.0,0.0,0.0,1.083083738429268,1.016049502918244,xgb_gpu_engineered
2025-08-04,-0.8085706753543476,False,0.548028826713562,0.548028826713562,0.0,-0.0,0.0,0.0,-0.0,1.083083738429268,1.016049502918244,xgb_gpu_engineered
2025-08-05,0.7767158415357134,True,0.5562291145324707,0.5562291145324707,0.0,0.0,0.0,0.0,0.0,1.083083738429268,1.016049502918244,xgb_gpu_engineered
2025-08-06,2.1463456180234486,True,0.47423821687698364,0.47423821687698364,0.0,0.0,0.0,0.0,0.0,1.083083738429268,1.016049502918244,xgb_gpu_engineered
2025-08-07,-0.68782400705657,True,0.4950897693634033,0.4950897693634033,0.0,-0.0,0.0,0.0,-0.0,1.083083738429268,1.016049502918244,xgb_gpu_engineered
2025-08-08,-0.16142706587778388,True,0.7036532759666443,0.7036532759666443,1.0,-0.0016142706587778388,1.0,0.001,-0.002614270658777839,1.0813353481293222,1.013393274514899,xgb_gpu_engineered
2025-08-09,2.408918266480664,False,0.6424182057380676,0.6424182057380676,0.0,0.0,1.0,0.001,-0.001,1.0813353481293222,1.0123798812403841,xgb_gpu_engineered
2025-08-10,-0.4822128356753663,True,0.5922979116439819,0.5922979116439819,0.0,-0.0,0.0,0.0,-0.0,1.0813353481293222,1.0123798812403841,xgb_gpu_engineered
2025-08-11,1.2140515376580119,True,0.7784445285797119,0.7784445285797119,1.0,0.012140515376580119,1.0,0.001,0.011140515376580118,1.0944633165505258,1.023658314874283,xgb_gpu_engineered
2025-08-12,2.6388279596092357,True,0.7477977275848389,0.7477977275848389,1.0,0.026388279596092357,0.0,0.0,0.026388279596092357,1.1233443205553275,1.0506708966980505,xgb_gpu_engineered
2025-08-13,-4.041122267235197,True,0.5592138171195984,0.5592138171195984,0.0,-0.0,1.0,0.001,-0.001,1.1233443205553275,1.0496202258013525,xgb_gpu_engineered
2025-08-14,-0.8121240187970669,True,0.7074064612388611,0.7074064612388611,1.0,-0.008121240187970669,1.0,0.001,-0.00912124018797067,1.114221371514305,1.0400463876156663,xgb_gpu_engineered
2025-08-15,0.07921746665282559,True,0.6040961146354675,0.6040961146354675,0.0,0.0,1.0,0.001,-0.001,1.114221371514305,1.0390063412280506,xgb_gpu_engineered
2025-08-16,-0.032588834829794244,False,0.6049744486808777,0.6049744486808777,0.0,-0.0,0.0,0.0,-0.0,1.114221371514305,1.0390063412280506,xgb_gpu_engineered
2025-08-17,-1.022323279139703,False,0.566175103187561,0.566175103187561,0.0,-0.0,0.0,0.0,-0.0,1.114221371514305,1.0390063412280506,xgb_gpu_engineered
2025-08-18,-2.9428514056440758,True,0.5425520539283752,0.5425520539283752,0.0,-0.0,0.0,0.0,-0.0,1.114221371514305,1.0390063412280506,xgb_gpu_engineered
2025-08-19,1.2794003430595335,True,0.514997661113739,0.514997661113739,0.0,0.0,0.0,0.0,0.0,1.114221371514305,1.0390063412280506,xgb_gpu_engineered
2025-08-20,-1.623902974513114,True,0.4457842707633972,0.4457842707633972,0.0,-0.0,0.0,0.0,-0.0,1.114221371514305,1.0390063412280506,xgb_gpu_engineered
2025-08-21,3.962900798880531,True,0.4576464295387268,0.4576464295387268,0.0,0.0,0.0,0.0,0.0,1.114221371514305,1.0390063412280506,xgb_gpu_engineered
2025-08-22,-1.2832252765613172,True,0.5630731582641602,0.5630731582641602,0.0,-0.0,0.0,0.0,-0.0,1.114221371514305,1.0390063412280506,xgb_gpu_engineered
2025-08-23,-1.6605933647771742,False,0.31568628549575806,0.31568628549575806,0.0,-0.0,0.0,0.0,-0.0,1.114221371514305,1.0390063412280506,xgb_gpu_engineered
2025-08-24,-2.9385900493979156,True,0.4373609721660614,0.4373609721660614,0.0,-0.0,0.0,0.0,-0.0,1.114221371514305,1.0390063412280506,xgb_gpu_engineered
2025-08-25,1.5240086898922645,True,0.5234619975090027,0.5234619975090027,0.0,0.0,0.0,0.0,0.0,1.114221371514305,1.0390063412280506,xgb_gpu_engineered
2025-08-26,-0.5193022862549412,True,0.4657314717769623,0.4657314717769623,0.0,-0.0,0.0,0.0,-0.0,1.114221371514305,1.0390063412280506,xgb_gpu_engineered
2025-08-27,1.189280397942638,True,0.3743259310722351,0.3743259310722351,0.0,0.0,0.0,0.0,0.0,1.114221371514305,1.0390063412280506,xgb_gpu_engineered
2025-08-28,-3.6731759955323295,True,0.3303358554840088,0.3303358554840088,0.0,-0.0,0.0,0.0,-0.0,1.114221371514305,1.0390063412280506,xgb_gpu_engineered
2025-08-29,0.3664157476186425,True,0.30690744519233704,0.30690744519233704,0.0,0.0,0.0,0.0,0.0,1.114221371514305,1.0390063412280506,xgb_gpu_engineered
2025-08-30,-0.525107534173741,False,0.42186883091926575,0.42186883091926575,0.0,-0.0,0.0,0.0,-0.0,1.114221371514305,1.0390063412280506,xgb_gpu_engineered
2025-08-31,0.9367272930950854,False,0.3987112045288086,0.3987112045288086,0.0,0.0,0.0,0.0,0.0,1.114221371514305,1.0390063412280506,xgb_gpu_engineered
2025-09-01,1.7848801737061493,True,0.3657448887825012,0.3657448887825012,0.0,0.0,0.0,0.0,0.0,1.114221371514305,1.0390063412280506,xgb_gpu_engineered
2025-09-02,0.4699840343410866,True,0.3462585210800171,0.3462585210800171,0.0,0.0,0.0,0.0,0.0,1.114221371514305,1.0390063412280506,xgb_gpu_engineered
2025-09-03,-0.8947195185422974,True,0.4147402346134186,0.4147402346134186,0.0,-0.0,0.0,0.0,-0.0,1.114221371514305,1.0390063412280506,xgb_gpu_engineered
2025-09-04,-0.06558419928113235,True,0.36367106437683105,0.36367106437683105,0.0,-0.0,0.0,0.0,-0.0,1.114221371514305,1.0390063412280506,xgb_gpu_engineered
2025-09-05,-0.38525555367432407,True,0.3678818941116333,0.3678818941116333,0.0,-0.0,0.0,0.0,-0.0,1.114221371514305,1.0390063412280506,xgb_gpu_engineered
2025-09-06,0.8554542812086785,False,0.1576922982931137,0.1576922982931137,0.0,0.0,0.0,0.0,0.0,1.114221371514305,1.0390063412280506,xgb_gpu_engineered
2025-09-07,0.8130177859939192,False,0.26344355940818787,0.26344355940818787,0.0,0.0,0.0,0.0,0.0,1.114221371514305,1.0390063412280506,xgb_gpu_engineered
2025-09-08,-0.4826232823193166,False,0.3307623565196991,0.3307623565196991,0.0,-0.0,0.0,0.0,-0.0,1.114221371514305,1.0390063412280506,xgb_gpu_engineered
2025-09-09,2.174124101370767,False,0.32031285762786865,0.32031285762786865,0.0,0.0,0.0,0.0,0.0,1.114221371514305,1.0390063412280506,xgb_gpu_engineered
2025-09-10,1.3620945043858246,False,0.40287405252456665,0.40287405252456665,0.0,0.0,0.0,0.0,0.0,1.114221371514305,1.0390063412280506,xgb_gpu_engineered
2025-09-11,0.5142859655061782,False,0.6466901898384094,0.6466901898384094,0.0,0.0,0.0,0.0,0.0,1.114221371514305,1.0390063412280506,xgb_gpu_engineered
2025-09-12,-0.13011908618274504,False,0.6973488926887512,0.6973488926887512,0.0,-0.0,0.0,0.0,-0.0,1.114221371514305,1.0390063412280506,xgb_gpu_engineered
2025-09-13,-0.46817523505617853,False,0.5955417156219482,0.5955417156219482,0.0,-0.0,0.0,0.0,-0.0,1.114221371514305,1.0390063412280506,xgb_gpu_engineered
2025-09-14,0.03224981011604733,False,0.533129870891571,0.533129870891571,0.0,0.0,0.0,0.0,0.0,1.114221371514305,1.0390063412280506,xgb_gpu_engineered
2025-09-15,1.2112382641498831,False,0.5455226898193359,0.5455226898193359,0.0,0.0,0.0,0.0,0.0,1.114221371514305,1.0390063412280506,xgb_gpu_engineered
2025-09-16,-0.32066883445814875,False,0.6630825400352478,0.6630825400352478,0.0,-0.0,0.0,0.0,-0.0,1.114221371514305,1.0390063412280506,xgb_gpu_engineered
2025-09-17,0.5741425944741474,True,0.6349035501480103,0.6349035501480103,1.0,0.005741425944741474,1.0,0.001,0.004741425944741474,1.1206185910049027,1.0439327128511002,xgb_gpu_engineered
2025-09-18,-1.2364506846338497,False,0.6693185567855835,0.6693185567855835,0.0,-0.0,1.0,0.001,-0.001,1.1206185910049027,1.0428887801382491,xgb_gpu_engineered
2025-09-19,0.028612575730124767,False,0.41202279925346375,0.41202279925346375,0.0,0.0,0.0,0.0,0.0,1.1206185910049027,1.0428887801382491,xgb_gpu_engineered
2025-09-20,-0.3593675600818802,False,0.4796779453754425,0.4796779453754425,0.0,-0.0,0.0,0.0,-0.0,1.1206185910049027,1.0428887801382491,xgb_gpu_engineered
2025-09-21,-2.218083931492132,False,0.5371713042259216,0.5371713042259216,0.0,-0.0,0.0,0.0,-0.0,1.1206185910049027,1.0428887801382491,xgb_gpu_engineered
2025-09-22,-0.651013327573835,True,0.6088982820510864,0.6088982820510864,1.0,-0.00651013327573835,1.0,0.001,-0.00751013327573835,1.1133232146261907,1.0350565464076387,xgb_gpu_engineered
2025-09-23,1.1731809832655538,False,0.4774140417575836,0.4774140417575836,0.0,0.0,1.0,0.001,-0.001,1.1133232146261907,1.034021489861231,xgb_gpu_engineered
2025-09-24,-3.776048156409062,False,0.511976957321167,0.511976957321167,0.0,-0.0,0.0,0.0,-0.0,1.1133232146261907,1.034021489861231,xgb_gpu_engineered
2025-09-25,0.608476284627324,True,0.5610048174858093,0.5610048174858093,0.0,0.0,0.0,0.0,0.0,1.1133232146261907,1.034021489861231,xgb_gpu_engineered
2025-09-26,-0.028148770775293652,True,0.696679413318634,0.696679413318634,1.0,-0.0002814877077529365,1.0,0.001,-0.0012814877077529365,1.1130098278265175,1.0326964040324214,xgb_gpu_engineered
2025-09-27,2.225248016477188,False,0.45051154494285583,0.45051154494285583,0.0,0.0,1.0,0.001,-0.001,1.1130098278265175,1.031663707628389,xgb_gpu_engineered
2025-09-28,2.031473906432546,False,0.30064913630485535,0.30064913630485535,0.0,0.0,0.0,0.0,0.0,1.1130098278265175,1.031663707628389,xgb_gpu_engineered
2025-09-29,-0.3009577997342028,True,0.5441223978996277,0.5441223978996277,0.0,-0.0,0.0,0.0,-0.0,1.1130098278265175,1.031663707628389,xgb_gpu_engineered
2025-09-30,4.026829179914837,True,0.6687783002853394,0.6687783002853394,1.0,0.04026829179914837,1.0,0.001,0.03926829179914837,1.1578288323487556,1.0721753791381317,xgb_gpu_engineered
2025-10-01,1.7128920845327356,True,0.622512698173523,0.622512698173523,1.0,0.017128920845327356,0.0,0.0,0.017128920845327356,1.1776611907704952,1.0905405863396975,xgb_gpu_engineered
2025-10-02,1.3136036748664148,True,0.512027382850647,0.512027382850647,0.0,0.0,1.0,0.001,-0.001,1.1776611907704952,1.0894500457533578,xgb_gpu_engineered
2025-10-03,0.1299606980548873,True,0.5275880098342896,0.5275880098342896,0.0,0.0,0.0,0.0,0.0,1.1776611907704952,1.0894500457533578,xgb_gpu_engineered
2025-10-04,0.8887425412982486,False,0.5282694101333618,0.5282694101333618,0.0,0.0,0.0,0.0,0.0,1.1776611907704952,1.0894500457533578,xgb_gpu_engineered
2025-10-05,1.0031736794915869,True,0.6741980314254761,0.6741980314254761,1.0,0.010031736794915869,1.0,0.001,0.009031736794915868,1.189475177869892,1.0992896718178113,xgb_gpu_engineered
2025-10-06,-2.6461574802715715,True,0.6100757718086243,0.6100757718086243,1.0,-0.026461574802715715,0.0,0.0,-0.026461574802715715,1.1579997914747142,1.0702007359371515,xgb_gpu_engineered
2025-10-07,1.567280940669602,True,0.6516477465629578,0.6516477465629578,1.0,0.01567280940669602,0.0,0.0,0.01567280940669602,1.1761489014994913,1.0869737880984003,xgb_gpu_engineered
2025-10-08,-1.3370216251727518,True,0.47701215744018555,0.47701215744018555,0.0,-0.0,1.0,0.001,-0.001,1.1761489014994913,1.085886814310302,xgb_gpu_engineered
2025-10-09,-6.976852117831744,True,0.5507441759109497,0.5507441759109497,0.0,-0.0,0.0,0.0,-0.0,1.1761489014994913,1.085886814310302,xgb_gpu_engineered
2025-10-10,-2.125599811033263,True,0.4714440703392029,0.4714440703392029,0.0,-0.0,0.0,0.0,-0.0,1.1761489014994913,1.085886814310302,xgb_gpu_engineered
2025-10-11,3.9364372838716077,True,0.6619650721549988,0.6619650721549988,1.0,0.03936437283871608,1.0,0.001,0.038364372838716077,1.2224472653719636,1.127546180915148,xgb_gpu_engineered
2025-10-12,0.0879679657679322,True,0.4907882511615753,0.4907882511615753,0.0,0.0,1.0,0.001,-0.001,1.2224472653719636,1.1264186347342329,xgb_gpu_engineered
2025-10-13,-1.8672628880645359,True,0.4627665579319,0.4627665579319,0.0,-0.0,0.0,0.0,-0.0,1.2224472653719636,1.1264186347342329,xgb_gpu_engineered
2025-10-14,-2.064646024028005,True,0.31700578331947327,0.31700578331947327,0.0,-0.0,0.0,0.0,-0.0,1.2224472653719636,1.1264186347342329,xgb_gpu_engineered
2025-10-15,-2.3443318504017374,True,0.39738309383392334,0.39738309383392334,0.0,-0.0,0.0,0.0,-0.0,1.2224472653719636,1.1264186347342329,xgb_gpu_engineered
2025-10-16,-1.588236351834038,True,0.28437888622283936,0.28437888622283936,0.0,-0.0,0.0,0.0,-0.0,1.2224472653719636,1.1264186347342329,xgb_gpu_engineered
2025-10-17,0.6861009972426446,True,0.356278657913208,0.356278657913208,0.0,0.0,0.0,0.0,0.0,1.2224472653719636,1.1264186347342329,xgb_gpu_engineered
2025-10-18,1.3698405510000455,False,0.34362128376960754,0.34362128376960754,0.0,0.0,0.0,0.0,0.0,1.2224472653719636,1.1264186347342329,xgb_gpu_engineered
2025-10-19,1.768912239467313,False,0.27614080905914307,0.27614080905914307,0.0,0.0,0.0,0.0,0.0,1.2224472653719636,1.1264186347342329,xgb_gpu_engineered
2025-10-20,-1.9098105646452646,True,0.3620917797088623,0.3620917797088623,0.0,-0.0,0.0,0.0,-0.0,1.2224472653719636,1.1264186347342329,xgb_gpu_engineered
2025-10-21,-0.7267028792566799,True,0.5215528011322021,0.5215528011322021,0.0,-0.0,0.0,0.0,-0.0,1.2224472653719636,1.1264186347342329,xgb_gpu_engineered
2025-10-22,2.2111355667553845,True,0.5498032569885254,0.5498032569885254,0.0,0.0,0.0,0.0,0.0,1.2224472653719636,1.1264186347342329,xgb_gpu_engineered
2025-10-23,0.8759859251149305,False,0.3454493284225464,0.3454493284225464,0.0,0.0,0.0,0.0,0.0,1.2224472653719636,1.1264186347342329,xgb_gpu_engineered
2025-10-24,0.5474045023684315,False,0.5384963750839233,0.5384963750839233,0.0,0.0,0.0,0.0,0.0,1.2224472653719636,1.1264186347342329,xgb_gpu_engineered
2025-10-25,2.535538312743024,False,0.3539572060108185,0.3539572060108185,0.0,0.0,0.0,0.0,0.0,1.2224472653719636,1.1264186347342329,xgb_gpu_engineered
2025-10-26,-0.30847352525406047,False,0.539936363697052,0.539936363697052,0.0,-0.0,0.0,0.0,-0.0,1.2224472653719636,1.1264186347342329,xgb_gpu_engineered
2025-10-27,-1.019252462848308,True,0.6961266398429871,0.6961266398429871,1.0,-0.01019252462848308,1.0,0.001,-0.01119252462848308,1.2099874415126382,1.1138111664229877,xgb_gpu_engineered
2025-10-28,-2.5681284408657135,True,0.5847262144088745,0.5847262144088745,0.0,-0.0,1.0,0.001,-0.001,1.2099874415126382,1.1126973552565647,xgb_gpu_engineered
2025-10-29,-1.5898895718551742,True,0.5441679358482361,0.5441679358482361,0.0,-0.0,0.0,0.0,-0.0,1.2099874415126382,1.1126973552565647,xgb_gpu_engineered
2025-10-30,1.1547120379193476,True,0.4133627414703369,0.4133627414703369,0.0,0.0,0.0,0.0,0.0,1.2099874415126382,1.1126973552565647,xgb_gpu_engineered
2025-10-31,0.4635536182247879,False,0.6325407028198242,0.6325407028198242,0.0,0.0,0.0,0.0,0.0,1.2099874415126382,1.1126973552565647,xgb_gpu_engineered
2025-11-01,0.5229768982454308,False,0.5257379412651062,0.5257379412651062,0.0,0.0,0.0,0.0,0.0,1.2099874415126382,1.1126973552565647,xgb_gpu_engineered
2025-11-02,-3.698585893164408,False,0.6396915316581726,0.6396915316581726,0.0,-0.0,0.0,0.0,-0.0,1.2099874415126382,1.1126973552565647,xgb_gpu_engineered
2025-11-03,-4.652384063068105,True,0.5369383096694946,0.5369383096694946,0.0,-0.0,0.0,0.0,-0.0,1.2099874415126382,1.1126973552565647,xgb_gpu_engineered
2025-11-04,2.265282648549194,True,0.57858806848526,0.57858806848526,0.0,0.0,0.0,0.0,0.0,1.2099874415126382,1.1126973552565647,xgb_gpu_engineered
2025-11-05,-2.493503798083263,True,0.45040008425712585,0.45040008425712585,0.0,-0.0,0.0,0.0,-0.0,1.2099874415126382,1.1126973552565647,xgb_gpu_engineered
2025-11-06,2.0445121741957006,True,0.5240357518196106,0.5240357518196106,0.0,0.0,0.0,0.0,0.0,1.2099874415126382,1.1126973552565647,xgb_gpu_engineered
2025-11-07,-1.0547196317199026,True,0.5524502396583557,0.5524502396583557,0.0,-0.0,0.0,0.0,-0.0,1.2099874415126382,1.1126973552565647,xgb_gpu_engineered
2025-11-08,2.383137448193029,False,0.6091302633285522,0.6091302633285522,0.0,0.0,0.0,0.0,0.0,1.2099874415126382,1.1126973552565647,xgb_gpu_engineered
2025-11-09,1.2194017448672767,False,0.4321194887161255,0.4321194887161255,0.0,0.0,0.0,0.0,0.0,1.2099874415126382,1.1126973552565647,xgb_gpu_engineered
2025-11-10,-2.829454130454079,True,0.46223950386047363,0.46223950386047363,0.0,-0.0,0.0,0.0,-0.0,1.2099874415126382,1.1126973552565647,xgb_gpu_engineered
2025-11-11,-1.2954505253314763,True,0.2743819057941437,0.2743819057941437,0.0,-0.0,0.0,0.0,-0.0,1.2099874415126382,1.1126973552565647,xgb_gpu_engineered
2025-11-12,-1.933536967351135,True,0.3026491403579712,0.3026491403579712,0.0,-0.0,0.0,0.0,-0.0,1.2099874415126382,1.1126973552565647,xgb_gpu_engineered
2025-11-13,-5.315783786249007,True,0.4264928698539734,0.4264928698539734,0.0,-0.0,0.0,0.0,-0.0,1.2099874415126382,1.1126973552565647,xgb_gpu_engineered
2025-11-14,1.2196889211437911,True,0.41584300994873047,0.41584300994873047,0.0,0.0,0.0,0.0,0.0,1.2099874415126382,1.1126973552565647,xgb_gpu_engineered
2025-11-15,-1.435983820826503,False,0.4190722703933716,0.4190722703933716,0.0,-0.0,0.0,0.0,-0.0,1.2099874415126382,1.1126973552565647,xgb_gpu_engineered
2025-11-16,-2.212006537551514,True,0.33949199318885803,0.33949199318885803,0.0,-0.0,0.0,0.0,-0.0,1.2099874415126382,1.1126973552565647,xgb_gpu_engineered
2025-11-17,0.9284005043766586,True,0.5393046736717224,0.5393046736717224,0.0,0.0,0.0,0.0,0.0,1.2099874415126382,1.1126973552565647,xgb_gpu_engineered
2025-11-18,-1.5953746750565823,True,0.615403950214386,0.615403950214386,1.0,-0.015953746750565823,1.0,0.001,-0.016953746750565823,1.1906836082993804,1.0938329660855204,xgb_gpu_engineered
2025-11-19,-5.28512689185111,True,0.531918466091156,0.531918466091156,0.0,-0.0,1.0,0.001,-0.001,1.1906836082993804,1.092739133119435,xgb_gpu_engineered
2025-11-20,-1.7790340109098413,True,0.6826131343841553,0.6826131343841553,1.0,-0.017790340109098413,1.0,0.001,-0.018790340109098413,1.1695009419454059,1.0722061931575995,xgb_gpu_engineered
2025-11-21,-0.5198314151592665,True,0.5802550315856934,0.5802550315856934,0.0,-0.0,1.0,0.001,-0.001,1.1695009419454059,1.0711339869644418,xgb_gpu_engineered
2025-11-22,2.5477734635657168,False,0.46289539337158203,0.46289539337158203,0.0,0.0,0.0,0.0,0.0,1.1695009419454059,1.0711339869644418,xgb_gpu_engineered
2025-11-23,1.688329653360121,False,0.28282076120376587,0.28282076120376587,0.0,0.0,0.0,0.0,0.0,1.1695009419454059,1.0711339869644418,xgb_gpu_engineered
2025-11-24,-1.0520742688141405,True,0.34100332856178284,0.34100332856178284,0.0,-0.0,0.0,0.0,-0.0,1.1695009419454059,1.0711339869644418,xgb_gpu_engineered
2025-11-25,3.636830551491177,False,0.4138619005680084,0.4138619005680084,0.0,0.0,0.0,0.0,0.0,1.1695009419454059,1.0711339869644418,xgb_gpu_engineered
2025-11-26,0.8473504729832548,True,0.29866737127304077,0.29866737127304077,0.0,0.0,0.0,0.0,0.0,1.1695009419454059,1.0711339869644418,xgb_gpu_engineered
2025-11-27,-0.40106027389381627,False,0.18829064071178436,0.18829064071178436,0.0,-0.0,0.0,0.0,-0.0,1.1695009419454059,1.0711339869644418,xgb_gpu_engineered
2025-11-28,-0.07425028351905061,False,0.2854957580566406,0.2854957580566406,0.0,-0.0,0.0,0.0,-0.0,1.1695009419454059,1.0711339869644418,xgb_gpu_engineered
2025-11-29,-0.5035073877646679,False,0.12951357662677765,0.12951357662677765,0.0,-0.0,0.0,0.0,-0.0,1.1695009419454059,1.0711339869644418,xgb_gpu_engineered
2025-11-30,-4.505529247207896,False,0.15359970927238464,0.15359970927238464,0.0,-0.0,0.0,0.0,-0.0,1.1695009419454059,1.0711339869644418,xgb_gpu_engineered
2025-12-01,5.825464938016567,True,0.21344837546348572,0.21344837546348572,0.0,0.0,0.0,0.0,0.0,1.1695009419454059,1.0711339869644418,xgb_gpu_engineered
2025-12-02,2.3837949867722363,True,0.3731967806816101,0.3731967806816101,0.0,0.0,0.0,0.0,0.0,1.1695009419454059,1.0711339869644418,xgb_gpu_engineered
2025-12-03,-1.482104377550164,True,0.2803519666194916,0.2803519666194916,0.0,-0.0,0.0,0.0,-0.0,1.1695009419454059,1.0711339869644418,xgb_gpu_engineered
2025-12-04,-2.9887330373216225,False,0.33173668384552,0.33173668384552,0.0,-0.0,0.0,0.0,-0.0,1.1695009419454059,1.0711339869644418,xgb_gpu_engineered
2025-12-05,-0.12908122468182626,False,0.3686147928237915,0.3686147928237915,0.0,-0.0,0.0,0.0,-0.0,1.1695009419454059,1.0711339869644418,xgb_gpu_engineered
2025-12-06,1.2694471554050235,False,0.2851310968399048,0.2851310968399048,0.0,0.0,0.0,0.0,0.0,1.1695009419454059,1.0711339869644418,xgb_gpu_engineered
2025-12-07,0.25945560296725123,False,0.49900487065315247,0.49900487065315247,0.0,0.0,0.0,0.0,0.0,1.1695009419454059,1.0711339869644418,xgb_gpu_engineered
2025-12-08,2.2633530616329445,False,0.529685378074646,0.529685378074646,0.0,0.0,0.0,0.0,0.0,1.1695009419454059,1.0711339869644418,xgb_gpu_engineered
2025-12-09,-0.7236522211271801,False,0.3118706941604614,0.3118706941604614,0.0,-0.0,0.0,0.0,-0.0,1.1695009419454059,1.0711339869644418,xgb_gpu_engineered
2025-12-10,0.5329119618741718,False,0.4207489490509033,0.4207489490509033,0.0,0.0,0.0,0.0,0.0,1.1695009419454059,1.0711339869644418,xgb_gpu_engineered
2025-12-11,-2.422321386120674,False,0.18971671164035797,0.18971671164035797,0.0,-0.0,0.0,0.0,-0.0,1.1695009419454059,1.0711339869644418,xgb_gpu_engineered
2025-12-12,0.03134678764229459,True,0.2831355333328247,0.2831355333328247,0.0,0.0,0.0,0.0,0.0,1.1695009419454059,1.0711339869644418,xgb_gpu_engineered
2025-12-13,-2.3516739363752315,False,0.49171045422554016,0.49171045422554016,0.0,-0.0,0.0,0.0,-0.0,1.1695009419454059,1.0711339869644418,xgb_gpu_engineered
2025-12-14,-1.9908078936967,False,0.275800496339798,0.275800496339798,0.0,-0.0,0.0,0.0,-0.0,1.1695009419454059,1.0711339869644418,xgb_gpu_engineered
2025-12-15,1.6480059361409172,False,0.3396638035774231,0.3396638035774231,0.0,0.0,0.0,0.0,0.0,1.1695009419454059,1.0711339869644418,xgb_gpu_engineered
2025-12-16,-1.935507109105894,False,0.26667025685310364,0.26667025685310364,0.0,-0.0,0.0,0.0,-0.0,1.1695009419454059,1.0711339869644418,xgb_gpu_engineered
2025-12-17,-0.7908292107279613,False,0.3604882061481476,0.3604882061481476,0.0,-0.0,0.0,0.0,-0.0,1.1695009419454059,1.0711339869644418,xgb_gpu_engineered
2025-12-18,3.090097713717843,False,0.5702531337738037,0.5702531337738037,0.0,0.0,0.0,0.0,0.0,1.1695009419454059,1.0711339869644418,xgb_gpu_engineered
2025-12-19,0.2731077738661547,False,0.38143739104270935,0.38143739104270935,0.0,0.0,0.0,0.0,0.0,1.1695009419454059,1.0711339869644418,xgb_gpu_engineered
2025-12-20,0.3143959974644561,False,0.2270859032869339,0.2270859032869339,0.0,0.0,0.0,0.0,0.0,1.1695009419454059,1.0711339869644418,xgb_gpu_engineered
2025-12-21,-0.14864790528285043,False,0.219888374209404,0.219888374209404,0.0,-0.0,0.0,0.0,-0.0,1.1695009419454059,1.0711339869644418,xgb_gpu_engineered
2025-12-22,-1.215974047919599,False,0.3282218277454376,0.3282218277454376,0.0,-0.0,0.0,0.0,-0.0,1.1695009419454059,1.0711339869644418,xgb_gpu_engineered
2025-12-23,0.22646365284737513,False,0.3509615659713745,0.3509615659713745,0.0,0.0,0.0,0.0,0.0,1.1695009419454059,1.0711339869644418,xgb_gpu_engineered
2025-12-24,-0.43055622310417263,False,0.3116913437843323,0.3116913437843323,0.0,-0.0,0.0,0.0,-0.0,1.1695009419454059,1.0711339869644418,xgb_gpu_engineered
2025-12-25,0.07644603322913834,False,0.1677316278219223,0.1677316278219223,0.0,0.0,0.0,0.0,0.0,1.1695009419454059,1.0711339869644418,xgb_gpu_engineered
2025-12-26,0.5735605525503784,False,0.5034027099609375,0.5034027099609375,0.0,0.0,0.0,0.0,0.0,1.1695009419454059,1.0711339869644418,xgb_gpu_engineered
2025-12-27,0.038358610925337544,False,0.33305901288986206,0.33305901288986206,0.0,0.0,0.0,0.0,0.0,1.1695009419454059,1.0711339869644418,xgb_gpu_engineered
2025-12-28,-0.7943173820266769,False,0.2584797143936157,0.2584797143936157,0.0,-0.0,0.0,0.0,-0.0,1.1695009419454059,1.0711339869644418,xgb_gpu_engineered
2025-12-29,1.4826942349620564,False,0.431024968624115,0.431024968624115,0.0,0.0,0.0,0.0,0.0,1.1695009419454059,1.0711339869644418,xgb_gpu_engineered
2025-12-30,-1.041844740246467,False,0.18005390465259552,0.18005390465259552,0.0,-0.0,0.0,0.0,-0.0,1.1695009419454059,1.0711339869644418,xgb_gpu_engineered
2025-12-31,1.3977518339667538,False,0.45159003138542175,0.45159003138542175,0.0,0.0,0.0,0.0,0.0,1.1695009419454059,1.0711339869644418,xgb_gpu_engineered
2026-01-01,1.3667122921255048,False,0.25062045454978943,0.25062045454978943,0.0,0.0,0.0,0.0,0.0,1.1695009419454059,1.0711339869644418,xgb_gpu_engineered
2026-01-02,0.7321078638514056,False,0.573234498500824,0.573234498500824,0.0,0.0,0.0,0.0,0.0,1.1695009419454059,1.0711339869644418,xgb_gpu_engineered
2026-01-03,0.8943445698309516,False,0.5338153839111328,0.5338153839111328,0.0,0.0,0.0,0.0,0.0,1.1695009419454059,1.0711339869644418,xgb_gpu_engineered
2026-01-04,2.7009825802690735,False,0.5998114347457886,0.5998114347457886,0.0,0.0,0.0,0.0,0.0,1.1695009419454059,1.0711339869644418,xgb_gpu_engineered
2026-01-05,-0.16352711961346023,False,0.5276950597763062,0.5276950597763062,0.0,-0.0,0.0,0.0,-0.0,1.1695009419454059,1.0711339869644418,xgb_gpu_engineered
2026-01-06,-2.5829527204251357,False,0.5205566883087158,0.5205566883087158,0.0,-0.0,0.0,0.0,-0.0,1.1695009419454059,1.0711339869644418,xgb_gpu_engineered
2026-01-07,-0.3076724046541912,False,0.30341020226478577,0.30341020226478577,0.0,-0.0,0.0,0.0,-0.0,1.1695009419454059,1.0711339869644418,xgb_gpu_engineered
2026-01-08,-0.5646925984974294,False,0.5453220009803772,0.5453220009803772,0.0,-0.0,0.0,0.0,-0.0,1.1695009419454059,1.0711339869644418,xgb_gpu_engineered
2026-01-09,-0.1397069847536736,False,0.3120826184749603,0.3120826184749603,0.0,-0.0,0.0,0.0,-0.0,1.1695009419454059,1.0711339869644418,xgb_gpu_engineered
2026-01-10,0.48769647688045037,False,0.2326137125492096,0.2326137125492096,0.0,0.0,0.0,0.0,0.0,1.1695009419454059,1.0711339869644418,xgb_gpu_engineered
2026-01-11,0.4024457429802286,False,0.22974838316440582,0.22974838316440582,0.0,0.0,0.0,0.0,0.0,1.1695009419454059,1.0711339869644418,xgb_gpu_engineered
2026-01-12,4.527528885126264,False,0.36060968041419983,0.36060968041419983,0.0,0.0,0.0,0.0,0.0,1.1695009419454059,1.0711339869644418,xgb_gpu_engineered
2026-01-13,1.6864423365986925,False,0.5860878229141235,0.5860878229141235,0.0,0.0,0.0,0.0,0.0,1.1695009419454059,1.0711339869644418,xgb_gpu_engineered
2026-01-14,-1.421799419905967,False,0.2709425985813141,0.2709425985813141,0.0,-0.0,0.0,0.0,-0.0,1.1695009419454059,1.0711339869644418,xgb_gpu_engineered
2026-01-15,-0.027284132392391136,False,0.30231502652168274,0.30231502652168274,0.0,-0.0,0.0,0.0,-0.0,1.1695009419454059,1.0711339869644418,xgb_gpu_engineered
2026-01-16,-0.4451136256293897,False,0.5497020483016968,0.5497020483016968,0.0,-0.0,0.0,0.0,-0.0,1.1695009419454059,1.0711339869644418,xgb_gpu_engineered
2026-01-17,-1.541002514624834,False,0.42806488275527954,0.42806488275527954,0.0,-0.0,0.0,0.0,-0.0,1.1695009419454059,1.0711339869644418,xgb_gpu_engineered
2026-01-18,-1.1543146480490485,False,0.39806270599365234,0.39806270599365234,0.0,-0.0,0.0,0.0,-0.0,1.1695009419454059,1.0711339869644418,xgb_gpu_engineered
2026-01-19,-4.584033237499218,False,0.6086785197257996,0.6086785197257996,0.0,-0.0,0.0,0.0,-0.0,1.1695009419454059,1.0711339869644418,xgb_gpu_engineered
2026-01-20,1.2071608510981546,False,0.30263930559158325,0.30263930559158325,0.0,0.0,0.0,0.0,0.0,1.1695009419454059,1.0711339869644418,xgb_gpu_engineered
2026-01-21,0.0956534957143873,False,0.5248881578445435,0.5248881578445435,0.0,0.0,0.0,0.0,0.0,1.1695009419454059,1.0711339869644418,xgb_gpu_engineered
2026-01-22,0.04630084862766726,False,0.33422863483428955,0.33422863483428955,0.0,0.0,0.0,0.0,0.0,1.1695009419454059,1.0711339869644418,xgb_gpu_engineered
2026-01-23,-0.439244250598092,False,0.3773333430290222,0.3773333430290222,0.0,-0.0,0.0,0.0,-0.0,1.1695009419454059,1.0711339869644418,xgb_gpu_engineered
2026-01-24,-2.8487203509257375,False,0.2637259364128113,0.2637259364128113,0.0,-0.0,0.0,0.0,-0.0,1.1695009419454059,1.0711339869644418,xgb_gpu_engineered
2026-01-25,1.9578126787931138,False,0.45718303322792053,0.45718303322792053,0.0,0.0,0.0,0.0,0.0,1.1695009419454059,1.0711339869644418,xgb_gpu_engineered
2026-01-26,0.9464787027023913,False,0.3033958971500397,0.3033958971500397,0.0,0.0,0.0,0.0,0.0,1.1695009419454059,1.0711339869644418,xgb_gpu_engineered
2026-01-27,0.09202877056453396,False,0.19123771786689758,0.19123771786689758,0.0,0.0,0.0,0.0,0.0,1.1695009419454059,1.0711339869644418,xgb_gpu_engineered
2026-01-28,-5.183614563372574,False,0.3675854206085205,0.3675854206085205,0.0,-0.0,0.0,0.0,-0.0,1.1695009419454059,1.0711339869644418,xgb_gpu_engineered
2026-01-29,-0.5119696877728619,False,0.2750852406024933,0.2750852406024933,0.0,-0.0,0.0,0.0,-0.0,1.1695009419454059,1.0711339869644418,xgb_gpu_engineered
2026-01-30,-6.546567255435032,True,0.6884671449661255,0.6884671449661255,1.0,-0.06546567255435032,1.0,0.001,-0.06646567255435032,1.0929387762280036,0.9999403461250275,xgb_gpu_engineered
2026-01-31,-2.094439679701987,True,0.6788760423660278,0.6788760423660278,1.0,-0.02094439679701987,0.0,0.0,-0.02094439679701987,1.070047832823835,0.9789971987424355,xgb_gpu_engineered
2026-02-01,2.2271291537603544,False,0.6360653638839722,0.6360653638839722,0.0,0.0,1.0,0.001,-0.001,1.070047832823835,0.9780182015436931,xgb_gpu_engineered
2026-02-02,-3.882661934945053,True,0.4912852346897125,0.4912852346897125,0.0,-0.0,0.0,0.0,-0.0,1.070047832823835,0.9780182015436931,xgb_gpu_engineered
2026-02-03,-3.455931736640505,True,0.5976545214653015,0.5976545214653015,0.0,-0.0,0.0,0.0,-0.0,1.070047832823835,0.9780182015436931,xgb_gpu_engineered
2026-02-04,-14.129892381358545,True,0.6488478183746338,0.6488478183746338,1.0,-0.14129892381358544,1.0,0.001,-0.14229892381358544,0.9188512256167677,0.8388472639939273,xgb_gpu_engineered
2026-02-05,12.524769126232261,True,0.8705558180809021,0.8705558180809021,1.0,0.1252476912623226,0.0,0.0,0.1252476912623226,1.0339352202388232,0.9439109471308827,xgb_gpu_engineered
2026-02-06,-1.8048541205989532,True,0.24089547991752625,0.24089547991752625,0.0,-0.0,1.0,0.001,-0.001,1.0339352202388232,0.9429670361837519,xgb_gpu_engineered
2026-02-07,1.4184900201757111,False,0.5716795325279236,0.5716795325279236,0.0,0.0,0.0,0.0,0.0,1.0339352202388232,0.9429670361837519,xgb_gpu_engineered
2026-02-08,-0.20486141417196402,False,0.3843963146209717,0.3843963146209717,0.0,-0.0,0.0,0.0,-0.0,1.0339352202388232,0.9429670361837519,xgb_gpu_engineered
2026-02-09,-1.8921927121284043,False,0.34544503688812256,0.34544503688812256,0.0,-0.0,0.0,0.0,-0.0,1.0339352202388232,0.9429670361837519,xgb_gpu_engineered
2026-02-10,-2.619404614799148,False,0.6443213224411011,0.6443213224411011,0.0,-0.0,0.0,0.0,-0.0,1.0339352202388232,0.9429670361837519,xgb_gpu_engineered
2026-02-11,-1.1495780977477277,False,0.4289485216140747,0.4289485216140747,0.0,-0.0,0.0,0.0,-0.0,1.0339352202388232,0.9429670361837519,xgb_gpu_engineered
2026-02-12,3.9805596623848194,False,0.6672424674034119,0.6672424674034119,0.0,0.0,0.0,0.0,0.0,1.0339352202388232,0.9429670361837519,xgb_gpu_engineered
2026-02-13,1.3212456278809848,False,0.37873679399490356,0.37873679399490356,0.0,0.0,0.0,0.0,0.0,1.0339352202388232,0.9429670361837519,xgb_gpu_engineered
2026-02-14,-1.4038567315427408,False,0.3230215311050415,0.3230215311050415,0.0,-0.0,0.0,0.0,-0.0,1.0339352202388232,0.9429670361837519,xgb_gpu_engineered
2026-02-15,0.0799101589935125,False,0.41527992486953735,0.41527992486953735,0.0,0.0,0.0,0.0,0.0,1.0339352202388232,0.9429670361837519,xgb_gpu_engineered
2026-02-16,-1.9594358734823403,False,0.3835923671722412,0.3835923671722412,0.0,-0.0,0.0,0.0,-0.0,1.0339352202388232,0.9429670361837519,xgb_gpu_engineered
2026-02-17,-1.5836888807606253,False,0.698647677898407,0.698647677898407,0.0,-0.0,0.0,0.0,-0.0,1.0339352202388232,0.9429670361837519,xgb_gpu_engineered
2026-02-18,0.8012052068341324,False,0.552743673324585,0.552743673324585,0.0,0.0,0.0,0.0,0.0,1.0339352202388232,0.9429670361837519,xgb_gpu_engineered
2026-02-19,1.5650197075734784,False,0.6203003525733948,0.6203003525733948,0.0,0.0,0.0,0.0,0.0,1.0339352202388232,0.9429670361837519,xgb_gpu_engineered
2026-02-20,-0.002435467576455963,False,0.47224047780036926,0.47224047780036926,0.0,-0.0,0.0,0.0,-0.0,1.0339352202388232,0.9429670361837519,xgb_gpu_engineered
2026-02-21,-0.5064057803784272,False,0.3581004738807678,0.3581004738807678,0.0,-0.0,0.0,0.0,-0.0,1.0339352202388232,0.9429670361837519,xgb_gpu_engineered
2026-02-22,-4.497014110892317,False,0.6623115539550781,0.6623115539550781,0.0,-0.0,0.0,0.0,-0.0,1.0339352202388232,0.9429670361837519,xgb_gpu_engineered
2026-02-23,-0.8305824880296298,False,0.3228580355644226,0.3228580355644226,0.0,-0.0,0.0,0.0,-0.0,1.0339352202388232,0.9429670361837519,xgb_gpu_engineered
2026-02-24,6.055055289432643,False,0.45736387372016907,0.45736387372016907,0.0,0.0,0.0,0.0,0.0,1.0339352202388232,0.9429670361837519,xgb_gpu_engineered
2026-02-25,-0.7450715585058165,False,0.49601638317108154,0.49601638317108154,0.0,-0.0,0.0,0.0,-0.0,1.0339352202388232,0.9429670361837519,xgb_gpu_engineered
2026-02-26,-2.3304501473983996,False,0.406791627407074,0.406791627407074,0.0,-0.0,0.0,0.0,-0.0,1.0339352202388232,0.9429670361837519,xgb_gpu_engineered
2026-02-27,1.6910019957618205,False,0.2592044472694397,0.2592044472694397,0.0,0.0,0.0,0.0,0.0,1.0339352202388232,0.9429670361837519,xgb_gpu_engineered
2026-02-28,-1.8773664883674046,False,0.3510567247867584,0.3510567247867584,0.0,-0.0,0.0,0.0,-0.0,1.0339352202388232,0.9429670361837519,xgb_gpu_engineered
2026-03-01,4.620988327616793,False,0.3735196888446808,0.3735196888446808,0.0,0.0,0.0,0.0,0.0,1.0339352202388232,0.9429670361837519,xgb_gpu_engineered
2026-03-02,-0.7011227255569463,False,0.5375593900680542,0.5375593900680542,0.0,-0.0,0.0,0.0,-0.0,1.0339352202388232,0.9429670361837519,xgb_gpu_engineered
2026-03-03,6.467555605177866,False,0.41871708631515503,0.41871708631515503,0.0,0.0,0.0,0.0,0.0,1.0339352202388232,0.9429670361837519,xgb_gpu_engineered
2026-03-04,-2.5710882421896564,True,0.6699002981185913,0.6699002981185913,1.0,-0.025710882421896564,1.0,0.001,-0.026710882421896565,1.0073518333594051,0.9177795545525234,xgb_gpu_engineered
2026-03-05,-3.8178851796890623,False,0.645990788936615,0.645990788936615,0.0,-0.0,1.0,0.001,-0.001,1.0073518333594051,0.9168617749979708,xgb_gpu_engineered
2026-03-06,-1.267893913767526,False,0.37673893570899963,0.37673893570899963,0.0,-0.0,0.0,0.0,-0.0,1.0073518333594051,0.9168617749979708,xgb_gpu_engineered
2026-03-07,-1.936617019467901,False,0.4254476726055145,0.4254476726055145,0.0,-0.0,0.0,0.0,-0.0,1.0073518333594051,0.9168617749979708,xgb_gpu_engineered
2026-03-08,3.6874482776915407,False,0.4536510109901428,0.4536510109901428,0.0,0.0,0.0,0.0,0.0,1.0073518333594051,0.9168617749979708,xgb_gpu_engineered
2026-03-09,2.228780635725758,False,0.5151668190956116,0.5151668190956116,0.0,0.0,0.0,0.0,0.0,1.0073518333594051,0.9168617749979708,xgb_gpu_engineered
2026-03-10,0.3975020350486469,False,0.32031580805778503,0.32031580805778503,0.0,0.0,0.0,0.0,0.0,1.0073518333594051,0.9168617749979708,xgb_gpu_engineered
2026-03-11,0.4110513591636167,False,0.41756924986839294,0.41756924986839294,0.0,0.0,0.0,0.0,0.0,1.0073518333594051,0.9168617749979708,xgb_gpu_engineered
2026-03-12,0.6735442992662266,False,0.3410463035106659,0.3410463035106659,0.0,0.0,0.0,0.0,0.0,1.0073518333594051,0.9168617749979708,xgb_gpu_engineered
2026-03-13,0.34714019404360474,False,0.6545982360839844,0.6545982360839844,0.0,0.0,0.0,0.0,0.0,1.0073518333594051,0.9168617749979708,xgb_gpu_engineered
2026-03-14,2.212030271169718,False,0.3014470636844635,0.3014470636844635,0.0,0.0,0.0,0.0,0.0,1.0073518333594051,0.9168617749979708,xgb_gpu_engineered
2026-03-17,-3.62122396594321,False,0.4682411849498749,0.4682411849498749,0.0,-0.0,0.0,0.0,-0.0,1.0073518333594051,0.9168617749979708,xgb_gpu_engineered
2026-03-18,-1.8706972384470388,False,0.5266273021697998,0.5266273021697998,0.0,-0.0,0.0,0.0,-0.0,1.0073518333594051,0.9168617749979708,xgb_gpu_engineered
2026-03-19,0.8722250723753211,False,0.5501528978347778,0.5501528978347778,0.0,0.0,0.0,0.0,0.0,1.0073518333594051,0.9168617749979708,xgb_gpu_engineered
2026-03-20,-2.5680602546325204,False,0.6995658874511719,0.6995658874511719,0.0,-0.0,0.0,0.0,-0.0,1.0073518333594051,0.9168617749979708,xgb_gpu_engineered
2026-03-21,-1.2607965253281006,False,0.42523252964019775,0.42523252964019775,0.0,-0.0,0.0,0.0,-0.0,1.0073518333594051,0.9168617749979708,xgb_gpu_engineered
2026-03-22,4.524488014825101,False,0.46414536237716675,0.46414536237716675,0.0,0.0,0.0,0.0,0.0,1.0073518333594051,0.9168617749979708,xgb_gpu_engineered
2026-03-23,-0.5598262529164066,False,0.6580407023429871,0.6580407023429871,0.0,-0.0,0.0,0.0,-0.0,1.0073518333594051,0.9168617749979708,xgb_gpu_engineered
2026-03-24,1.1231529778693128,False,0.5027542114257812,0.5027542114257812,0.0,0.0,0.0,0.0,0.0,1.0073518333594051,0.9168617749979708,xgb_gpu_engineered
2026-03-25,-3.531428903229905,False,0.3608648478984833,0.3608648478984833,0.0,-0.0,0.0,0.0,-0.0,1.0073518333594051,0.9168617749979708,xgb_gpu_engineered
2026-03-26,-3.5662044616623034,False,0.3888114094734192,0.3888114094734192,0.0,-0.0,0.0,0.0,-0.0,1.0073518333594051,0.9168617749979708,xgb_gpu_engineered
2026-03-27,-0.02815819275042708,False,0.4429394006729126,0.4429394006729126,0.0,-0.0,0.0,0.0,-0.0,1.0073518333594051,0.9168617749979708,xgb_gpu_engineered
2026-03-28,-0.5500227885263609,False,0.35676226019859314,0.35676226019859314,0.0,-0.0,0.0,0.0,-0.0,1.0073518333594051,0.9168617749979708,xgb_gpu_engineered
2026-03-29,1.116707315484189,False,0.2554660737514496,0.2554660737514496,0.0,0.0,0.0,0.0,0.0,1.0073518333594051,0.9168617749979708,xgb_gpu_engineered
2026-03-30,2.311941479563351,False,0.6152920722961426,0.6152920722961426,0.0,0.0,0.0,0.0,0.0,1.0073518333594051,0.9168617749979708,xgb_gpu_engineered
2026-03-31,-0.22680682914228978,False,0.31079426407814026,0.31079426407814026,0.0,-0.0,0.0,0.0,-0.0,1.0073518333594051,0.9168617749979708,xgb_gpu_engineered
2026-04-01,-1.7479577533077273,False,0.41614460945129395,0.41614460945129395,0.0,-0.0,0.0,0.0,-0.0,1.0073518333594051,0.9168617749979708,xgb_gpu_engineered
2026-04-02,0.06358522809097877,False,0.25294792652130127,0.25294792652130127,0.0,0.0,0.0,0.0,0.0,1.0073518333594051,0.9168617749979708,xgb_gpu_engineered
2026-04-03,0.5369911059425414,False,0.2149588167667389,0.2149588167667389,0.0,0.0,0.0,0.0,0.0,1.0073518333594051,0.9168617749979708,xgb_gpu_engineered
2026-04-04,2.513553056906015,False,0.23476405441761017,0.23476405441761017,0.0,0.0,0.0,0.0,0.0,1.0073518333594051,0.9168617749979708,xgb_gpu_engineered
2026-04-05,-0.17695992030517527,False,0.33178767561912537,0.33178767561912537,0.0,-0.0,0.0,0.0,-0.0,1.0073518333594051,0.9168617749979708,xgb_gpu_engineered
2026-04-06,4.474125312086663,False,0.32567065954208374,0.32567065954208374,0.0,0.0,0.0,0.0,0.0,1.0073518333594051,0.9168617749979708,xgb_gpu_engineered
2026-04-07,-1.1361353371537541,False,0.6467261910438538,0.6467261910438538,0.0,-0.0,0.0,0.0,-0.0,1.0073518333594051,0.9168617749979708,xgb_gpu_engineered
2026-04-08,0.9061281070850802,False,0.4987679123878479,0.4987679123878479,0.0,0.0,0.0,0.0,0.0,1.0073518333594051,0.9168617749979708,xgb_gpu_engineered
2026-04-09,1.6876904061948084,False,0.4858291447162628,0.4858291447162628,0.0,0.0,0.0,0.0,0.0,1.0073518333594051,0.9168617749979708,xgb_gpu_engineered
2026-04-10,0.10307967248304184,False,0.612225353717804,0.612225353717804,0.0,0.0,0.0,0.0,0.0,1.0073518333594051,0.9168617749979708,xgb_gpu_engineered
2026-04-11,-3.1495312720733026,False,0.452014684677124,0.452014684677124,0.0,-0.0,0.0,0.0,-0.0,1.0073518333594051,0.9168617749979708,xgb_gpu_engineered
2026-04-12,5.273575609654846,False,0.4088437855243683,0.4088437855243683,0.0,0.0,0.0,0.0,0.0,1.0073518333594051,0.9168617749979708,xgb_gpu_engineered
2026-04-13,-0.40683723175310993,False,0.6458206176757812,0.6458206176757812,0.0,-0.0,0.0,0.0,-0.0,1.0073518333594051,0.9168617749979708,xgb_gpu_engineered
2026-04-14,0.8404626904874313,False,0.4024949371814728,0.4024949371814728,0.0,0.0,0.0,0.0,0.0,1.0073518333594051,0.9168617749979708,xgb_gpu_engineered
2026-04-15,0.4639453579876829,False,0.49378108978271484,0.49378108978271484,0.0,0.0,0.0,0.0,0.0,1.0073518333594051,0.9168617749979708,xgb_gpu_engineered
2026-04-16,2.627659540184779,False,0.636464536190033,0.636464536190033,0.0,0.0,0.0,0.0,0.0,1.0073518333594051,0.9168617749979708,xgb_gpu_engineered
2026-04-17,-1.8950106561428814,False,0.25730860233306885,0.25730860233306885,0.0,-0.0,0.0,0.0,-0.0,1.0073518333594051,0.9168617749979708,xgb_gpu_engineered
2024-11-26,4.323745271515378,True,0.535566730987754,0.535566730987754,0.0,0.0,0.0,0.0,0.0,1.0,1.0,extra_trees_engineered
2024-11-27,-0.32310787967048116,True,0.529312420707929,0.529312420707929,0.0,-0.0,0.0,0.0,-0.0,1.0,1.0,extra_trees_engineered
2024-11-28,1.8912786163713058,True,0.5220573672941349,0.5220573672941349,0.0,0.0,0.0,0.0,0.0,1.0,1.0,extra_trees_engineered
2024-11-29,-1.0388394458550332,True,0.5461440865006792,0.5461440865006792,0.0,-0.0,0.0,0.0,-0.0,1.0,1.0,extra_trees_engineered
2024-11-30,0.8613193542348574,False,0.5381605855516532,0.5381605855516532,0.0,0.0,0.0,0.0,0.0,1.0,1.0,extra_trees_engineered
2024-12-01,-1.454037255458307,False,0.527118941249257,0.527118941249257,0.0,-0.0,0.0,0.0,-0.0,1.0,1.0,extra_trees_engineered
2024-12-02,0.1427621551364444,True,0.5428726647962502,0.5428726647962502,0.0,0.0,0.0,0.0,0.0,1.0,1.0,extra_trees_engineered
2024-12-03,2.881567529768403,True,0.5103368087841023,0.5103368087841023,0.0,0.0,0.0,0.0,0.0,1.0,1.0,extra_trees_engineered
2024-12-04,-2.2020788503929523,True,0.5477223849015165,0.5477223849015165,0.0,-0.0,0.0,0.0,-0.0,1.0,1.0,extra_trees_engineered
2024-12-05,3.444474217316973,True,0.5979400028082903,0.5979400028082903,1.0,0.03444474217316973,1.0,0.001,0.03344474217316973,1.0344447421731697,1.0334447421731698,extra_trees_engineered
2024-12-06,0.002627082989481444,True,0.5610675981900295,0.5610675981900295,1.0,2.627082989481444e-05,0.0,0.0,2.627082989481444e-05,1.034471917895027,1.0334718916241972,extra_trees_engineered
2024-12-07,1.3136868131795154,True,0.5520627826482304,0.5520627826482304,0.0,0.0,1.0,0.001,-0.001,1.034471917895027,1.0324384197325729,extra_trees_engineered
2024-12-08,-3.7568614800964073,True,0.5580905462985762,0.5580905462985762,0.0,-0.0,0.0,0.0,-0.0,1.034471917895027,1.0324384197325729,extra_trees_engineered
2024-12-09,-0.7772430783165474,True,0.5442873407295638,0.5442873407295638,0.0,-0.0,0.0,0.0,-0.0,1.034471917895027,1.0324384197325729,extra_trees_engineered
2024-12-10,4.652269534294651,True,0.5336633871304569,0.5336633871304569,0.0,0.0,0.0,0.0,0.0,1.034471917895027,1.0324384197325729,extra_trees_engineered
2024-12-11,-1.1169293200355757,True,0.5318783434496183,0.5318783434496183,0.0,-0.0,0.0,0.0,-0.0,1.034471917895027,1.0324384197325729,extra_trees_engineered
2024-12-12,1.4156490833941326,True,0.5348801196659174,0.5348801196659174,0.0,0.0,0.0,0.0,0.0,1.034471917895027,1.0324384197325729,extra_trees_engineered
2024-12-13,-0.08504799301751742,True,0.561245398675876,0.561245398675876,1.0,-0.0008504799301751742,1.0,0.001,-0.0018504799301751742,1.0335921202905274,1.030527913157716,extra_trees_engineered
2024-12-14,2.886101293644905,True,0.5671052323329746,0.5671052323329746,1.0,0.02886101293644905,0.0,0.0,0.02886101293644905,1.063422635845244,1.0602699925907328,extra_trees_engineered
2024-12-15,1.6596788984881483,True,0.5658841923699676,0.5658841923699676,1.0,0.016596788984881483,0.0,0.0,0.016596788984881483,1.081072036934114,1.077867069924763,extra_trees_engineered
2024-12-16,0.1045771070669721,True,0.5731687505907851,0.5731687505907851,1.0,0.001045771070669721,0.0,0.0,0.001045771070669721,1.0822025907956496,1.0789942721245178,extra_trees_engineered
2024-12-17,-5.746210601989676,True,0.5725701449179811,0.5725701449179811,1.0,-0.057462106019896764,0.0,0.0,-0.057462106019896764,1.020016950788343,1.0169929888648375,extra_trees_engineered
2024-12-18,-2.5495268879325628,True,0.5544208843515772,0.5544208843515772,0.0,-0.0,1.0,0.001,-0.001,1.020016950788343,1.0159759958759726,extra_trees_engineered
2024-12-19,0.2717960528709318,True,0.5522499586149938,0.5522499586149938,0.0,0.0,0.0,0.0,0.0,1.020016950788343,1.0159759958759726,extra_trees_engineered
2024-12-20,-0.5433973434635808,True,0.5528130550234321,0.5528130550234321,0.0,-0.0,0.0,0.0,-0.0,1.020016950788343,1.0159759958759726,extra_trees_engineered
2024-12-21,-2.1802983021374844,True,0.554031968245958,0.554031968245958,0.0,-0.0,0.0,0.0,-0.0,1.020016950788343,1.0159759958759726,extra_trees_engineered
2024-12-22,-0.4402456102765462,True,0.5591170030310171,0.5591170030310171,0.0,-0.0,0.0,0.0,-0.0,1.020016950788343,1.0159759958759726,extra_trees_engineered
2024-12-23,4.213760595334648,True,0.5303325394332862,0.5303325394332862,0.0,0.0,0.0,0.0,0.0,1.020016950788343,1.0159759958759726,extra_trees_engineered
2024-12-24,0.6314615210434305,True,0.5061252705959745,0.5061252705959745,0.0,0.0,0.0,0.0,0.0,1.020016950788343,1.0159759958759726,extra_trees_engineered
2024-12-25,-3.528406928650052,False,0.4725795813745414,0.4725795813745414,0.0,-0.0,0.0,0.0,-0.0,1.020016950788343,1.0159759958759726,extra_trees_engineered
2024-12-26,-1.7022260795415023,True,0.5147689120004465,0.5147689120004465,0.0,-0.0,0.0,0.0,-0.0,1.020016950788343,1.0159759958759726,extra_trees_engineered
2024-12-27,1.0609799867287384,True,0.4941367084002573,0.4941367084002573,0.0,0.0,0.0,0.0,0.0,1.020016950788343,1.0159759958759726,extra_trees_engineered
2024-12-28,-1.7167251608511402,False,0.4660691961695948,0.4660691961695948,0.0,-0.0,0.0,0.0,-0.0,1.020016950788343,1.0159759958759726,extra_trees_engineered
2024-12-29,-0.948373223930199,False,0.48287489885361573,0.48287489885361573,0.0,-0.0,0.0,0.0,-0.0,1.020016950788343,1.0159759958759726,extra_trees_engineered
2024-12-30,0.8484077565384274,True,0.509955062994313,0.509955062994313,0.0,0.0,0.0,0.0,0.0,1.020016950788343,1.0159759958759726,extra_trees_engineered
2024-12-31,1.060219561302178,True,0.49467945081841463,0.49467945081841463,0.0,0.0,0.0,0.0,0.0,1.020016950788343,1.0159759958759726,extra_trees_engineered
2025-01-01,2.6129247147606893,False,0.46585293407378237,0.46585293407378237,0.0,0.0,0.0,0.0,0.0,1.020016950788343,1.0159759958759726,extra_trees_engineered
2025-01-02,1.2597729955682757,True,0.5013728688048106,0.5013728688048106,0.0,0.0,0.0,0.0,0.0,1.020016950788343,1.0159759958759726,extra_trees_engineered
2025-01-03,0.13128146911018934,False,0.5211376278647931,0.5211376278647931,0.0,0.0,0.0,0.0,0.0,1.020016950788343,1.0159759958759726,extra_trees_engineered
2025-01-04,0.0801480042089242,False,0.49647389981978174,0.49647389981978174,0.0,0.0,0.0,0.0,0.0,1.020016950788343,1.0159759958759726,extra_trees_engineered
2025-01-05,3.8276219245942267,False,0.4879129758559632,0.4879129758559632,0.0,0.0,0.0,0.0,0.0,1.020016950788343,1.0159759958759726,extra_trees_engineered
2025-01-07,-1.9388436629511285,True,0.5093982089194397,0.5093982089194397,0.0,-0.0,0.0,0.0,-0.0,1.020016950788343,1.0159759958759726,extra_trees_engineered
2025-01-08,-2.6929603222076492,True,0.5543813724912829,0.5543813724912829,0.0,-0.0,0.0,0.0,-0.0,1.020016950788343,1.0159759958759726,extra_trees_engineered
2025-01-09,2.3976181025154863,True,0.5207204402450196,0.5207204402450196,0.0,0.0,0.0,0.0,0.0,1.020016950788343,1.0159759958759726,extra_trees_engineered
2025-01-10,-0.1424047578467369,True,0.4653141807981033,0.4653141807981033,0.0,-0.0,0.0,0.0,-0.0,1.020016950788343,1.0159759958759726,extra_trees_engineered
2025-01-11,-0.08264678561502592,False,0.4610397814983569,0.4610397814983569,0.0,-0.0,0.0,0.0,-0.0,1.020016950788343,1.0159759958759726,extra_trees_engineered
2025-01-12,0.029724205673309356,False,0.47074943287845294,0.47074943287845294,0.0,0.0,0.0,0.0,0.0,1.020016950788343,1.0159759958759726,extra_trees_engineered
2025-01-13,2.1345722040169157,True,0.5145628974584756,0.5145628974584756,0.0,0.0,0.0,0.0,0.0,1.020016950788343,1.0159759958759726,extra_trees_engineered
2025-01-14,4.11299996325778,True,0.4719971809071409,0.4719971809071409,0.0,0.0,0.0,0.0,0.0,1.020016950788343,1.0159759958759726,extra_trees_engineered
2025-01-15,-0.7438333563293043,True,0.5368333074884323,0.5368333074884323,0.0,-0.0,0.0,0.0,-0.0,1.020016950788343,1.0159759958759726,extra_trees_engineered
2025-01-16,4.716598568833419,True,0.5008969759029847,0.5008969759029847,0.0,0.0,0.0,0.0,0.0,1.020016950788343,1.0159759958759726,extra_trees_engineered
2025-01-17,-0.051663504258914195,True,0.5740809644174616,0.5740809644174616,1.0,-0.000516635042589142,1.0,0.001,-0.001516635042589142,1.0194899742875307,1.0144351310781978,extra_trees_engineered
2025-01-18,-3.1783567377192568,True,0.6191584203250073,0.6191584203250073,1.0,-0.03178356737719257,0.0,0.0,-0.03178356737719257,0.9870869459993907,0.9821927637397827,extra_trees_engineered
2025-01-19,0.9170622908047932,True,0.594113237434523,0.594113237434523,1.0,0.009170622908047932,0.0,0.0,0.009170622908047932,0.9961391481586078,0.9912000831990536,extra_trees_engineered
2025-01-20,4.047967653568851,True,0.5397024320340111,0.5397024320340111,0.0,0.0,1.0,0.001,-0.001,0.9961391481586078,0.9902088831158545,extra_trees_engineered
2025-01-21,-2.3488299826845638,True,0.534396594927276,0.534396594927276,0.0,-0.0,0.0,0.0,-0.0,0.9961391481586078,0.9902088831158545,extra_trees_engineered
2025-01-22,0.2962783076025932,True,0.5386393214052589,0.5386393214052589,0.0,0.0,0.0,0.0,0.0,0.9961391481586078,0.9902088831158545,extra_trees_engineered
2025-01-23,0.8265785680243276,True,0.5577566522341129,0.5577566522341129,0.0,0.0,0.0,0.0,0.0,0.9961391481586078,0.9902088831158545,extra_trees_engineered
2025-01-24,-0.10001569662844156,True,0.4922588178555094,0.4922588178555094,0.0,-0.0,0.0,0.0,-0.0,0.9961391481586078,0.9902088831158545,extra_trees_engineered
2025-01-25,-1.9406534499448846,False,0.46146393358860993,0.46146393358860993,0.0,-0.0,0.0,0.0,-0.0,0.9961391481586078,0.9902088831158545,extra_trees_engineered
2025-01-26,-0.5792734886665207,False,0.47631970033551485,0.47631970033551485,0.0,-0.0,0.0,0.0,-0.0,0.9961391481586078,0.9902088831158545,extra_trees_engineered
2025-01-27,-0.7397669160641884,True,0.5338698262179821,0.5338698262179821,0.0,-0.0,0.0,0.0,-0.0,0.9961391481586078,0.9902088831158545,extra_trees_engineered
2025-01-28,2.3395602825692086,True,0.5277251791850401,0.5277251791850401,0.0,0.0,0.0,0.0,0.0,0.9961391481586078,0.9902088831158545,extra_trees_engineered
2025-01-29,0.9952379879751394,True,0.4898272781308683,0.4898272781308683,0.0,0.0,0.0,0.0,0.0,0.9961391481586078,0.9902088831158545,extra_trees_engineered
2025-01-30,-2.2249243050878498,False,0.47538456521451516,0.47538456521451516,0.0,-0.0,0.0,0.0,-0.0,0.9961391481586078,0.9902088831158545,extra_trees_engineered
2025-01-31,-1.7080384621634526,True,0.524572082730286,0.524572082730286,0.0,-0.0,0.0,0.0,-0.0,0.9961391481586078,0.9902088831158545,extra_trees_engineered
2025-02-01,-2.947596219670423,False,0.5319824453456125,0.5319824453456125,0.0,-0.0,0.0,0.0,-0.0,0.9961391481586078,0.9902088831158545,extra_trees_engineered
2025-02-02,3.804365081173988,True,0.5699582256921406,0.5699582256921406,1.0,0.03804365081173988,1.0,0.001,0.03704365081173988,1.0340359180710579,1.0268898352126812,extra_trees_engineered
2025-02-03,-3.4846278405663456,True,0.46830424712542956,0.46830424712542956,0.0,-0.0,1.0,0.001,-0.001,1.0340359180710579,1.0258629453774686,extra_trees_engineered
2025-02-04,-1.2836943218062724,True,0.515648277370977,0.515648277370977,0.0,-0.0,0.0,0.0,-0.0,1.0340359180710579,1.0258629453774686,extra_trees_engineered
2025-02-05,-0.022924323774897726,True,0.4764093430220727,0.4764093430220727,0.0,-0.0,0.0,0.0,-0.0,1.0340359180710579,1.0258629453774686,extra_trees_engineered
2025-02-06,-0.06647556256734743,False,0.5218197771060492,0.5218197771060492,0.0,-0.0,0.0,0.0,-0.0,1.0340359180710579,1.0258629453774686,extra_trees_engineered
2025-02-07,-0.04830959709924976,True,0.5314857883946874,0.5314857883946874,0.0,-0.0,0.0,0.0,-0.0,1.0340359180710579,1.0258629453774686,extra_trees_engineered
2025-02-08,0.018283765004545316,False,0.51247114598009,0.51247114598009,0.0,0.0,0.0,0.0,0.0,1.0340359180710579,1.0258629453774686,extra_trees_engineered
2025-02-09,0.9714611676219231,False,0.48481271443739593,0.48481271443739593,0.0,0.0,0.0,0.0,0.0,1.0340359180710579,1.0258629453774686,extra_trees_engineered
2025-02-10,-1.7345724709743937,False,0.4732537639414416,0.4732537639414416,0.0,-0.0,0.0,0.0,-0.0,1.0340359180710579,1.0258629453774686,extra_trees_engineered
2025-02-11,2.233406885677658,False,0.5065214159404549,0.5065214159404549,0.0,0.0,0.0,0.0,0.0,1.0340359180710579,1.0258629453774686,extra_trees_engineered
2025-02-12,-1.2892487184132717,True,0.46601130910900646,0.46601130910900646,0.0,-0.0,0.0,0.0,-0.0,1.0340359180710579,1.0258629453774686,extra_trees_engineered
2025-02-13,0.9160278803397981,False,0.5095964876585576,0.5095964876585576,0.0,0.0,0.0,0.0,0.0,1.0340359180710579,1.0258629453774686,extra_trees_engineered
2025-02-14,0.07320640697474623,False,0.4525652853082501,0.4525652853082501,0.0,0.0,0.0,0.0,0.0,1.0340359180710579,1.0258629453774686,extra_trees_engineered
2025-02-15,-1.4401672980240199,False,0.44440319529921,0.44440319529921,0.0,-0.0,0.0,0.0,-0.0,1.0340359180710579,1.0258629453774686,extra_trees_engineered
2025-02-16,-0.41762236235300954,False,0.48707724227910715,0.48707724227910715,0.0,-0.0,0.0,0.0,-0.0,1.0340359180710579,1.0258629453774686,extra_trees_engineered
2025-02-17,-0.24415545387781457,False,0.5245253771741525,0.5245253771741525,0.0,-0.0,0.0,0.0,-0.0,1.0340359180710579,1.0258629453774686,extra_trees_engineered
2025-02-18,1.1472343504350446,False,0.5249238393524098,0.5249238393524098,0.0,0.0,0.0,0.0,0.0,1.0340359180710579,1.0258629453774686,extra_trees_engineered
2025-02-19,1.7574558032842136,False,0.4786057340025936,0.4786057340025936,0.0,0.0,0.0,0.0,0.0,1.0340359180710579,1.0258629453774686,extra_trees_engineered
2025-02-20,-2.245807176184722,False,0.48979628789941754,0.48979628789941754,0.0,-0.0,0.0,0.0,-0.0,1.0340359180710579,1.0258629453774686,extra_trees_engineered
2025-02-21,0.47043783073406065,True,0.5168999198197906,0.5168999198197906,0.0,0.0,0.0,0.0,0.0,1.0340359180710579,1.0258629453774686,extra_trees_engineered
2025-02-22,-0.31460239332733453,False,0.4744470622979636,0.4744470622979636,0.0,-0.0,0.0,0.0,-0.0,1.0340359180710579,1.0258629453774686,extra_trees_engineered
2025-02-23,-5.043681513571874,False,0.48656076422951805,0.48656076422951805,0.0,-0.0,0.0,0.0,-0.0,1.0340359180710579,1.0258629453774686,extra_trees_engineered
2025-02-24,-2.9337712021491935,False,0.5190799610443168,0.5190799610443168,0.0,-0.0,0.0,0.0,-0.0,1.0340359180710579,1.0258629453774686,extra_trees_engineered
2025-02-25,-4.94629004695274,True,0.6213890574814271,0.6213890574814271,1.0,-0.0494629004695274,1.0,0.001,-0.0504629004695274,0.9828895023735927,0.9740949256695092,extra_trees_engineered
2025-02-26,0.4234922709094535,True,0.5694946207297916,0.5694946207297916,1.0,0.004234922709094535,0.0,0.0,0.004234922709094535,0.9870519634477253,0.9782201423910407,extra_trees_engineered
2025-02-27,-0.3910297790814532,True,0.5705912262712665,0.5705912262712665,1.0,-0.003910297790814532,0.0,0.0,-0.003910297790814532,0.9831922963356365,0.9743950103293187,extra_trees_engineered
2025-02-28,1.9661575342751147,True,0.5874782800095091,0.5874782800095091,1.0,0.019661575342751147,0.0,0.0,0.019661575342751147,1.0025234057464523,0.9935531512385094,extra_trees_engineered
2025-03-01,9.550452979612857,False,0.5446885947702268,0.5446885947702268,0.0,0.0,1.0,0.001,-0.001,1.0025234057464523,0.9925595980872709,extra_trees_engineered
2025-03-02,-8.682040111941614,True,0.4474025458011546,0.4474025458011546,0.0,-0.0,0.0,0.0,-0.0,1.0025234057464523,0.9925595980872709,extra_trees_engineered
2025-03-03,1.3437685575495406,True,0.5290768192702335,0.5290768192702335,0.0,0.0,0.0,0.0,0.0,1.0025234057464523,0.9925595980872709,extra_trees_engineered
2025-03-04,3.899657851208138,True,0.5054310216420186,0.5054310216420186,0.0,0.0,0.0,0.0,0.0,1.0025234057464523,0.9925595980872709,extra_trees_engineered
2025-03-05,-0.7303133084179958,True,0.477712387320332,0.477712387320332,0.0,-0.0,0.0,0.0,-0.0,1.0025234057464523,0.9925595980872709,extra_trees_engineered
2025-03-06,-3.57824911826653,False,0.4774660475483476,0.4774660475483476,0.0,-0.0,0.0,0.0,-0.0,1.0025234057464523,0.9925595980872709,extra_trees_engineered
2025-03-07,-0.6779571257010009,True,0.4755855969020604,0.4755855969020604,0.0,-0.0,0.0,0.0,-0.0,1.0025234057464523,0.9925595980872709,extra_trees_engineered
2025-03-08,-6.44603432710168,False,0.4933097532335062,0.4933097532335062,0.0,-0.0,0.0,0.0,-0.0,1.0025234057464523,0.9925595980872709,extra_trees_engineered
2025-03-09,-2.567012890361897,False,0.47348594458111665,0.47348594458111665,0.0,-0.0,0.0,0.0,-0.0,1.0025234057464523,0.9925595980872709,extra_trees_engineered
2025-03-10,5.513944554449135,True,0.5462518077042524,0.5462518077042524,0.0,0.0,0.0,0.0,0.0,1.0025234057464523,0.9925595980872709,extra_trees_engineered
2025-03-11,1.0380466895202334,True,0.4744984955056016,0.4744984955056016,0.0,0.0,0.0,0.0,0.0,1.0025234057464523,0.9925595980872709,extra_trees_engineered
2025-03-12,-3.17197970748182,False,0.4813124224873589,0.4813124224873589,0.0,-0.0,0.0,0.0,-0.0,1.0025234057464523,0.9925595980872709,extra_trees_engineered
2025-03-13,3.580259620308812,False,0.4952878318524339,0.4952878318524339,0.0,0.0,0.0,0.0,0.0,1.0025234057464523,0.9925595980872709,extra_trees_engineered
2025-03-14,0.44541123525254633,False,0.45667574382056453,0.45667574382056453,0.0,0.0,0.0,0.0,0.0,1.0025234057464523,0.9925595980872709,extra_trees_engineered
2025-03-15,-2.0907717157540473,False,0.4427880357374001,0.4427880357374001,0.0,-0.0,0.0,0.0,-0.0,1.0025234057464523,0.9925595980872709,extra_trees_engineered
2025-03-16,1.8115835083536647,False,0.4039207558418519,0.4039207558418519,0.0,0.0,0.0,0.0,0.0,1.0025234057464523,0.9925595980872709,extra_trees_engineered
2025-03-17,-1.6142449028442418,False,0.4122470474498806,0.4122470474498806,0.0,-0.0,0.0,0.0,-0.0,1.0025234057464523,0.9925595980872709,extra_trees_engineered
2025-03-18,4.9997601050550955,False,0.397356652315842,0.397356652315842,0.0,0.0,0.0,0.0,0.0,1.0025234057464523,0.9925595980872709,extra_trees_engineered
2025-03-19,-3.093725379117185,False,0.4368931622782552,0.4368931622782552,0.0,-0.0,0.0,0.0,-0.0,1.0025234057464523,0.9925595980872709,extra_trees_engineered
2025-03-20,-0.14727011460912154,False,0.4786426598736226,0.4786426598736226,0.0,-0.0,0.0,0.0,-0.0,1.0025234057464523,0.9925595980872709,extra_trees_engineered
2025-03-21,-0.25077306278807887,False,0.4763845239080054,0.4763845239080054,0.0,-0.0,0.0,0.0,-0.0,1.0025234057464523,0.9925595980872709,extra_trees_engineered
2025-03-22,2.6503933905394295,False,0.47423719148320953,0.47423719148320953,0.0,0.0,0.0,0.0,0.0,1.0025234057464523,0.9925595980872709,extra_trees_engineered
2025-03-23,1.6786352378946434,False,0.4497812465394485,0.4497812465394485,0.0,0.0,0.0,0.0,0.0,1.0025234057464523,0.9925595980872709,extra_trees_engineered
2025-03-24,-0.031098600241552532,False,0.5212103473109074,0.5212103473109074,0.0,-0.0,0.0,0.0,-0.0,1.0025234057464523,0.9925595980872709,extra_trees_engineered
2025-03-25,-0.652577110204744,False,0.4898295396177551,0.4898295396177551,0.0,-0.0,0.0,0.0,-0.0,1.0025234057464523,0.9925595980872709,extra_trees_engineered
2025-03-26,0.3178549412391707,False,0.4996343568245064,0.4996343568245064,0.0,0.0,0.0,0.0,0.0,1.0025234057464523,0.9925595980872709,extra_trees_engineered
2025-03-27,-3.2393289916566204,False,0.4874594092611896,0.4874594092611896,0.0,-0.0,0.0,0.0,-0.0,1.0025234057464523,0.9925595980872709,extra_trees_engineered
2025-03-28,-2.0812056603918605,False,0.5210389734555954,0.5210389734555954,0.0,-0.0,0.0,0.0,-0.0,1.0025234057464523,0.9925595980872709,extra_trees_engineered
2025-03-29,-0.3184869109843613,False,0.5560916485788189,0.5560916485788189,0.0,-0.0,0.0,0.0,-0.0,1.0025234057464523,0.9925595980872709,extra_trees_engineered
2025-03-30,0.26038970780313253,False,0.4979838614898786,0.4979838614898786,0.0,0.0,0.0,0.0,0.0,1.0025234057464523,0.9925595980872709,extra_trees_engineered
2025-03-31,3.17418810684309,False,0.4844668800982961,0.4844668800982961,0.0,0.0,0.0,0.0,0.0,1.0025234057464523,0.9925595980872709,extra_trees_engineered
2025-04-01,-3.1507420800550134,False,0.4543697196075263,0.4543697196075263,0.0,-0.0,0.0,0.0,-0.0,1.0025234057464523,0.9925595980872709,extra_trees_engineered
2025-04-02,0.7481504135517403,False,0.5063467886812165,0.5063467886812165,0.0,0.0,0.0,0.0,0.0,1.0025234057464523,0.9925595980872709,extra_trees_engineered
2025-04-03,0.8916382019940938,False,0.5100673404599247,0.5100673404599247,0.0,0.0,0.0,0.0,0.0,1.0025234057464523,0.9925595980872709,extra_trees_engineered
2025-04-04,-0.4043325726492686,False,0.4801024172718487,0.4801024172718487,0.0,-0.0,0.0,0.0,-0.0,1.0025234057464523,0.9925595980872709,extra_trees_engineered
2025-04-05,-6.3353396427263675,False,0.4446036692136883,0.4446036692136883,0.0,-0.0,0.0,0.0,-0.0,1.0025234057464523,0.9925595980872709,extra_trees_engineered
2025-04-06,1.305195029613082,False,0.6721032736794961,0.6721032736794961,0.0,0.0,0.0,0.0,0.0,1.0025234057464523,0.9925595980872709,extra_trees_engineered
2025-04-07,-3.739976334343409,True,0.5927008670927857,0.5927008670927857,1.0,-0.03739976334343409,1.0,0.001,-0.03839976334343409,0.9650292676252814,0.9544455444164657,extra_trees_engineered
2025-04-08,8.26253916648998,False,0.5969327273825948,0.5969327273825948,0.0,0.0,1.0,0.001,-0.001,0.9650292676252814,0.9534910988720492,extra_trees_engineered
2025-04-09,-3.56990599146636,True,0.425296485370208,0.425296485370208,0.0,-0.0,0.0,0.0,-0.0,0.9650292676252814,0.9534910988720492,extra_trees_engineered
2025-04-10,4.745546227457886,False,0.49529568596769746,0.49529568596769746,0.0,0.0,0.0,0.0,0.0,0.9650292676252814,0.9534910988720492,extra_trees_engineered
2025-04-11,2.256791727173346,False,0.2867222888053496,0.2867222888053496,0.0,0.0,0.0,0.0,0.0,0.9650292676252814,0.9534910988720492,extra_trees_engineered
2025-04-12,-1.878516957885823,False,0.38839750453318755,0.38839750453318755,0.0,-0.0,0.0,0.0,-0.0,0.9650292676252814,0.9534910988720492,extra_trees_engineered
2025-04-13,1.0245734631468162,False,0.23089898268156608,0.23089898268156608,0.0,0.0,0.0,0.0,0.0,0.9650292676252814,0.9534910988720492,extra_trees_engineered
2025-04-14,-1.033089354397465,False,0.30387053737762965,0.30387053737762965,0.0,-0.0,0.0,0.0,-0.0,0.9650292676252814,0.9534910988720492,extra_trees_engineered
2025-04-15,0.4360934564412222,False,0.25647813846403533,0.25647813846403533,0.0,0.0,0.0,0.0,0.0,0.9650292676252814,0.9534910988720492,extra_trees_engineered
2025-04-16,1.025637449930672,False,0.2667716547644637,0.2667716547644637,0.0,0.0,0.0,0.0,0.0,0.9650292676252814,0.9534910988720492,extra_trees_engineered
2025-04-17,-0.5241078764249063,False,0.42523674417707363,0.42523674417707363,0.0,-0.0,0.0,0.0,-0.0,0.9650292676252814,0.9534910988720492,extra_trees_engineered
2025-04-18,0.7254038339443714,False,0.4304159552432697,0.4304159552432697,0.0,0.0,0.0,0.0,0.0,0.9650292676252814,0.9534910988720492,extra_trees_engineered
2025-04-19,0.13036230231544543,False,0.4679763562556863,0.4679763562556863,0.0,0.0,0.0,0.0,0.0,0.9650292676252814,0.9534910988720492,extra_trees_engineered
2025-04-20,2.7527099529631727,False,0.4604972950685944,0.4604972950685944,0.0,0.0,0.0,0.0,0.0,0.9650292676252814,0.9534910988720492,extra_trees_engineered
2025-04-21,6.767662701452015,False,0.5004427652258197,0.5004427652258197,0.0,0.0,0.0,0.0,0.0,0.9650292676252814,0.9534910988720492,extra_trees_engineered
2025-04-22,0.27527134594511615,True,0.5187076963617293,0.5187076963617293,0.0,0.0,0.0,0.0,0.0,0.9650292676252814,0.9534910988720492,extra_trees_engineered
2025-04-23,0.26114175645013393,False,0.5826992311385015,0.5826992311385015,0.0,0.0,0.0,0.0,0.0,0.9650292676252814,0.9534910988720492,extra_trees_engineered
2025-04-24,0.8267742531563593,False,0.5770579614513169,0.5770579614513169,0.0,0.0,0.0,0.0,0.0,0.9650292676252814,0.9534910988720492,extra_trees_engineered
2025-04-26,-0.942540809771053,False,0.586481631697562,0.586481631697562,0.0,-0.0,0.0,0.0,-0.0,0.9650292676252814,0.9534910988720492,extra_trees_engineered
2025-04-27,1.3054325526514532,False,0.5937469210676888,0.5937469210676888,0.0,0.0,0.0,0.0,0.0,0.9650292676252814,0.9534910988720492,extra_trees_engineered
2025-04-28,-0.7306486319308303,False,0.5556092895225504,0.5556092895225504,0.0,-0.0,0.0,0.0,-0.0,0.9650292676252814,0.9534910988720492,extra_trees_engineered
2025-04-29,-0.08217291810309613,False,0.5128736495246763,0.5128736495246763,0.0,-0.0,0.0,0.0,-0.0,0.9650292676252814,0.9534910988720492,extra_trees_engineered
2025-04-30,2.425526614507767,False,0.5479693440051947,0.5479693440051947,0.0,0.0,0.0,0.0,0.0,0.9650292676252814,0.9534910988720492,extra_trees_engineered
2025-05-01,0.43291974532626565,False,0.5914087573978221,0.5914087573978221,0.0,0.0,0.0,0.0,0.0,0.9650292676252814,0.9534910988720492,extra_trees_engineered
2025-05-02,-1.0507405827035687,False,0.5958322078360009,0.5958322078360009,0.0,-0.0,0.0,0.0,-0.0,0.9650292676252814,0.9534910988720492,extra_trees_engineered
2025-05-03,-1.6433317174712747,False,0.5800762307464389,0.5800762307464389,0.0,-0.0,0.0,0.0,-0.0,0.9650292676252814,0.9534910988720492,extra_trees_engineered
2025-05-04,0.45811763897039004,False,0.571383092761394,0.571383092761394,0.0,0.0,0.0,0.0,0.0,0.9650292676252814,0.9534910988720492,extra_trees_engineered
2025-05-05,2.168299794413664,False,0.5362253291182657,0.5362253291182657,0.0,0.0,0.0,0.0,0.0,0.9650292676252814,0.9534910988720492,extra_trees_engineered
2025-05-06,0.23743581586117557,False,0.5553620707742554,0.5553620707742554,0.0,0.0,0.0,0.0,0.0,0.9650292676252814,0.9534910988720492,extra_trees_engineered
2025-05-07,6.3990437464578775,True,0.5914071696388163,0.5914071696388163,1.0,0.06399043746457878,1.0,0.001,0.06299043746457877,1.0267819126267452,1.0135519203085817,extra_trees_engineered
2025-05-08,-0.2621130818400763,True,0.5962995754387915,0.5962995754387915,1.0,-0.002621130818400763,0.0,0.0,-0.002621130818400763,1.0240905829117828,1.0108952681342116,extra_trees_engineered
2025-05-09,1.6756941758927724,True,0.6089360643213264,0.6089360643213264,1.0,0.016756941758927724,0.0,0.0,0.016756941758927724,1.041251209165502,1.0278347812667121,extra_trees_engineered
2025-05-10,-0.5635047193781384,False,0.6309674069840873,0.6309674069840873,0.0,-0.0,1.0,0.001,-0.001,1.041251209165502,1.0268069464854455,extra_trees_engineered
2025-05-11,-1.242389281274392,False,0.656441624570174,0.656441624570174,0.0,-0.0,0.0,0.0,-0.0,1.041251209165502,1.0268069464854455,extra_trees_engineered
2025-05-12,1.3197358248725033,True,0.6412493035862432,0.6412493035862432,1.0,0.013197358248725033,1.0,0.001,0.012197358248725032,1.0549929743997772,1.0393312786640077,extra_trees_engineered
2025-05-13,-0.6051642240404331,True,0.6325494191266553,0.6325494191266553,1.0,-0.006051642240404331,0.0,0.0,-0.006051642240404331,1.0486085343525697,1.0330416175962711,extra_trees_engineered
2025-05-14,0.198211052629782,False,0.5856297340094583,0.5856297340094583,0.0,0.0,1.0,0.001,-0.001,1.0486085343525697,1.0320085759786748,extra_trees_engineered
2025-05-15,-0.24613470244020386,False,0.5689161832210435,0.5689161832210435,0.0,-0.0,0.0,0.0,-0.0,1.0486085343525697,1.0320085759786748,extra_trees_engineered
2025-05-16,-0.28814878109744146,False,0.5891357975628476,0.5891357975628476,0.0,-0.0,0.0,0.0,-0.0,1.0486085343525697,1.0320085759786748,extra_trees_engineered
2025-05-17,3.154266519659865,False,0.5899442697755428,0.5899442697755428,0.0,0.0,0.0,0.0,0.0,1.0486085343525697,1.0320085759786748,extra_trees_engineered
2025-05-18,-0.7889709931436006,False,0.5823457463743853,0.5823457463743853,0.0,-0.0,0.0,0.0,-0.0,1.0486085343525697,1.0320085759786748,extra_trees_engineered
2025-05-19,1.1220046530480143,True,0.5819586923343116,0.5819586923343116,1.0,0.011220046530480143,1.0,0.001,0.010220046530480142,1.0603739709002642,1.0425557516450314,extra_trees_engineered
2025-05-20,2.7034018449719976,False,0.5699950140606742,0.5699950140606742,0.0,0.0,1.0,0.001,-0.001,1.0603739709002642,1.0415131958933863,extra_trees_engineered
2025-05-21,1.8191448638679386,True,0.5742821084019658,0.5742821084019658,1.0,0.018191448638679386,1.0,0.001,0.017191448638679385,1.0796637095296888,1.0594183165070945,extra_trees_engineered
2025-05-22,-3.9270668202023518,True,0.6184952168492113,0.6184952168492113,1.0,-0.03927066820202352,0.0,0.0,-0.03927066820202352,1.0372645942229826,1.017814251312398,extra_trees_engineered
2025-05-23,0.4691674073487251,True,0.5154646385568061,0.5154646385568061,0.0,0.0,1.0,0.001,-0.001,1.0372645942229826,1.0167964370610856,extra_trees_engineered
2025-05-24,1.1543009819045436,False,0.4959538157025252,0.4959538157025252,0.0,0.0,0.0,0.0,0.0,1.0372645942229826,1.0167964370610856,extra_trees_engineered
2025-05-25,0.3714175371671846,False,0.5063113700737135,0.5063113700737135,0.0,0.0,0.0,0.0,0.0,1.0372645942229826,1.0167964370610856,extra_trees_engineered
2025-05-26,-0.4072780217708405,False,0.5243926276605472,0.5243926276605472,0.0,-0.0,0.0,0.0,-0.0,1.0372645942229826,1.0167964370610856,extra_trees_engineered
2025-05-27,-1.0939184653144474,True,0.5959342655852414,0.5959342655852414,1.0,-0.010939184653144474,1.0,0.001,-0.011939184653144475,1.0259177652926084,1.0046567166443539,extra_trees_engineered
2025-05-28,-2.004196337944353,False,0.5656738178193808,0.5656738178193808,0.0,-0.0,1.0,0.001,-0.001,1.0259177652926084,1.0036520599277095,extra_trees_engineered
2025-05-29,-1.5554336978341854,True,0.5693411469877003,0.5693411469877003,1.0,-0.015554336978341854,1.0,0.001,-0.016554336978341855,1.0099602946591797,0.9870372655186592,extra_trees_engineered
2025-05-30,0.6149348357177731,True,0.5951584513268755,0.5951584513268755,1.0,0.006149348357177731,0.0,0.0,0.006149348357177731,1.0161708923379569,0.9931069015058496,extra_trees_engineered
2025-05-31,0.9690618169351017,False,0.5479531755095678,0.5479531755095678,0.0,0.0,1.0,0.001,-0.001,1.0161708923379569,0.9921137946043437,extra_trees_engineered
2025-06-01,0.21715582000447764,False,0.5475627311310517,0.5475627311310517,0.0,0.0,0.0,0.0,0.0,1.0161708923379569,0.9921137946043437,extra_trees_engineered
2025-06-02,-0.42411787466475337,False,0.5321154864667247,0.5321154864667247,0.0,-0.0,0.0,0.0,-0.0,1.0161708923379569,0.9921137946043437,extra_trees_engineered
2025-06-03,-0.6643915136436584,False,0.5647998725616176,0.5647998725616176,0.0,-0.0,0.0,0.0,-0.0,1.0161708923379569,0.9921137946043437,extra_trees_engineered
2025-06-04,-3.0134359325224014,False,0.5542344965675955,0.5542344965675955,0.0,-0.0,0.0,0.0,-0.0,1.0161708923379569,0.9921137946043437,extra_trees_engineered
2025-06-05,2.7707252931573167,True,0.5507571581726038,0.5507571581726038,0.0,0.0,0.0,0.0,0.0,1.0161708923379569,0.9921137946043437,extra_trees_engineered
2025-06-06,1.1737496074678777,False,0.4678374599108497,0.4678374599108497,0.0,0.0,0.0,0.0,0.0,1.0161708923379569,0.9921137946043437,extra_trees_engineered
2025-06-07,0.16855786016509722,False,0.515391714252905,0.515391714252905,0.0,0.0,0.0,0.0,0.0,1.0161708923379569,0.9921137946043437,extra_trees_engineered
2025-06-08,4.253991795791734,False,0.48384143394075363,0.48384143394075363,0.0,0.0,0.0,0.0,0.0,1.0161708923379569,0.9921137946043437,extra_trees_engineered
2025-06-09,-0.03342625487465778,True,0.5601173379518426,0.5601173379518426,0.0,-0.0,0.0,0.0,-0.0,1.0161708923379569,0.9921137946043437,extra_trees_engineered
2025-06-10,-1.4244955298426398,False,0.5806941529292982,0.5806941529292982,0.0,-0.0,0.0,0.0,-0.0,1.0161708923379569,0.9921137946043437,extra_trees_engineered
2025-06-11,-2.5371753999169577,False,0.5768804333642799,0.5768804333642799,0.0,-0.0,0.0,0.0,-0.0,1.0161708923379569,0.9921137946043437,extra_trees_engineered
2025-06-12,0.15285141831733462,True,0.5568482928108788,0.5568482928108788,0.0,0.0,0.0,0.0,0.0,1.0161708923379569,0.9921137946043437,extra_trees_engineered
2025-06-13,-0.5830491579897124,True,0.488105403632528,0.488105403632528,0.0,-0.0,0.0,0.0,-0.0,1.0161708923379569,0.9921137946043437,extra_trees_engineered
2025-06-14,0.0754862720314664,False,0.5309276306154748,0.5309276306154748,0.0,0.0,0.0,0.0,0.0,1.0161708923379569,0.9921137946043437,extra_trees_engineered
2025-06-15,1.1792615001237072,False,0.5068785543144345,0.5068785543144345,0.0,0.0,0.0,0.0,0.0,1.0161708923379569,0.9921137946043437,extra_trees_engineered
2025-06-16,-2.0559056941174436,False,0.5696130889450409,0.5696130889450409,0.0,-0.0,0.0,0.0,-0.0,1.0161708923379569,0.9921137946043437,extra_trees_engineered
2025-06-17,0.2697972498650669,True,0.5313036930632463,0.5313036930632463,0.0,0.0,0.0,0.0,0.0,1.0161708923379569,0.9921137946043437,extra_trees_engineered
2025-06-18,-0.1897718789613423,False,0.5279410958982178,0.5279410958982178,0.0,-0.0,0.0,0.0,-0.0,1.0161708923379569,0.9921137946043437,extra_trees_engineered
2025-06-19,-1.3131746055793259,False,0.5371070138158643,0.5371070138158643,0.0,-0.0,0.0,0.0,-0.0,1.0161708923379569,0.9921137946043437,extra_trees_engineered
2025-06-20,-1.0184874363913243,False,0.49676701169546866,0.49676701169546866,0.0,-0.0,0.0,0.0,-0.0,1.0161708923379569,0.9921137946043437,extra_trees_engineered
2025-06-21,-1.2422235919953284,False,0.4993015404743263,0.4993015404743263,0.0,-0.0,0.0,0.0,-0.0,1.0161708923379569,0.9921137946043437,extra_trees_engineered
2025-06-22,4.545759771084712,True,0.611418211647493,0.611418211647493,1.0,0.04545759771084712,1.0,0.001,0.04445759771084712,1.0623635799673283,1.0362207905682455,extra_trees_engineered
2025-06-23,0.4431419225533917,True,0.5227966554279283,0.5227966554279283,0.0,0.0,1.0,0.001,-0.001,1.0623635799673283,1.0351845697776771,extra_trees_engineered
2025-06-24,1.2406215749838134,False,0.5734888902022792,0.5734888902022792,0.0,0.0,0.0,0.0,0.0,1.0623635799673283,1.0351845697776771,extra_trees_engineered
2025-06-25,-0.3737454466123835,False,0.555455569724764,0.555455569724764,0.0,-0.0,0.0,0.0,-0.0,1.0623635799673283,1.0351845697776771,extra_trees_engineered
2025-06-26,0.12007263229245613,False,0.563249902276593,0.563249902276593,0.0,0.0,0.0,0.0,0.0,1.0623635799673283,1.0351845697776771,extra_trees_engineered
2025-06-27,0.22343537784448309,False,0.5600536857466255,0.5600536857466255,0.0,0.0,0.0,0.0,0.0,1.0623635799673283,1.0351845697776771,extra_trees_engineered
2025-06-28,0.9856422495764683,False,0.5419079749583027,0.5419079749583027,0.0,0.0,0.0,0.0,0.0,1.0623635799673283,1.0351845697776771,extra_trees_engineered
2025-06-29,-1.1535062936840146,False,0.5285438609891607,0.5285438609891607,0.0,-0.0,0.0,0.0,-0.0,1.0623635799673283,1.0351845697776771,extra_trees_engineered
2025-06-30,-1.3413452013053329,False,0.539003509401743,0.539003509401743,0.0,-0.0,0.0,0.0,-0.0,1.0623635799673283,1.0351845697776771,extra_trees_engineered
2025-07-01,2.990624847553991,False,0.4986910120587678,0.4986910120587678,0.0,0.0,0.0,0.0,0.0,1.0623635799673283,1.0351845697776771,extra_trees_engineered
2025-07-02,0.7244728772290987,True,0.5812258666733217,0.5812258666733217,1.0,0.007244728772290987,1.0,0.001,0.006244728772290987,1.0700601159617518,1.0416490166451995,extra_trees_engineered
2025-07-03,-1.4716556343200904,False,0.5942385158676778,0.5942385158676778,0.0,-0.0,1.0,0.001,-0.001,1.0700601159617518,1.0406073676285543,extra_trees_engineered
2025-07-04,0.18220480395592098,False,0.5489460559187673,0.5489460559187673,0.0,0.0,0.0,0.0,0.0,1.0700601159617518,1.0406073676285543,extra_trees_engineered
2025-07-05,0.9247710575546852,False,0.5399881278198049,0.5399881278198049,0.0,0.0,0.0,0.0,0.0,1.0700601159617518,1.0406073676285543,extra_trees_engineered
2025-07-06,-0.8534295352390808,False,0.5624451229388129,0.5624451229388129,0.0,-0.0,0.0,0.0,-0.0,1.0700601159617518,1.0406073676285543,extra_trees_engineered
2025-07-07,0.6005750382996888,False,0.5611938872592256,0.5611938872592256,0.0,0.0,0.0,0.0,0.0,1.0700601159617518,1.0406073676285543,extra_trees_engineered
2025-07-08,2.1810695604753683,False,0.5684611164489111,0.5684611164489111,0.0,0.0,0.0,0.0,0.0,1.0700601159617518,1.0406073676285543,extra_trees_engineered
2025-07-09,4.1864660687494615,True,0.6114123117267881,0.6114123117267881,1.0,0.041864660687494615,1.0,0.001,0.040864660687494614,1.1148578196317116,1.083131434615602,extra_trees_engineered
2025-07-10,1.3189291760499877,True,0.6288168521276591,0.6288168521276591,1.0,0.013189291760499877,0.0,0.0,0.013189291760499877,1.129562004686309,1.097417171121716,extra_trees_engineered
2025-07-11,-0.06957770402219454,True,0.6102676104395361,0.6102676104395361,1.0,-0.0006957770402219454,0.0,0.0,-0.0006957770402219454,1.1287760813779413,1.0966536134505043,extra_trees_engineered
2025-07-12,1.4313342548076147,False,0.5807045480535495,0.5807045480535495,0.0,0.0,1.0,0.001,-0.001,1.1287760813779413,1.0955569598370538,extra_trees_engineered
2025-07-13,0.6158578325259345,False,0.5719175264275655,0.5719175264275655,0.0,0.0,0.0,0.0,0.0,1.1287760813779413,1.0955569598370538,extra_trees_engineered
2025-07-14,-1.729262210051885,True,0.655125881096104,0.655125881096104,1.0,-0.01729262210051885,1.0,0.001,-0.01829262210051885,1.109256583166568,1.0755163503811613,extra_trees_engineered
2025-07-15,0.816219450392297,True,0.6087803999979398,0.6087803999979398,1.0,0.00816219450392297,0.0,0.0,0.00816219450392297,1.1183105511531304,1.0842949240251218,extra_trees_engineered
2025-07-16,0.4643278306736054,True,0.5622455505079234,0.5622455505079234,1.0,0.004643278306736054,0.0,0.0,0.004643278306736054,1.1235031782754938,1.0893296071239518,extra_trees_engineered
2025-07-17,-1.078563897020779,True,0.5748192313646326,0.5748192313646326,1.0,-0.01078563897020779,0.0,0.0,-0.01078563897020779,1.1113854786127333,1.0775804912619544,extra_trees_engineered
2025-07-18,-0.053600229283989886,True,0.5549776438882345,0.5549776438882345,0.0,-0.0,1.0,0.001,-0.001,1.1113854786127333,1.0765029107706925,extra_trees_engineered
2025-07-19,-0.541960002562214,False,0.5597588169584167,0.5597588169584167,0.0,-0.0,0.0,0.0,-0.0,1.1113854786127333,1.0765029107706925,extra_trees_engineered
2025-07-20,0.11828564931994912,True,0.5753133923725259,0.5753133923725259,1.0,0.0011828564931994912,1.0,0.001,0.00018285649319949113,1.112700088142558,1.0766997563178753,extra_trees_engineered
2025-07-21,2.176332622218302,True,0.5087259852761742,0.5087259852761742,0.0,0.0,1.0,0.001,-0.001,1.112700088142558,1.0756230565615574,extra_trees_engineered
2025-07-22,-1.0337504434577038,True,0.5383083123099424,0.5383083123099424,0.0,-0.0,0.0,0.0,-0.0,1.112700088142558,1.0756230565615574,extra_trees_engineered
2025-07-23,-0.32584822936673197,True,0.5623821342763313,0.5623821342763313,1.0,-0.0032584822936673197,1.0,0.001,-0.00425848229366732,1.1090743746071834,1.0710425348205297,extra_trees_engineered
2025-07-24,-0.6185093838706357,True,0.5716148786730565,0.5716148786730565,1.0,-0.006185093838706357,0.0,0.0,-0.006185093838706357,1.1022146455261335,1.0644180362374187,extra_trees_engineered
2025-07-25,0.2647868724685587,True,0.5818411583060423,0.5818411583060423,1.0,0.002647868724685587,0.0,0.0,0.002647868724685587,1.1051331652139125,1.067236475465563,extra_trees_engineered
2025-07-26,1.2727075099638885,False,0.5553551043215371,0.5553551043215371,0.0,0.0,1.0,0.001,-0.001,1.1051331652139125,1.0661692389900974,extra_trees_engineered
2025-07-27,-1.2758768211219684,False,0.5847965357694189,0.5847965357694189,0.0,-0.0,0.0,0.0,-0.0,1.1051331652139125,1.0661692389900974,extra_trees_engineered
2025-07-28,-0.0019742508661990676,True,0.5950986699506248,0.5950986699506248,1.0,-1.9742508661990676e-05,1.0,0.001,-0.0010197425086619907,1.1051113471128255,1.0650820208956715,extra_trees_engineered
2025-07-29,-0.07713643170961237,True,0.5697484854220536,0.5697484854220536,1.0,-0.0007713643170961237,0.0,0.0,-0.0007713643170961237,1.1042589036532446,1.0642604546299719,extra_trees_engineered
2025-07-30,-1.7592832754910526,True,0.5960185935924956,0.5960185935924956,1.0,-0.017592832754910526,0.0,0.0,-0.017592832754910526,1.0848318614431522,1.0455370984440018,extra_trees_engineered
2025-07-31,-2.1062154747402473,True,0.6029543772456717,0.6029543772456717,1.0,-0.021062154747402473,0.0,0.0,-0.021062154747402473,1.0619829649025239,1.023515834282424,extra_trees_engineered
2025-08-01,-0.6999393518263508,True,0.5387027443729467,0.5387027443729467,0.0,-0.0,1.0,0.001,-0.001,1.0619829649025239,1.0224923184481416,extra_trees_engineered
2025-08-02,1.5025363723748075,False,0.555359494295085,0.555359494295085,0.0,0.0,0.0,0.0,0.0,1.0619829649025239,1.0224923184481416,extra_trees_engineered
2025-08-03,0.7478798363486527,False,0.5388462178173725,0.5388462178173725,0.0,0.0,0.0,0.0,0.0,1.0619829649025239,1.0224923184481416,extra_trees_engineered
2025-08-04,-0.8085706753543476,False,0.5176152210257494,0.5176152210257494,0.0,-0.0,0.0,0.0,-0.0,1.0619829649025239,1.0224923184481416,extra_trees_engineered
2025-08-05,0.7767158415357134,True,0.522543017807003,0.522543017807003,0.0,0.0,0.0,0.0,0.0,1.0619829649025239,1.0224923184481416,extra_trees_engineered
2025-08-06,2.1463456180234486,True,0.5250146050570018,0.5250146050570018,0.0,0.0,0.0,0.0,0.0,1.0619829649025239,1.0224923184481416,extra_trees_engineered
2025-08-07,-0.68782400705657,True,0.5052431078850668,0.5052431078850668,0.0,-0.0,0.0,0.0,-0.0,1.0619829649025239,1.0224923184481416,extra_trees_engineered
2025-08-08,-0.16142706587778388,True,0.5376087887589813,0.5376087887589813,0.0,-0.0,0.0,0.0,-0.0,1.0619829649025239,1.0224923184481416,extra_trees_engineered
2025-08-09,2.408918266480664,False,0.5258139757631286,0.5258139757631286,0.0,0.0,0.0,0.0,0.0,1.0619829649025239,1.0224923184481416,extra_trees_engineered
2025-08-10,-0.4822128356753663,True,0.5528960108764314,0.5528960108764314,0.0,-0.0,0.0,0.0,-0.0,1.0619829649025239,1.0224923184481416,extra_trees_engineered
2025-08-11,1.2140515376580119,True,0.6384460867641019,0.6384460867641019,1.0,0.012140515376580119,1.0,0.001,0.011140515376580118,1.074875985417589,1.0338834098442482,extra_trees_engineered
2025-08-12,2.6388279596092357,True,0.602624590452501,0.602624590452501,1.0,0.026388279596092357,0.0,0.0,0.026388279596092357,1.1032401134519136,1.0611658143329796,extra_trees_engineered
2025-08-13,-4.041122267235197,True,0.5823598632345799,0.5823598632345799,1.0,-0.04041122267235197,0.0,0.0,-0.04041122267235197,1.0586568315661375,1.0182828063176819,extra_trees_engineered
2025-08-14,-0.8121240187970669,True,0.6170875582914751,0.6170875582914751,1.0,-0.008121240187970669,0.0,0.0,-0.008121240187970669,1.0500592251603529,1.010013087068295,extra_trees_engineered
2025-08-15,0.07921746665282559,True,0.5617777844500408,0.5617777844500408,1.0,0.0007921746665282559,0.0,0.0,0.0007921746665282559,1.050891055476879,1.0108131938487326,extra_trees_engineered
2025-08-16,-0.032588834829794244,False,0.5659049394733741,0.5659049394733741,0.0,-0.0,1.0,0.001,-0.001,1.050891055476879,1.009802380654884,extra_trees_engineered
2025-08-17,-1.022323279139703,False,0.5644773223617449,0.5644773223617449,0.0,-0.0,0.0,0.0,-0.0,1.050891055476879,1.009802380654884,extra_trees_engineered
2025-08-18,-2.9428514056440758,True,0.5534212599274547,0.5534212599274547,0.0,-0.0,0.0,0.0,-0.0,1.050891055476879,1.009802380654884,extra_trees_engineered
2025-08-19,1.2794003430595335,True,0.5166255249582419,0.5166255249582419,0.0,0.0,0.0,0.0,0.0,1.050891055476879,1.009802380654884,extra_trees_engineered
2025-08-20,-1.623902974513114,True,0.4864174299416521,0.4864174299416521,0.0,-0.0,0.0,0.0,-0.0,1.050891055476879,1.009802380654884,extra_trees_engineered
2025-08-21,3.962900798880531,True,0.4975217423770325,0.4975217423770325,0.0,0.0,0.0,0.0,0.0,1.050891055476879,1.009802380654884,extra_trees_engineered
2025-08-22,-1.2832252765613172,True,0.5311010873262267,0.5311010873262267,0.0,-0.0,0.0,0.0,-0.0,1.050891055476879,1.009802380654884,extra_trees_engineered
2025-08-23,-1.6605933647771742,False,0.5042096379296682,0.5042096379296682,0.0,-0.0,0.0,0.0,-0.0,1.050891055476879,1.009802380654884,extra_trees_engineered
2025-08-24,-2.9385900493979156,True,0.565035120205666,0.565035120205666,1.0,-0.029385900493979156,1.0,0.001,-0.030385900493979157,1.0200096754906227,0.9791186259977214,extra_trees_engineered
2025-08-25,1.5240086898922645,True,0.5105508569514885,0.5105508569514885,0.0,0.0,1.0,0.001,-0.001,1.0200096754906227,0.9781395073717236,extra_trees_engineered
2025-08-26,-0.5193022862549412,True,0.4731412573571373,0.4731412573571373,0.0,-0.0,0.0,0.0,-0.0,1.0200096754906227,0.9781395073717236,extra_trees_engineered
2025-08-27,1.189280397942638,True,0.4954560230058934,0.4954560230058934,0.0,0.0,0.0,0.0,0.0,1.0200096754906227,0.9781395073717236,extra_trees_engineered
2025-08-28,-3.6731759955323295,True,0.4652709939307987,0.4652709939307987,0.0,-0.0,0.0,0.0,-0.0,1.0200096754906227,0.9781395073717236,extra_trees_engineered
2025-08-29,0.3664157476186425,True,0.46771341940221317,0.46771341940221317,0.0,0.0,0.0,0.0,0.0,1.0200096754906227,0.9781395073717236,extra_trees_engineered
2025-08-30,-0.525107534173741,False,0.48908734282895777,0.48908734282895777,0.0,-0.0,0.0,0.0,-0.0,1.0200096754906227,0.9781395073717236,extra_trees_engineered
2025-08-31,0.9367272930950854,False,0.47881424372924153,0.47881424372924153,0.0,0.0,0.0,0.0,0.0,1.0200096754906227,0.9781395073717236,extra_trees_engineered
2025-09-01,1.7848801737061493,True,0.4799799798587294,0.4799799798587294,0.0,0.0,0.0,0.0,0.0,1.0200096754906227,0.9781395073717236,extra_trees_engineered
2025-09-02,0.4699840343410866,True,0.4033892283890695,0.4033892283890695,0.0,0.0,0.0,0.0,0.0,1.0200096754906227,0.9781395073717236,extra_trees_engineered
2025-09-03,-0.8947195185422974,True,0.3762555790709175,0.3762555790709175,0.0,-0.0,0.0,0.0,-0.0,1.0200096754906227,0.9781395073717236,extra_trees_engineered
2025-09-04,-0.06558419928113235,True,0.45218721775481396,0.45218721775481396,0.0,-0.0,0.0,0.0,-0.0,1.0200096754906227,0.9781395073717236,extra_trees_engineered
2025-09-05,-0.38525555367432407,True,0.43238372879886655,0.43238372879886655,0.0,-0.0,0.0,0.0,-0.0,1.0200096754906227,0.9781395073717236,extra_trees_engineered
2025-09-06,0.8554542812086785,False,0.4092968000245266,0.4092968000245266,0.0,0.0,0.0,0.0,0.0,1.0200096754906227,0.9781395073717236,extra_trees_engineered
2025-09-07,0.8130177859939192,False,0.4103383346473638,0.4103383346473638,0.0,0.0,0.0,0.0,0.0,1.0200096754906227,0.9781395073717236,extra_trees_engineered
2025-09-08,-0.4826232823193166,False,0.38796997736252603,0.38796997736252603,0.0,-0.0,0.0,0.0,-0.0,1.0200096754906227,0.9781395073717236,extra_trees_engineered
2025-09-09,2.174124101370767,False,0.4514987489092944,0.4514987489092944,0.0,0.0,0.0,0.0,0.0,1.0200096754906227,0.9781395073717236,extra_trees_engineered
2025-09-10,1.3620945043858246,False,0.49218183245261743,0.49218183245261743,0.0,0.0,0.0,0.0,0.0,1.0200096754906227,0.9781395073717236,extra_trees_engineered
2025-09-11,0.5142859655061782,False,0.524909750319304,0.524909750319304,0.0,0.0,0.0,0.0,0.0,1.0200096754906227,0.9781395073717236,extra_trees_engineered
2025-09-12,-0.13011908618274504,False,0.5517016221446566,0.5517016221446566,0.0,-0.0,0.0,0.0,-0.0,1.0200096754906227,0.9781395073717236,extra_trees_engineered
2025-09-13,-0.46817523505617853,False,0.5707776701075347,0.5707776701075347,0.0,-0.0,0.0,0.0,-0.0,1.0200096754906227,0.9781395073717236,extra_trees_engineered
2025-09-14,0.03224981011604733,False,0.5521577232651576,0.5521577232651576,0.0,0.0,0.0,0.0,0.0,1.0200096754906227,0.9781395073717236,extra_trees_engineered
2025-09-15,1.2112382641498831,False,0.5502992810338202,0.5502992810338202,0.0,0.0,0.0,0.0,0.0,1.0200096754906227,0.9781395073717236,extra_trees_engineered
2025-09-16,-0.32066883445814875,False,0.5437337563087564,0.5437337563087564,0.0,-0.0,0.0,0.0,-0.0,1.0200096754906227,0.9781395073717236,extra_trees_engineered
2025-09-17,0.5741425944741474,True,0.5787292290605668,0.5787292290605668,1.0,0.005741425944741474,1.0,0.001,0.004741425944741474,1.025865985505372,0.9827772834095526,extra_trees_engineered
2025-09-18,-1.2364506846338497,False,0.5740992351095047,0.5740992351095047,0.0,-0.0,1.0,0.001,-0.001,1.025865985505372,0.981794506126143,extra_trees_engineered
2025-09-19,0.028612575730124767,False,0.5340643394433605,0.5340643394433605,0.0,0.0,0.0,0.0,0.0,1.025865985505372,0.981794506126143,extra_trees_engineered
2025-09-20,-0.3593675600818802,False,0.5319455796938717,0.5319455796938717,0.0,-0.0,0.0,0.0,-0.0,1.025865985505372,0.981794506126143,extra_trees_engineered
2025-09-21,-2.218083931492132,False,0.5459663282329195,0.5459663282329195,0.0,-0.0,0.0,0.0,-0.0,1.025865985505372,0.981794506126143,extra_trees_engineered
2025-09-22,-0.651013327573835,True,0.509571487739606,0.509571487739606,0.0,-0.0,0.0,0.0,-0.0,1.025865985505372,0.981794506126143,extra_trees_engineered
2025-09-23,1.1731809832655538,False,0.5068735608011454,0.5068735608011454,0.0,0.0,0.0,0.0,0.0,1.025865985505372,0.981794506126143,extra_trees_engineered
2025-09-24,-3.776048156409062,False,0.48606348846275227,0.48606348846275227,0.0,-0.0,0.0,0.0,-0.0,1.025865985505372,0.981794506126143,extra_trees_engineered
2025-09-25,0.608476284627324,True,0.5224900195312288,0.5224900195312288,0.0,0.0,0.0,0.0,0.0,1.025865985505372,0.981794506126143,extra_trees_engineered
2025-09-26,-0.028148770775293652,True,0.505245328629674,0.505245328629674,0.0,-0.0,0.0,0.0,-0.0,1.025865985505372,0.981794506126143,extra_trees_engineered
2025-09-27,2.225248016477188,False,0.49457149389630645,0.49457149389630645,0.0,0.0,0.0,0.0,0.0,1.025865985505372,0.981794506126143,extra_trees_engineered
2025-09-28,2.031473906432546,False,0.47036890852867425,0.47036890852867425,0.0,0.0,0.0,0.0,0.0,1.025865985505372,0.981794506126143,extra_trees_engineered
2025-09-29,-0.3009577997342028,True,0.4894993894233997,0.4894993894233997,0.0,-0.0,0.0,0.0,-0.0,1.025865985505372,0.981794506126143,extra_trees_engineered
2025-09-30,4.026829179914837,True,0.5581499258375625,0.5581499258375625,0.0,0.0,0.0,0.0,0.0,1.025865985505372,0.981794506126143,extra_trees_engineered
2025-10-01,1.7128920845327356,True,0.5041549189610214,0.5041549189610214,0.0,0.0,0.0,0.0,0.0,1.025865985505372,0.981794506126143,extra_trees_engineered
2025-10-02,1.3136036748664148,True,0.5811710447229456,0.5811710447229456,1.0,0.013136036748664148,1.0,0.001,0.012136036748664147,1.0393417987901752,0.9937096003321264,extra_trees_engineered
2025-10-03,0.1299606980548873,True,0.5614600281392882,0.5614600281392882,1.0,0.001299606980548873,0.0,0.0,0.001299606980548873,1.040692534647059,0.9950010322653565,extra_trees_engineered
2025-10-04,0.8887425412982486,False,0.5821682715616252,0.5821682715616252,0.0,0.0,1.0,0.001,-0.001,1.040692534647059,0.9940060312330912,extra_trees_engineered
2025-10-05,1.0031736794915869,True,0.6439776016119629,0.6439776016119629,1.0,0.010031736794915869,1.0,0.001,0.009031736794915868,1.0511324882390722,1.0029836320797474,extra_trees_engineered
2025-10-06,-2.6461574802715715,True,0.576060703215549,0.576060703215549,1.0,-0.026461574802715715,0.0,0.0,-0.026461574802715715,1.0233178672739693,0.9764431056735696,extra_trees_engineered
2025-10-07,1.567280940669602,True,0.5698853767175743,0.5698853767175743,1.0,0.01567280940669602,0.0,0.0,0.01567280940669602,1.039356133170221,0.9917467123652738,extra_trees_engineered
2025-10-08,-1.3370216251727518,True,0.5168506600473234,0.5168506600473234,0.0,-0.0,1.0,0.001,-0.001,1.039356133170221,0.9907549656529085,extra_trees_engineered
2025-10-09,-6.976852117831744,True,0.5616905712692154,0.5616905712692154,1.0,-0.06976852117831744,1.0,0.001,-0.07076852117831745,0.9668417927813203,0.9206407018835775,extra_trees_engineered
2025-10-10,-2.125599811033263,True,0.48504338321467033,0.48504338321467033,0.0,-0.0,1.0,0.001,-0.001,0.9668417927813203,0.9197200611816939,extra_trees_engineered
2025-10-11,3.9364372838716077,True,0.6209798949019976,0.6209798949019976,1.0,0.03936437283871608,1.0,0.001,0.038364372838716077,1.0049009135884168,0.955004544516115,extra_trees_engineered
2025-10-12,0.0879679657679322,True,0.5085748102604146,0.5085748102604146,0.0,0.0,1.0,0.001,-0.001,1.0049009135884168,0.9540495399715989,extra_trees_engineered
2025-10-13,-1.8672628880645359,True,0.4769700201356422,0.4769700201356422,0.0,-0.0,0.0,0.0,-0.0,1.0049009135884168,0.9540495399715989,extra_trees_engineered
2025-10-14,-2.064646024028005,True,0.4336139836632281,0.4336139836632281,0.0,-0.0,0.0,0.0,-0.0,1.0049009135884168,0.9540495399715989,extra_trees_engineered
2025-10-15,-2.3443318504017374,True,0.47552985253517055,0.47552985253517055,0.0,-0.0,0.0,0.0,-0.0,1.0049009135884168,0.9540495399715989,extra_trees_engineered
2025-10-16,-1.588236351834038,True,0.318253130267389,0.318253130267389,0.0,-0.0,0.0,0.0,-0.0,1.0049009135884168,0.9540495399715989,extra_trees_engineered
2025-10-17,0.6861009972426446,True,0.40071731324299925,0.40071731324299925,0.0,0.0,0.0,0.0,0.0,1.0049009135884168,0.9540495399715989,extra_trees_engineered
2025-10-18,1.3698405510000455,False,0.40315219104509753,0.40315219104509753,0.0,0.0,0.0,0.0,0.0,1.0049009135884168,0.9540495399715989,extra_trees_engineered
2025-10-19,1.768912239467313,False,0.39865019865067125,0.39865019865067125,0.0,0.0,0.0,0.0,0.0,1.0049009135884168,0.9540495399715989,extra_trees_engineered
2025-10-20,-1.9098105646452646,True,0.3997542862105094,0.3997542862105094,0.0,-0.0,0.0,0.0,-0.0,1.0049009135884168,0.9540495399715989,extra_trees_engineered
2025-10-21,-0.7267028792566799,True,0.5388440706697784,0.5388440706697784,0.0,-0.0,0.0,0.0,-0.0,1.0049009135884168,0.9540495399715989,extra_trees_engineered
2025-10-22,2.2111355667553845,True,0.5339146661502145,0.5339146661502145,0.0,0.0,0.0,0.0,0.0,1.0049009135884168,0.9540495399715989,extra_trees_engineered
2025-10-23,0.8759859251149305,False,0.42962300158939937,0.42962300158939937,0.0,0.0,0.0,0.0,0.0,1.0049009135884168,0.9540495399715989,extra_trees_engineered
2025-10-24,0.5474045023684315,False,0.4709540175015154,0.4709540175015154,0.0,0.0,0.0,0.0,0.0,1.0049009135884168,0.9540495399715989,extra_trees_engineered
2025-10-25,2.535538312743024,False,0.46475343326663243,0.46475343326663243,0.0,0.0,0.0,0.0,0.0,1.0049009135884168,0.9540495399715989,extra_trees_engineered
2025-10-26,-0.30847352525406047,False,0.5454257747410566,0.5454257747410566,0.0,-0.0,0.0,0.0,-0.0,1.0049009135884168,0.9540495399715989,extra_trees_engineered
2025-10-27,-1.019252462848308,True,0.5320612425164551,0.5320612425164551,0.0,-0.0,0.0,0.0,-0.0,1.0049009135884168,0.9540495399715989,extra_trees_engineered
2025-10-28,-2.5681284408657135,True,0.4913246114153673,0.4913246114153673,0.0,-0.0,0.0,0.0,-0.0,1.0049009135884168,0.9540495399715989,extra_trees_engineered
2025-10-29,-1.5898895718551742,True,0.47967543500914117,0.47967543500914117,0.0,-0.0,0.0,0.0,-0.0,1.0049009135884168,0.9540495399715989,extra_trees_engineered
2025-10-30,1.1547120379193476,True,0.5266558697151572,0.5266558697151572,0.0,0.0,0.0,0.0,0.0,1.0049009135884168,0.9540495399715989,extra_trees_engineered
2025-10-31,0.4635536182247879,False,0.5278746019654178,0.5278746019654178,0.0,0.0,0.0,0.0,0.0,1.0049009135884168,0.9540495399715989,extra_trees_engineered
2025-11-01,0.5229768982454308,False,0.4919239103835805,0.4919239103835805,0.0,0.0,0.0,0.0,0.0,1.0049009135884168,0.9540495399715989,extra_trees_engineered
2025-11-02,-3.698585893164408,False,0.4916904658547144,0.4916904658547144,0.0,-0.0,0.0,0.0,-0.0,1.0049009135884168,0.9540495399715989,extra_trees_engineered
2025-11-03,-4.652384063068105,True,0.5280554989269932,0.5280554989269932,0.0,-0.0,0.0,0.0,-0.0,1.0049009135884168,0.9540495399715989,extra_trees_engineered
2025-11-04,2.265282648549194,True,0.5648955254745197,0.5648955254745197,1.0,0.02265282648549194,1.0,0.001,0.02165282648549194,1.0276647596190476,0.9747074091191674,extra_trees_engineered
2025-11-05,-2.493503798083263,True,0.5000259337200076,0.5000259337200076,0.0,-0.0,1.0,0.001,-0.001,1.0276647596190476,0.9737327017100482,extra_trees_engineered
2025-11-06,2.0445121741957006,True,0.5177076857851499,0.5177076857851499,0.0,0.0,0.0,0.0,0.0,1.0276647596190476,0.9737327017100482,extra_trees_engineered
2025-11-07,-1.0547196317199026,True,0.5469659158068897,0.5469659158068897,0.0,-0.0,0.0,0.0,-0.0,1.0276647596190476,0.9737327017100482,extra_trees_engineered
2025-11-08,2.383137448193029,False,0.6323136363194792,0.6323136363194792,0.0,0.0,0.0,0.0,0.0,1.0276647596190476,0.9737327017100482,extra_trees_engineered
2025-11-09,1.2194017448672767,False,0.5577317751157174,0.5577317751157174,0.0,0.0,0.0,0.0,0.0,1.0276647596190476,0.9737327017100482,extra_trees_engineered
2025-11-10,-2.829454130454079,True,0.47314107698978497,0.47314107698978497,0.0,-0.0,0.0,0.0,-0.0,1.0276647596190476,0.9737327017100482,extra_trees_engineered
2025-11-11,-1.2954505253314763,True,0.38263886886474446,0.38263886886474446,0.0,-0.0,0.0,0.0,-0.0,1.0276647596190476,0.9737327017100482,extra_trees_engineered
2025-11-12,-1.933536967351135,True,0.34731742238907204,0.34731742238907204,0.0,-0.0,0.0,0.0,-0.0,1.0276647596190476,0.9737327017100482,extra_trees_engineered
2025-11-13,-5.315783786249007,True,0.4210012317980525,0.4210012317980525,0.0,-0.0,0.0,0.0,-0.0,1.0276647596190476,0.9737327017100482,extra_trees_engineered
2025-11-14,1.2196889211437911,True,0.5113381513313762,0.5113381513313762,0.0,0.0,0.0,0.0,0.0,1.0276647596190476,0.9737327017100482,extra_trees_engineered
2025-11-15,-1.435983820826503,False,0.5078962690619401,0.5078962690619401,0.0,-0.0,0.0,0.0,-0.0,1.0276647596190476,0.9737327017100482,extra_trees_engineered
2025-11-16,-2.212006537551514,True,0.5268002884668429,0.5268002884668429,0.0,-0.0,0.0,0.0,-0.0,1.0276647596190476,0.9737327017100482,extra_trees_engineered
2025-11-17,0.9284005043766586,True,0.5564696283906148,0.5564696283906148,0.0,0.0,0.0,0.0,0.0,1.0276647596190476,0.9737327017100482,extra_trees_engineered
2025-11-18,-1.5953746750565823,True,0.5613543753265032,0.5613543753265032,1.0,-0.015953746750565823,1.0,0.001,-0.016953746750565823,1.0112696562996042,0.9572242840825118,extra_trees_engineered
2025-11-19,-5.28512689185111,True,0.5423065009544912,0.5423065009544912,0.0,-0.0,1.0,0.001,-0.001,1.0112696562996042,0.9562670597984293,extra_trees_engineered
2025-11-20,-1.7790340109098413,True,0.562067891712439,0.562067891712439,1.0,-0.017790340109098413,1.0,0.001,-0.018790340109098413,0.9932788251720231,0.9382984765096892,extra_trees_engineered
2025-11-21,-0.5198314151592665,True,0.5412239918996081,0.5412239918996081,0.0,-0.0,1.0,0.001,-0.001,0.9932788251720231,0.9373601780331795,extra_trees_engineered
2025-11-22,2.5477734635657168,False,0.5328079444306645,0.5328079444306645,0.0,0.0,0.0,0.0,0.0,0.9932788251720231,0.9373601780331795,extra_trees_engineered
2025-11-23,1.688329653360121,False,0.5084378684173415,0.5084378684173415,0.0,0.0,0.0,0.0,0.0,0.9932788251720231,0.9373601780331795,extra_trees_engineered
2025-11-24,-1.0520742688141405,True,0.4972174250158731,0.4972174250158731,0.0,-0.0,0.0,0.0,-0.0,0.9932788251720231,0.9373601780331795,extra_trees_engineered
2025-11-25,3.636830551491177,False,0.5027143678509561,0.5027143678509561,0.0,0.0,0.0,0.0,0.0,0.9932788251720231,0.9373601780331795,extra_trees_engineered
2025-11-26,0.8473504729832548,True,0.45798246895654277,0.45798246895654277,0.0,0.0,0.0,0.0,0.0,0.9932788251720231,0.9373601780331795,extra_trees_engineered
2025-11-27,-0.40106027389381627,False,0.4561730564807779,0.4561730564807779,0.0,-0.0,0.0,0.0,-0.0,0.9932788251720231,0.9373601780331795,extra_trees_engineered
2025-11-28,-0.07425028351905061,False,0.359669197128756,0.359669197128756,0.0,-0.0,0.0,0.0,-0.0,0.9932788251720231,0.9373601780331795,extra_trees_engineered
2025-11-29,-0.5035073877646679,False,0.37239322778398454,0.37239322778398454,0.0,-0.0,0.0,0.0,-0.0,0.9932788251720231,0.9373601780331795,extra_trees_engineered
2025-11-30,-4.505529247207896,False,0.3714558403580934,0.3714558403580934,0.0,-0.0,0.0,0.0,-0.0,0.9932788251720231,0.9373601780331795,extra_trees_engineered
2025-12-01,5.825464938016567,True,0.3800267953871394,0.3800267953871394,0.0,0.0,0.0,0.0,0.0,0.9932788251720231,0.9373601780331795,extra_trees_engineered
2025-12-02,2.3837949867722363,True,0.40952070694038584,0.40952070694038584,0.0,0.0,0.0,0.0,0.0,0.9932788251720231,0.9373601780331795,extra_trees_engineered
2025-12-03,-1.482104377550164,True,0.4203000799946349,0.4203000799946349,0.0,-0.0,0.0,0.0,-0.0,0.9932788251720231,0.9373601780331795,extra_trees_engineered
2025-12-04,-2.9887330373216225,False,0.4551311932408253,0.4551311932408253,0.0,-0.0,0.0,0.0,-0.0,0.9932788251720231,0.9373601780331795,extra_trees_engineered
2025-12-05,-0.12908122468182626,False,0.478870300735901,0.478870300735901,0.0,-0.0,0.0,0.0,-0.0,0.9932788251720231,0.9373601780331795,extra_trees_engineered
2025-12-06,1.2694471554050235,False,0.4864045269021663,0.4864045269021663,0.0,0.0,0.0,0.0,0.0,0.9932788251720231,0.9373601780331795,extra_trees_engineered
2025-12-07,0.25945560296725123,False,0.5011559788197457,0.5011559788197457,0.0,0.0,0.0,0.0,0.0,0.9932788251720231,0.9373601780331795,extra_trees_engineered
2025-12-08,2.2633530616329445,False,0.4990747629022667,0.4990747629022667,0.0,0.0,0.0,0.0,0.0,0.9932788251720231,0.9373601780331795,extra_trees_engineered
2025-12-09,-0.7236522211271801,False,0.4515809693424777,0.4515809693424777,0.0,-0.0,0.0,0.0,-0.0,0.9932788251720231,0.9373601780331795,extra_trees_engineered
2025-12-10,0.5329119618741718,False,0.4886299121595717,0.4886299121595717,0.0,0.0,0.0,0.0,0.0,0.9932788251720231,0.9373601780331795,extra_trees_engineered
2025-12-11,-2.422321386120674,False,0.3828527679497638,0.3828527679497638,0.0,-0.0,0.0,0.0,-0.0,0.9932788251720231,0.9373601780331795,extra_trees_engineered
2025-12-12,0.03134678764229459,True,0.46430981757567535,0.46430981757567535,0.0,0.0,0.0,0.0,0.0,0.9932788251720231,0.9373601780331795,extra_trees_engineered
2025-12-13,-2.3516739363752315,False,0.5106500641134437,0.5106500641134437,0.0,-0.0,0.0,0.0,-0.0,0.9932788251720231,0.9373601780331795,extra_trees_engineered
2025-12-14,-1.9908078936967,False,0.4806953871066767,0.4806953871066767,0.0,-0.0,0.0,0.0,-0.0,0.9932788251720231,0.9373601780331795,extra_trees_engineered
2025-12-15,1.6480059361409172,False,0.42947730174175286,0.42947730174175286,0.0,0.0,0.0,0.0,0.0,0.9932788251720231,0.9373601780331795,extra_trees_engineered
2025-12-16,-1.935507109105894,False,0.4667349714797213,0.4667349714797213,0.0,-0.0,0.0,0.0,-0.0,0.9932788251720231,0.9373601780331795,extra_trees_engineered
2025-12-17,-0.7908292107279613,False,0.4068221844617893,0.4068221844617893,0.0,-0.0,0.0,0.0,-0.0,0.9932788251720231,0.9373601780331795,extra_trees_engineered
2025-12-18,3.090097713717843,False,0.533471749854751,0.533471749854751,0.0,0.0,0.0,0.0,0.0,0.9932788251720231,0.9373601780331795,extra_trees_engineered
2025-12-19,0.2731077738661547,False,0.3932723890179918,0.3932723890179918,0.0,0.0,0.0,0.0,0.0,0.9932788251720231,0.9373601780331795,extra_trees_engineered
2025-12-20,0.3143959974644561,False,0.4089143866740817,0.4089143866740817,0.0,0.0,0.0,0.0,0.0,0.9932788251720231,0.9373601780331795,extra_trees_engineered
2025-12-21,-0.14864790528285043,False,0.3973048733166501,0.3973048733166501,0.0,-0.0,0.0,0.0,-0.0,0.9932788251720231,0.9373601780331795,extra_trees_engineered
2025-12-22,-1.215974047919599,False,0.4078939942110218,0.4078939942110218,0.0,-0.0,0.0,0.0,-0.0,0.9932788251720231,0.9373601780331795,extra_trees_engineered
2025-12-23,0.22646365284737513,False,0.36750845903492413,0.36750845903492413,0.0,0.0,0.0,0.0,0.0,0.9932788251720231,0.9373601780331795,extra_trees_engineered
2025-12-24,-0.43055622310417263,False,0.40098823684347473,0.40098823684347473,0.0,-0.0,0.0,0.0,-0.0,0.9932788251720231,0.9373601780331795,extra_trees_engineered
2025-12-25,0.07644603322913834,False,0.3726875367049001,0.3726875367049001,0.0,0.0,0.0,0.0,0.0,0.9932788251720231,0.9373601780331795,extra_trees_engineered
2025-12-26,0.5735605525503784,False,0.37051823826463437,0.37051823826463437,0.0,0.0,0.0,0.0,0.0,0.9932788251720231,0.9373601780331795,extra_trees_engineered
2025-12-27,0.038358610925337544,False,0.34175790881206547,0.34175790881206547,0.0,0.0,0.0,0.0,0.0,0.9932788251720231,0.9373601780331795,extra_trees_engineered
2025-12-28,-0.7943173820266769,False,0.33410421653600497,0.33410421653600497,0.0,-0.0,0.0,0.0,-0.0,0.9932788251720231,0.9373601780331795,extra_trees_engineered
2025-12-29,1.4826942349620564,False,0.5285878879660552,0.5285878879660552,0.0,0.0,0.0,0.0,0.0,0.9932788251720231,0.9373601780331795,extra_trees_engineered
2025-12-30,-1.041844740246467,False,0.39406230627583555,0.39406230627583555,0.0,-0.0,0.0,0.0,-0.0,0.9932788251720231,0.9373601780331795,extra_trees_engineered
2025-12-31,1.3977518339667538,False,0.5313123096743803,0.5313123096743803,0.0,0.0,0.0,0.0,0.0,0.9932788251720231,0.9373601780331795,extra_trees_engineered
2026-01-01,1.3667122921255048,False,0.4788666887506905,0.4788666887506905,0.0,0.0,0.0,0.0,0.0,0.9932788251720231,0.9373601780331795,extra_trees_engineered
2026-01-02,0.7321078638514056,False,0.5553418341424713,0.5553418341424713,0.0,0.0,0.0,0.0,0.0,0.9932788251720231,0.9373601780331795,extra_trees_engineered
2026-01-03,0.8943445698309516,False,0.5666680424230385,0.5666680424230385,0.0,0.0,0.0,0.0,0.0,0.9932788251720231,0.9373601780331795,extra_trees_engineered
2026-01-04,2.7009825802690735,False,0.5688601695099026,0.5688601695099026,0.0,0.0,0.0,0.0,0.0,0.9932788251720231,0.9373601780331795,extra_trees_engineered
2026-01-05,-0.16352711961346023,False,0.44961931254030657,0.44961931254030657,0.0,-0.0,0.0,0.0,-0.0,0.9932788251720231,0.9373601780331795,extra_trees_engineered
2026-01-06,-2.5829527204251357,False,0.5130767531547046,0.5130767531547046,0.0,-0.0,0.0,0.0,-0.0,0.9932788251720231,0.9373601780331795,extra_trees_engineered
2026-01-07,-0.3076724046541912,False,0.40397571327705184,0.40397571327705184,0.0,-0.0,0.0,0.0,-0.0,0.9932788251720231,0.9373601780331795,extra_trees_engineered
2026-01-08,-0.5646925984974294,False,0.4999819255199162,0.4999819255199162,0.0,-0.0,0.0,0.0,-0.0,0.9932788251720231,0.9373601780331795,extra_trees_engineered
2026-01-09,-0.1397069847536736,False,0.33752837132776475,0.33752837132776475,0.0,-0.0,0.0,0.0,-0.0,0.9932788251720231,0.9373601780331795,extra_trees_engineered
2026-01-10,0.48769647688045037,False,0.3345024889244695,0.3345024889244695,0.0,0.0,0.0,0.0,0.0,0.9932788251720231,0.9373601780331795,extra_trees_engineered
2026-01-11,0.4024457429802286,False,0.3631253332406803,0.3631253332406803,0.0,0.0,0.0,0.0,0.0,0.9932788251720231,0.9373601780331795,extra_trees_engineered
2026-01-12,4.527528885126264,False,0.4011513422771775,0.4011513422771775,0.0,0.0,0.0,0.0,0.0,0.9932788251720231,0.9373601780331795,extra_trees_engineered
2026-01-13,1.6864423365986925,False,0.5229960682578336,0.5229960682578336,0.0,0.0,0.0,0.0,0.0,0.9932788251720231,0.9373601780331795,extra_trees_engineered
2026-01-14,-1.421799419905967,False,0.387411691780175,0.387411691780175,0.0,-0.0,0.0,0.0,-0.0,0.9932788251720231,0.9373601780331795,extra_trees_engineered
2026-01-15,-0.027284132392391136,False,0.3660879079377255,0.3660879079377255,0.0,-0.0,0.0,0.0,-0.0,0.9932788251720231,0.9373601780331795,extra_trees_engineered
2026-01-16,-0.4451136256293897,False,0.4779963251271235,0.4779963251271235,0.0,-0.0,0.0,0.0,-0.0,0.9932788251720231,0.9373601780331795,extra_trees_engineered
2026-01-17,-1.541002514624834,False,0.4541704956714941,0.4541704956714941,0.0,-0.0,0.0,0.0,-0.0,0.9932788251720231,0.9373601780331795,extra_trees_engineered
2026-01-18,-1.1543146480490485,False,0.45689969923800905,0.45689969923800905,0.0,-0.0,0.0,0.0,-0.0,0.9932788251720231,0.9373601780331795,extra_trees_engineered
2026-01-19,-4.584033237499218,False,0.5649977322883349,0.5649977322883349,0.0,-0.0,0.0,0.0,-0.0,0.9932788251720231,0.9373601780331795,extra_trees_engineered
2026-01-20,1.2071608510981546,False,0.40991138804510063,0.40991138804510063,0.0,0.0,0.0,0.0,0.0,0.9932788251720231,0.9373601780331795,extra_trees_engineered
2026-01-21,0.0956534957143873,False,0.41766636010823577,0.41766636010823577,0.0,0.0,0.0,0.0,0.0,0.9932788251720231,0.9373601780331795,extra_trees_engineered
2026-01-22,0.04630084862766726,False,0.3611039458067338,0.3611039458067338,0.0,0.0,0.0,0.0,0.0,0.9932788251720231,0.9373601780331795,extra_trees_engineered
2026-01-23,-0.439244250598092,False,0.2859424593025562,0.2859424593025562,0.0,-0.0,0.0,0.0,-0.0,0.9932788251720231,0.9373601780331795,extra_trees_engineered
2026-01-24,-2.8487203509257375,False,0.2664034926255044,0.2664034926255044,0.0,-0.0,0.0,0.0,-0.0,0.9932788251720231,0.9373601780331795,extra_trees_engineered
2026-01-25,1.9578126787931138,False,0.3433897002530137,0.3433897002530137,0.0,0.0,0.0,0.0,0.0,0.9932788251720231,0.9373601780331795,extra_trees_engineered
2026-01-26,0.9464787027023913,False,0.26885413378061146,0.26885413378061146,0.0,0.0,0.0,0.0,0.0,0.9932788251720231,0.9373601780331795,extra_trees_engineered
2026-01-27,0.09202877056453396,False,0.2566644877457829,0.2566644877457829,0.0,0.0,0.0,0.0,0.0,0.9932788251720231,0.9373601780331795,extra_trees_engineered
2026-01-28,-5.183614563372574,False,0.26465984017459815,0.26465984017459815,0.0,-0.0,0.0,0.0,-0.0,0.9932788251720231,0.9373601780331795,extra_trees_engineered
2026-01-29,-0.5119696877728619,False,0.32216617632526573,0.32216617632526573,0.0,-0.0,0.0,0.0,-0.0,0.9932788251720231,0.9373601780331795,extra_trees_engineered
2026-01-30,-6.546567255435032,True,0.614480825176674,0.614480825176674,1.0,-0.06546567255435032,1.0,0.001,-0.06646567255435032,0.9282531588481417,0.8750579033745387,extra_trees_engineered
2026-01-31,-2.094439679701987,True,0.7014686071590771,0.7014686071590771,1.0,-0.02094439679701987,0.0,0.0,-0.02094439679701987,0.9088114563611391,0.856730343425894,extra_trees_engineered
2026-02-01,2.2271291537603544,False,0.6183650938250679,0.6183650938250679,0.0,0.0,1.0,0.001,-0.001,0.9088114563611391,0.8558736130824681,extra_trees_engineered
2026-02-02,-3.882661934945053,True,0.5917128519174036,0.5917128519174036,1.0,-0.03882661934945053,1.0,0.001,-0.03982661934945053,0.8735253798845855,0.8217870604829938,extra_trees_engineered
2026-02-03,-3.455931736640505,True,0.6281137406640576,0.6281137406640576,1.0,-0.03455931736640505,0.0,0.0,-0.03455931736640505,0.8433369390535446,0.7933866606521569,extra_trees_engineered
2026-02-04,-14.129892381358545,True,0.6272549361111417,0.6272549361111417,1.0,-0.14129892381358544,0.0,0.0,-0.14129892381358544,0.7241743371530355,0.6812819793339528,extra_trees_engineered
2026-02-05,12.524769126232261,True,0.7043735471018431,0.7043735471018431,1.0,0.1252476912623226,0.0,0.0,0.1252476912623226,0.814875500952876,0.7666109743441558,extra_trees_engineered
2026-02-06,-1.8048541205989532,True,0.3427433800248042,0.3427433800248042,0.0,-0.0,1.0,0.001,-0.001,0.814875500952876,0.7658443633698117,extra_trees_engineered
2026-02-07,1.4184900201757111,False,0.4402480646746657,0.4402480646746657,0.0,0.0,0.0,0.0,0.0,0.814875500952876,0.7658443633698117,extra_trees_engineered
2026-02-08,-0.20486141417196402,False,0.4196614666656458,0.4196614666656458,0.0,-0.0,0.0,0.0,-0.0,0.814875500952876,0.7658443633698117,extra_trees_engineered
2026-02-09,-1.8921927121284043,False,0.309676719323431,0.309676719323431,0.0,-0.0,0.0,0.0,-0.0,0.814875500952876,0.7658443633698117,extra_trees_engineered
2026-02-10,-2.619404614799148,False,0.4905939028914502,0.4905939028914502,0.0,-0.0,0.0,0.0,-0.0,0.814875500952876,0.7658443633698117,extra_trees_engineered
2026-02-11,-1.1495780977477277,False,0.4634151642899413,0.4634151642899413,0.0,-0.0,0.0,0.0,-0.0,0.814875500952876,0.7658443633698117,extra_trees_engineered
2026-02-12,3.9805596623848194,False,0.5239763518666767,0.5239763518666767,0.0,0.0,0.0,0.0,0.0,0.814875500952876,0.7658443633698117,extra_trees_engineered
2026-02-13,1.3212456278809848,False,0.4593352439382595,0.4593352439382595,0.0,0.0,0.0,0.0,0.0,0.814875500952876,0.7658443633698117,extra_trees_engineered
2026-02-14,-1.4038567315427408,False,0.46154565298867634,0.46154565298867634,0.0,-0.0,0.0,0.0,-0.0,0.814875500952876,0.7658443633698117,extra_trees_engineered
2026-02-15,0.0799101589935125,False,0.4796186681543437,0.4796186681543437,0.0,0.0,0.0,0.0,0.0,0.814875500952876,0.7658443633698117,extra_trees_engineered
2026-02-16,-1.9594358734823403,False,0.4662836629197205,0.4662836629197205,0.0,-0.0,0.0,0.0,-0.0,0.814875500952876,0.7658443633698117,extra_trees_engineered
2026-02-17,-1.5836888807606253,False,0.5432229337025546,0.5432229337025546,0.0,-0.0,0.0,0.0,-0.0,0.814875500952876,0.7658443633698117,extra_trees_engineered
2026-02-18,0.8012052068341324,False,0.5067200029003546,0.5067200029003546,0.0,0.0,0.0,0.0,0.0,0.814875500952876,0.7658443633698117,extra_trees_engineered
2026-02-19,1.5650197075734784,False,0.5130079937688468,0.5130079937688468,0.0,0.0,0.0,0.0,0.0,0.814875500952876,0.7658443633698117,extra_trees_engineered
2026-02-20,-0.002435467576455963,False,0.48212868088499805,0.48212868088499805,0.0,-0.0,0.0,0.0,-0.0,0.814875500952876,0.7658443633698117,extra_trees_engineered
2026-02-21,-0.5064057803784272,False,0.45254589193791483,0.45254589193791483,0.0,-0.0,0.0,0.0,-0.0,0.814875500952876,0.7658443633698117,extra_trees_engineered
2026-02-22,-4.497014110892317,False,0.49231553041112563,0.49231553041112563,0.0,-0.0,0.0,0.0,-0.0,0.814875500952876,0.7658443633698117,extra_trees_engineered
2026-02-23,-0.8305824880296298,False,0.43246714581479884,0.43246714581479884,0.0,-0.0,0.0,0.0,-0.0,0.814875500952876,0.7658443633698117,extra_trees_engineered
2026-02-24,6.055055289432643,False,0.3199401279816887,0.3199401279816887,0.0,0.0,0.0,0.0,0.0,0.814875500952876,0.7658443633698117,extra_trees_engineered
2026-02-25,-0.7450715585058165,False,0.371519134765834,0.371519134765834,0.0,-0.0,0.0,0.0,-0.0,0.814875500952876,0.7658443633698117,extra_trees_engineered
2026-02-26,-2.3304501473983996,False,0.3763128910215854,0.3763128910215854,0.0,-0.0,0.0,0.0,-0.0,0.814875500952876,0.7658443633698117,extra_trees_engineered
2026-02-27,1.6910019957618205,False,0.3571861892415037,0.3571861892415037,0.0,0.0,0.0,0.0,0.0,0.814875500952876,0.7658443633698117,extra_trees_engineered
2026-02-28,-1.8773664883674046,False,0.45210923400369696,0.45210923400369696,0.0,-0.0,0.0,0.0,-0.0,0.814875500952876,0.7658443633698117,extra_trees_engineered
2026-03-01,4.620988327616793,False,0.46415452718795186,0.46415452718795186,0.0,0.0,0.0,0.0,0.0,0.814875500952876,0.7658443633698117,extra_trees_engineered
2026-03-02,-0.7011227255569463,False,0.4788069171797545,0.4788069171797545,0.0,-0.0,0.0,0.0,-0.0,0.814875500952876,0.7658443633698117,extra_trees_engineered
2026-03-03,6.467555605177866,False,0.5071637729640486,0.5071637729640486,0.0,0.0,0.0,0.0,0.0,0.814875500952876,0.7658443633698117,extra_trees_engineered
2026-03-04,-2.5710882421896564,True,0.5405601768597998,0.5405601768597998,0.0,-0.0,0.0,0.0,-0.0,0.814875500952876,0.7658443633698117,extra_trees_engineered
2026-03-05,-3.8178851796890623,False,0.5337477509947057,0.5337477509947057,0.0,-0.0,0.0,0.0,-0.0,0.814875500952876,0.7658443633698117,extra_trees_engineered
2026-03-06,-1.267893913767526,False,0.48774682208204395,0.48774682208204395,0.0,-0.0,0.0,0.0,-0.0,0.814875500952876,0.7658443633698117,extra_trees_engineered
2026-03-07,-1.936617019467901,False,0.4944514497510242,0.4944514497510242,0.0,-0.0,0.0,0.0,-0.0,0.814875500952876,0.7658443633698117,extra_trees_engineered
2026-03-08,3.6874482776915407,False,0.5064387484520767,0.5064387484520767,0.0,0.0,0.0,0.0,0.0,0.814875500952876,0.7658443633698117,extra_trees_engineered
2026-03-09,2.228780635725758,False,0.4912776402266613,0.4912776402266613,0.0,0.0,0.0,0.0,0.0,0.814875500952876,0.7658443633698117,extra_trees_engineered
2026-03-10,0.3975020350486469,False,0.4149288193645236,0.4149288193645236,0.0,0.0,0.0,0.0,0.0,0.814875500952876,0.7658443633698117,extra_trees_engineered
2026-03-11,0.4110513591636167,False,0.47982562990333616,0.47982562990333616,0.0,0.0,0.0,0.0,0.0,0.814875500952876,0.7658443633698117,extra_trees_engineered
2026-03-12,0.6735442992662266,False,0.4708795771033195,0.4708795771033195,0.0,0.0,0.0,0.0,0.0,0.814875500952876,0.7658443633698117,extra_trees_engineered
2026-03-13,0.34714019404360474,False,0.533348144825168,0.533348144825168,0.0,0.0,0.0,0.0,0.0,0.814875500952876,0.7658443633698117,extra_trees_engineered
2026-03-14,2.212030271169718,False,0.49435740458655786,0.49435740458655786,0.0,0.0,0.0,0.0,0.0,0.814875500952876,0.7658443633698117,extra_trees_engineered
2026-03-17,-3.62122396594321,False,0.5596527700740673,0.5596527700740673,0.0,-0.0,0.0,0.0,-0.0,0.814875500952876,0.7658443633698117,extra_trees_engineered
2026-03-18,-1.8706972384470388,False,0.5821276853685828,0.5821276853685828,0.0,-0.0,0.0,0.0,-0.0,0.814875500952876,0.7658443633698117,extra_trees_engineered
2026-03-19,0.8722250723753211,False,0.5355952559202564,0.5355952559202564,0.0,0.0,0.0,0.0,0.0,0.814875500952876,0.7658443633698117,extra_trees_engineered
2026-03-20,-2.5680602546325204,False,0.5285038256208199,0.5285038256208199,0.0,-0.0,0.0,0.0,-0.0,0.814875500952876,0.7658443633698117,extra_trees_engineered
2026-03-21,-1.2607965253281006,False,0.4994237304069443,0.4994237304069443,0.0,-0.0,0.0,0.0,-0.0,0.814875500952876,0.7658443633698117,extra_trees_engineered
2026-03-22,4.524488014825101,False,0.5135568495659222,0.5135568495659222,0.0,0.0,0.0,0.0,0.0,0.814875500952876,0.7658443633698117,extra_trees_engineered
2026-03-23,-0.5598262529164066,False,0.5286838298086447,0.5286838298086447,0.0,-0.0,0.0,0.0,-0.0,0.814875500952876,0.7658443633698117,extra_trees_engineered
2026-03-24,1.1231529778693128,False,0.5297287155324137,0.5297287155324137,0.0,0.0,0.0,0.0,0.0,0.814875500952876,0.7658443633698117,extra_trees_engineered
2026-03-25,-3.531428903229905,False,0.5164720653348533,0.5164720653348533,0.0,-0.0,0.0,0.0,-0.0,0.814875500952876,0.7658443633698117,extra_trees_engineered
2026-03-26,-3.5662044616623034,False,0.5098302264379768,0.5098302264379768,0.0,-0.0,0.0,0.0,-0.0,0.814875500952876,0.7658443633698117,extra_trees_engineered
2026-03-27,-0.02815819275042708,False,0.5354419961730648,0.5354419961730648,0.0,-0.0,0.0,0.0,-0.0,0.814875500952876,0.7658443633698117,extra_trees_engineered
2026-03-28,-0.5500227885263609,False,0.5153338224265835,0.5153338224265835,0.0,-0.0,0.0,0.0,-0.0,0.814875500952876,0.7658443633698117,extra_trees_engineered
2026-03-29,1.116707315484189,False,0.49041232084192204,0.49041232084192204,0.0,0.0,0.0,0.0,0.0,0.814875500952876,0.7658443633698117,extra_trees_engineered
2026-03-30,2.311941479563351,False,0.47639817647161237,0.47639817647161237,0.0,0.0,0.0,0.0,0.0,0.814875500952876,0.7658443633698117,extra_trees_engineered
2026-03-31,-0.22680682914228978,False,0.3367907339527058,0.3367907339527058,0.0,-0.0,0.0,0.0,-0.0,0.814875500952876,0.7658443633698117,extra_trees_engineered
2026-04-01,-1.7479577533077273,False,0.410691426710021,0.410691426710021,0.0,-0.0,0.0,0.0,-0.0,0.814875500952876,0.7658443633698117,extra_trees_engineered
2026-04-02,0.06358522809097877,False,0.32267541062120675,0.32267541062120675,0.0,0.0,0.0,0.0,0.0,0.814875500952876,0.7658443633698117,extra_trees_engineered
2026-04-03,0.5369911059425414,False,0.4168637307814484,0.4168637307814484,0.0,0.0,0.0,0.0,0.0,0.814875500952876,0.7658443633698117,extra_trees_engineered
2026-04-04,2.513553056906015,False,0.4179486094123126,0.4179486094123126,0.0,0.0,0.0,0.0,0.0,0.814875500952876,0.7658443633698117,extra_trees_engineered
2026-04-05,-0.17695992030517527,False,0.4829473378737533,0.4829473378737533,0.0,-0.0,0.0,0.0,-0.0,0.814875500952876,0.7658443633698117,extra_trees_engineered
2026-04-06,4.474125312086663,False,0.5091817373137496,0.5091817373137496,0.0,0.0,0.0,0.0,0.0,0.814875500952876,0.7658443633698117,extra_trees_engineered
2026-04-07,-1.1361353371537541,False,0.5904608192755425,0.5904608192755425,0.0,-0.0,0.0,0.0,-0.0,0.814875500952876,0.7658443633698117,extra_trees_engineered
2026-04-08,0.9061281070850802,False,0.5607113464486155,0.5607113464486155,0.0,0.0,0.0,0.0,0.0,0.814875500952876,0.7658443633698117,extra_trees_engineered
2026-04-09,1.6876904061948084,False,0.5096427647628787,0.5096427647628787,0.0,0.0,0.0,0.0,0.0,0.814875500952876,0.7658443633698117,extra_trees_engineered
2026-04-10,0.10307967248304184,False,0.5420515634176208,0.5420515634176208,0.0,0.0,0.0,0.0,0.0,0.814875500952876,0.7658443633698117,extra_trees_engineered
2026-04-11,-3.1495312720733026,False,0.5297789802080589,0.5297789802080589,0.0,-0.0,0.0,0.0,-0.0,0.814875500952876,0.7658443633698117,extra_trees_engineered
2026-04-12,5.273575609654846,False,0.5314302509481338,0.5314302509481338,0.0,0.0,0.0,0.0,0.0,0.814875500952876,0.7658443633698117,extra_trees_engineered
2026-04-13,-0.40683723175310993,False,0.5505874046263715,0.5505874046263715,0.0,-0.0,0.0,0.0,-0.0,0.814875500952876,0.7658443633698117,extra_trees_engineered
2026-04-14,0.8404626904874313,False,0.42528999562856534,0.42528999562856534,0.0,0.0,0.0,0.0,0.0,0.814875500952876,0.7658443633698117,extra_trees_engineered
2026-04-15,0.4639453579876829,False,0.5286930010953819,0.5286930010953819,0.0,0.0,0.0,0.0,0.0,0.814875500952876,0.7658443633698117,extra_trees_engineered
2026-04-16,2.627659540184779,False,0.5953029413706244,0.5953029413706244,0.0,0.0,0.0,0.0,0.0,0.814875500952876,0.7658443633698117,extra_trees_engineered
2026-04-17,-1.8950106561428814,False,0.49423923581065515,0.49423923581065515,0.0,-0.0,0.0,0.0,-0.0,0.814875500952876,0.7658443633698117,extra_trees_engineered
